fetched_at_cst,updated_at_cst,land,ride_id,ride,is_open,wait_time
2026-09-19 09:03,2026-09-19 09:02,Adventure Isle,3893,Challenge Trails at Camp Discovery,0,0
2026-09-19 09:03,2026-09-19 09:02,Adventure Isle,16370,Junior Explorers Camp,1,5
2026-09-19 09:03,2026-09-19 09:02,Adventure Isle,2986,Roaring Rapids,1,10
2026-09-19 09:03,2026-09-19 09:02,Adventure Isle,3002,Soaring Over the Horizon,1,10
2026-09-19 09:03,2026-09-19 09:02,Adventure Isle,3901,Vista Trail at Camp Discovery,0,0
2026-09-19 09:03,2026-09-19 09:02,Fantasyland,3080,“Once Upon a Time” Adventure,0,0
2026-09-19 09:03,2026-09-19 09:02,Fantasyland,2987,Alice in Wonderland Maze,1,5
2026-09-19 09:03,2026-09-19 09:02,Fantasyland,2988,Hunny Pot Spin,1,5
2026-09-19 09:03,2026-09-19 09:02,Fantasyland,2989,Peter Pan’s Flight,1,5
2026-09-19 09:03,2026-09-19 09:02,Fantasyland,2990,Seven Dwarfs Mine Train,1,30
2026-09-19 09:03,2026-09-19 09:02,Fantasyland,13818,Seven Dwarfs Mine Train Single Rider,1,0
2026-09-19 09:03,2026-09-19 09:02,Fantasyland,2991,The Many Adventures of Winnie the Pooh,1,5
2026-09-19 09:03,2026-09-19 09:02,Fantasyland,2992,Voyage to the Crystal Grotto,0,0
2026-09-19 09:03,2026-09-19 09:02,Gardens of Imagination,3896,Become Iron Man at the Marvel Universe,0,0
2026-09-19 09:03,2026-09-19 09:02,Gardens of Imagination,2993,Dumbo the Flying Elephant,1,5
2026-09-19 09:03,2026-09-19 09:02,Gardens of Imagination,2994,Fantasia Carousel,1,5
2026-09-19 09:03,2026-09-19 09:02,Gardens of Imagination,3082,Marvel Universe,0,0
2026-09-19 09:03,2026-09-19 09:02,Tomorrowland,2999,Buzz Lightyear Planet Rescue,1,5
2026-09-19 09:03,2026-09-19 09:02,Tomorrowland,3000,Jet Packs,1,5
2026-09-19 09:03,2026-09-19 09:02,Tomorrowland,16392,Pixar Adventurous Journey,0,0
2026-09-19 09:03,2026-09-19 09:02,Tomorrowland,3001,Space Chat With Stitch,0,0
2026-09-19 09:03,2026-09-19 09:02,Tomorrowland,2985,TRON Lightcycle Power Run – Presented by Chevrolet,1,40
2026-09-19 09:03,2026-09-19 09:02,Tomorrowland,4076,"TRON Realm, Chevrolet Digital Challenge",0,0
2026-09-19 09:03,2026-09-19 09:02,Toy Story Land,5633,Rex’s Racer,1,5
2026-09-19 09:03,2026-09-19 09:02,Toy Story Land,5634,Slinky Dog Spin,1,5
2026-09-19 09:03,2026-09-19 09:02,Toy Story Land,5635,Woody’s Roundup,1,5
2026-09-19 09:03,2026-09-19 09:02,Treasure Cove,2995,Explorer Canoes,0,0
2026-09-19 09:03,2026-09-19 09:02,Treasure Cove,2996,Pirates of the Caribbean Battle for the Sunken Treasure,1,5
2026-09-19 09:03,2026-09-19 09:02,Treasure Cove,2997,Shipwreck Shore,1,5
2026-09-19 09:03,2026-09-19 09:02,Treasure Cove,2998,Siren's Revenge,1,5
2026-09-19 09:03,2026-09-19 09:02,Zootopia,13819,Zootopia Hot Pursuit Single Rider,1,0
2026-09-19 09:03,2026-09-19 09:02,Zootopia,12392,Zootopia: Hot Pursuit,1,30
2026-09-19 09:10,2026-09-19 09:07,Adventure Isle,3893,Challenge Trails at Camp Discovery,0,0
2026-09-19 09:10,2026-09-19 09:07,Adventure Isle,16370,Junior Explorers Camp,1,5
2026-09-19 09:10,2026-09-19 09:07,Adventure Isle,2986,Roaring Rapids,1,10
2026-09-19 09:10,2026-09-19 09:07,Adventure Isle,3002,Soaring Over the Horizon,1,10
2026-09-19 09:10,2026-09-19 09:07,Adventure Isle,3901,Vista Trail at Camp Discovery,0,0
2026-09-19 09:10,2026-09-19 09:07,Fantasyland,3080,“Once Upon a Time” Adventure,0,0
2026-09-19 09:10,2026-09-19 09:07,Fantasyland,2987,Alice in Wonderland Maze,1,5
2026-09-19 09:10,2026-09-19 09:07,Fantasyland,2988,Hunny Pot Spin,1,5
2026-09-19 09:10,2026-09-19 09:07,Fantasyland,2989,Peter Pan’s Flight,1,5
2026-09-19 09:10,2026-09-19 09:07,Fantasyland,2990,Seven Dwarfs Mine Train,1,35
2026-09-19 09:10,2026-09-19 09:07,Fantasyland,13818,Seven Dwarfs Mine Train Single Rider,1,0
2026-09-19 09:10,2026-09-19 09:07,Fantasyland,2991,The Many Adventures of Winnie the Pooh,1,5
2026-09-19 09:10,2026-09-19 09:07,Fantasyland,2992,Voyage to the Crystal Grotto,0,0
2026-09-19 09:10,2026-09-19 09:07,Gardens of Imagination,3896,Become Iron Man at the Marvel Universe,0,0
2026-09-19 09:10,2026-09-19 09:07,Gardens of Imagination,2993,Dumbo the Flying Elephant,1,5
2026-09-19 09:10,2026-09-19 09:07,Gardens of Imagination,2994,Fantasia Carousel,1,5
2026-09-19 09:10,2026-09-19 09:07,Gardens of Imagination,3082,Marvel Universe,0,0
2026-09-19 09:10,2026-09-19 09:07,Tomorrowland,2999,Buzz Lightyear Planet Rescue,1,5
2026-09-19 09:10,2026-09-19 09:07,Tomorrowland,3000,Jet Packs,1,5
2026-09-19 09:10,2026-09-19 09:07,Tomorrowland,16392,Pixar Adventurous Journey,0,0
2026-09-19 09:10,2026-09-19 09:07,Tomorrowland,3001,Space Chat With Stitch,0,0
2026-09-19 09:10,2026-09-19 09:07,Tomorrowland,2985,TRON Lightcycle Power Run – Presented by Chevrolet,1,40
2026-09-19 09:10,2026-09-19 09:07,Tomorrowland,4076,"TRON Realm, Chevrolet Digital Challenge",0,0
2026-09-19 09:10,2026-09-19 09:07,Toy Story Land,5633,Rex’s Racer,1,5
2026-09-19 09:10,2026-09-19 09:07,Toy Story Land,5634,Slinky Dog Spin,1,5
2026-09-19 09:10,2026-09-19 09:07,Toy Story Land,5635,Woody’s Roundup,1,10
2026-09-19 09:10,2026-09-19 09:07,Treasure Cove,2995,Explorer Canoes,0,0
2026-09-19 09:10,2026-09-19 09:07,Treasure Cove,2996,Pirates of the Caribbean Battle for the Sunken Treasure,1,5
2026-09-19 09:10,2026-09-19 09:07,Treasure Cove,2997,Shipwreck Shore,1,5
2026-09-19 09:10,2026-09-19 09:07,Treasure Cove,2998,Siren's Revenge,1,5
2026-09-19 09:10,2026-09-19 09:07,Zootopia,13819,Zootopia Hot Pursuit Single Rider,1,0
2026-09-19 09:10,2026-09-19 09:07,Zootopia,12392,Zootopia: Hot Pursuit,1,30
2026-09-19 09:15,2026-09-19 09:12,Adventure Isle,3893,Challenge Trails at Camp Discovery,0,0
2026-09-19 09:15,2026-09-19 09:12,Adventure Isle,16370,Junior Explorers Camp,1,5
2026-09-19 09:15,2026-09-19 09:12,Adventure Isle,2986,Roaring Rapids,1,10
2026-09-19 09:15,2026-09-19 09:12,Adventure Isle,3002,Soaring Over the Horizon,1,10
2026-09-19 09:15,2026-09-19 09:12,Adventure Isle,3901,Vista Trail at Camp Discovery,0,0
2026-09-19 09:15,2026-09-19 09:12,Fantasyland,3080,“Once Upon a Time” Adventure,0,0
2026-09-19 09:15,2026-09-19 09:12,Fantasyland,2987,Alice in Wonderland Maze,1,5
2026-09-19 09:15,2026-09-19 09:12,Fantasyland,2988,Hunny Pot Spin,1,5
2026-09-19 09:15,2026-09-19 09:12,Fantasyland,2989,Peter Pan’s Flight,1,5
2026-09-19 09:15,2026-09-19 09:12,Fantasyland,2990,Seven Dwarfs Mine Train,1,35
2026-09-19 09:15,2026-09-19 09:12,Fantasyland,13818,Seven Dwarfs Mine Train Single Rider,1,0
2026-09-19 09:15,2026-09-19 09:12,Fantasyland,2991,The Many Adventures of Winnie the Pooh,1,5
2026-09-19 09:15,2026-09-19 09:12,Fantasyland,2992,Voyage to the Crystal Grotto,0,0
2026-09-19 09:15,2026-09-19 09:12,Gardens of Imagination,3896,Become Iron Man at the Marvel Universe,0,0
2026-09-19 09:15,2026-09-19 09:12,Gardens of Imagination,2993,Dumbo the Flying Elephant,1,5
2026-09-19 09:15,2026-09-19 09:12,Gardens of Imagination,2994,Fantasia Carousel,1,5
2026-09-19 09:15,2026-09-19 09:12,Gardens of Imagination,3082,Marvel Universe,0,0
2026-09-19 09:15,2026-09-19 09:12,Tomorrowland,2999,Buzz Lightyear Planet Rescue,1,5
2026-09-19 09:15,2026-09-19 09:12,Tomorrowland,3000,Jet Packs,1,5
2026-09-19 09:15,2026-09-19 09:12,Tomorrowland,16392,Pixar Adventurous Journey,0,0
2026-09-19 09:15,2026-09-19 09:12,Tomorrowland,3001,Space Chat With Stitch,0,0
2026-09-19 09:15,2026-09-19 09:12,Tomorrowland,2985,TRON Lightcycle Power Run – Presented by Chevrolet,1,40
2026-09-19 09:15,2026-09-19 09:12,Tomorrowland,4076,"TRON Realm, Chevrolet Digital Challenge",0,0
2026-09-19 09:15,2026-09-19 09:12,Toy Story Land,5633,Rex’s Racer,1,5
2026-09-19 09:15,2026-09-19 09:12,Toy Story Land,5634,Slinky Dog Spin,1,5
2026-09-19 09:15,2026-09-19 09:12,Toy Story Land,5635,Woody’s Roundup,1,10
2026-09-19 09:15,2026-09-19 09:12,Treasure Cove,2995,Explorer Canoes,0,0
2026-09-19 09:15,2026-09-19 09:12,Treasure Cove,2996,Pirates of the Caribbean Battle for the Sunken Treasure,1,5
2026-09-19 09:15,2026-09-19 09:12,Treasure Cove,2997,Shipwreck Shore,1,5
2026-09-19 09:15,2026-09-19 09:12,Treasure Cove,2998,Siren's Revenge,1,5
2026-09-19 09:15,2026-09-19 09:12,Zootopia,13819,Zootopia Hot Pursuit Single Rider,1,0
2026-09-19 09:15,2026-09-19 09:12,Zootopia,12392,Zootopia: Hot Pursuit,1,30
2026-09-19 09:20,2026-09-19 09:17,Adventure Isle,3893,Challenge Trails at Camp Discovery,0,0
2026-09-19 09:20,2026-09-19 09:17,Adventure Isle,16370,Junior Explorers Camp,1,5
2026-09-19 09:20,2026-09-19 09:17,Adventure Isle,2986,Roaring Rapids,1,10
2026-09-19 09:20,2026-09-19 09:17,Adventure Isle,3002,Soaring Over the Horizon,1,10
2026-09-19 09:20,2026-09-19 09:17,Adventure Isle,3901,Vista Trail at Camp Discovery,0,0
2026-09-19 09:20,2026-09-19 09:17,Fantasyland,3080,“Once Upon a Time” Adventure,0,0
2026-09-19 09:20,2026-09-19 09:17,Fantasyland,2987,Alice in Wonderland Maze,1,5
2026-09-19 09:20,2026-09-19 09:17,Fantasyland,2988,Hunny Pot Spin,1,5
2026-09-19 09:20,2026-09-19 09:17,Fantasyland,2989,Peter Pan’s Flight,1,5
2026-09-19 09:20,2026-09-19 09:17,Fantasyland,2990,Seven Dwarfs Mine Train,1,45
2026-09-19 09:20,2026-09-19 09:17,Fantasyland,13818,Seven Dwarfs Mine Train Single Rider,1,0
2026-09-19 09:20,2026-09-19 09:17,Fantasyland,2991,The Many Adventures of Winnie the Pooh,1,5
2026-09-19 09:20,2026-09-19 09:17,Fantasyland,2992,Voyage to the Crystal Grotto,0,0
2026-09-19 09:20,2026-09-19 09:17,Gardens of Imagination,3896,Become Iron Man at the Marvel Universe,0,0
2026-09-19 09:20,2026-09-19 09:17,Gardens of Imagination,2993,Dumbo the Flying Elephant,1,5
2026-09-19 09:20,2026-09-19 09:17,Gardens of Imagination,2994,Fantasia Carousel,1,5
2026-09-19 09:20,2026-09-19 09:17,Gardens of Imagination,3082,Marvel Universe,0,0
2026-09-19 09:20,2026-09-19 09:17,Tomorrowland,2999,Buzz Lightyear Planet Rescue,1,5
2026-09-19 09:20,2026-09-19 09:17,Tomorrowland,3000,Jet Packs,1,10
2026-09-19 09:20,2026-09-19 09:17,Tomorrowland,16392,Pixar Adventurous Journey,0,0
2026-09-19 09:20,2026-09-19 09:17,Tomorrowland,3001,Space Chat With Stitch,0,0
2026-09-19 09:20,2026-09-19 09:17,Tomorrowland,2985,TRON Lightcycle Power Run – Presented by Chevrolet,1,40
2026-09-19 09:20,2026-09-19 09:17,Tomorrowland,4076,"TRON Realm, Chevrolet Digital Challenge",0,0
2026-09-19 09:20,2026-09-19 09:17,Toy Story Land,5633,Rex’s Racer,1,5
2026-09-19 09:20,2026-09-19 09:17,Toy Story Land,5634,Slinky Dog Spin,1,5
2026-09-19 09:20,2026-09-19 09:17,Toy Story Land,5635,Woody’s Roundup,1,10
2026-09-19 09:20,2026-09-19 09:17,Treasure Cove,2995,Explorer Canoes,0,0
2026-09-19 09:20,2026-09-19 09:17,Treasure Cove,2996,Pirates of the Caribbean Battle for the Sunken Treasure,1,5
2026-09-19 09:20,2026-09-19 09:17,Treasure Cove,2997,Shipwreck Shore,1,5
2026-09-19 09:20,2026-09-19 09:17,Treasure Cove,2998,Siren's Revenge,1,5
2026-09-19 09:20,2026-09-19 09:17,Zootopia,13819,Zootopia Hot Pursuit Single Rider,1,0
2026-09-19 09:20,2026-09-19 09:17,Zootopia,12392,Zootopia: Hot Pursuit,1,30
2026-09-19 09:25,2026-09-19 09:22,Adventure Isle,3893,Challenge Trails at Camp Discovery,1,5
2026-09-19 09:25,2026-09-19 09:22,Adventure Isle,16370,Junior Explorers Camp,1,5
2026-09-19 09:25,2026-09-19 09:22,Adventure Isle,2986,Roaring Rapids,1,10
2026-09-19 09:25,2026-09-19 09:22,Adventure Isle,3002,Soaring Over the Horizon,1,10
2026-09-19 09:25,2026-09-19 09:22,Adventure Isle,3901,Vista Trail at Camp Discovery,1,0
2026-09-19 09:25,2026-09-19 09:22,Fantasyland,3080,“Once Upon a Time” Adventure,0,0
2026-09-19 09:25,2026-09-19 09:22,Fantasyland,2987,Alice in Wonderland Maze,1,5
2026-09-19 09:25,2026-09-19 09:22,Fantasyland,2988,Hunny Pot Spin,1,5
2026-09-19 09:25,2026-09-19 09:22,Fantasyland,2989,Peter Pan’s Flight,1,5
2026-09-19 09:25,2026-09-19 09:22,Fantasyland,2990,Seven Dwarfs Mine Train,1,45
2026-09-19 09:25,2026-09-19 09:22,Fantasyland,13818,Seven Dwarfs Mine Train Single Rider,1,0
2026-09-19 09:25,2026-09-19 09:22,Fantasyland,2991,The Many Adventures of Winnie the Pooh,1,5
2026-09-19 09:25,2026-09-19 09:22,Fantasyland,2992,Voyage to the Crystal Grotto,0,0
2026-09-19 09:25,2026-09-19 09:22,Gardens of Imagination,3896,Become Iron Man at the Marvel Universe,0,0
2026-09-19 09:25,2026-09-19 09:22,Gardens of Imagination,2993,Dumbo the Flying Elephant,1,5
2026-09-19 09:25,2026-09-19 09:22,Gardens of Imagination,2994,Fantasia Carousel,1,5
2026-09-19 09:25,2026-09-19 09:22,Gardens of Imagination,3082,Marvel Universe,0,0
2026-09-19 09:25,2026-09-19 09:22,Tomorrowland,2999,Buzz Lightyear Planet Rescue,1,5
2026-09-19 09:25,2026-09-19 09:22,Tomorrowland,3000,Jet Packs,1,10
2026-09-19 09:25,2026-09-19 09:22,Tomorrowland,16392,Pixar Adventurous Journey,0,0
2026-09-19 09:25,2026-09-19 09:22,Tomorrowland,3001,Space Chat With Stitch,0,0
2026-09-19 09:25,2026-09-19 09:22,Tomorrowland,2985,TRON Lightcycle Power Run – Presented by Chevrolet,1,40
2026-09-19 09:25,2026-09-19 09:22,Tomorrowland,4076,"TRON Realm, Chevrolet Digital Challenge",0,0
2026-09-19 09:25,2026-09-19 09:22,Toy Story Land,5633,Rex’s Racer,1,5
2026-09-19 09:25,2026-09-19 09:22,Toy Story Land,5634,Slinky Dog Spin,1,5
2026-09-19 09:25,2026-09-19 09:22,Toy Story Land,5635,Woody’s Roundup,1,10
2026-09-19 09:25,2026-09-19 09:22,Treasure Cove,2995,Explorer Canoes,0,0
2026-09-19 09:25,2026-09-19 09:22,Treasure Cove,2996,Pirates of the Caribbean Battle for the Sunken Treasure,1,10
2026-09-19 09:25,2026-09-19 09:22,Treasure Cove,2997,Shipwreck Shore,1,5
2026-09-19 09:25,2026-09-19 09:22,Treasure Cove,2998,Siren's Revenge,1,5
2026-09-19 09:25,2026-09-19 09:22,Zootopia,13819,Zootopia Hot Pursuit Single Rider,1,0
2026-09-19 09:25,2026-09-19 09:22,Zootopia,12392,Zootopia: Hot Pursuit,1,30
2026-09-19 09:30,2026-09-19 09:27,Adventure Isle,3893,Challenge Trails at Camp Discovery,1,5
2026-09-19 09:30,2026-09-19 09:27,Adventure Isle,16370,Junior Explorers Camp,1,5
2026-09-19 09:30,2026-09-19 09:27,Adventure Isle,2986,Roaring Rapids,1,10
2026-09-19 09:30,2026-09-19 09:27,Adventure Isle,3002,Soaring Over the Horizon,1,10
2026-09-19 09:30,2026-09-19 09:27,Adventure Isle,3901,Vista Trail at Camp Discovery,1,0
2026-09-19 09:30,2026-09-19 09:27,Fantasyland,3080,“Once Upon a Time” Adventure,0,0
2026-09-19 09:30,2026-09-19 09:27,Fantasyland,2987,Alice in Wonderland Maze,1,5
2026-09-19 09:30,2026-09-19 09:27,Fantasyland,2988,Hunny Pot Spin,1,5
2026-09-19 09:30,2026-09-19 09:27,Fantasyland,2989,Peter Pan’s Flight,1,5
2026-09-19 09:30,2026-09-19 09:27,Fantasyland,2990,Seven Dwarfs Mine Train,1,45
2026-09-19 09:30,2026-09-19 09:27,Fantasyland,13818,Seven Dwarfs Mine Train Single Rider,1,0
2026-09-19 09:30,2026-09-19 09:27,Fantasyland,2991,The Many Adventures of Winnie the Pooh,1,5
2026-09-19 09:30,2026-09-19 09:27,Fantasyland,2992,Voyage to the Crystal Grotto,0,0
2026-09-19 09:30,2026-09-19 09:27,Gardens of Imagination,3896,Become Iron Man at the Marvel Universe,0,0
2026-09-19 09:30,2026-09-19 09:27,Gardens of Imagination,2993,Dumbo the Flying Elephant,1,5
2026-09-19 09:30,2026-09-19 09:27,Gardens of Imagination,2994,Fantasia Carousel,1,5
2026-09-19 09:30,2026-09-19 09:27,Gardens of Imagination,3082,Marvel Universe,0,0
2026-09-19 09:30,2026-09-19 09:27,Tomorrowland,2999,Buzz Lightyear Planet Rescue,1,5
2026-09-19 09:30,2026-09-19 09:27,Tomorrowland,3000,Jet Packs,1,10
2026-09-19 09:30,2026-09-19 09:27,Tomorrowland,16392,Pixar Adventurous Journey,0,0
2026-09-19 09:30,2026-09-19 09:27,Tomorrowland,3001,Space Chat With Stitch,0,0
2026-09-19 09:30,2026-09-19 09:27,Tomorrowland,2985,TRON Lightcycle Power Run – Presented by Chevrolet,1,40
2026-09-19 09:30,2026-09-19 09:27,Tomorrowland,4076,"TRON Realm, Chevrolet Digital Challenge",0,0
2026-09-19 09:30,2026-09-19 09:27,Toy Story Land,5633,Rex’s Racer,1,10
2026-09-19 09:30,2026-09-19 09:27,Toy Story Land,5634,Slinky Dog Spin,1,5
2026-09-19 09:30,2026-09-19 09:27,Toy Story Land,5635,Woody’s Roundup,1,10
2026-09-19 09:30,2026-09-19 09:27,Treasure Cove,2995,Explorer Canoes,0,0
2026-09-19 09:30,2026-09-19 09:27,Treasure Cove,2996,Pirates of the Caribbean Battle for the Sunken Treasure,1,15
2026-09-19 09:30,2026-09-19 09:27,Treasure Cove,2997,Shipwreck Shore,1,5
2026-09-19 09:30,2026-09-19 09:27,Treasure Cove,2998,Siren's Revenge,1,5
2026-09-19 09:30,2026-09-19 09:27,Zootopia,13819,Zootopia Hot Pursuit Single Rider,1,0
2026-09-19 09:30,2026-09-19 09:27,Zootopia,12392,Zootopia: Hot Pursuit,1,30
2026-09-19 09:35,2026-09-19 09:32,Adventure Isle,3893,Challenge Trails at Camp Discovery,1,5
2026-09-19 09:35,2026-09-19 09:32,Adventure Isle,16370,Junior Explorers Camp,1,5
2026-09-19 09:35,2026-09-19 09:32,Adventure Isle,2986,Roaring Rapids,1,10
2026-09-19 09:35,2026-09-19 09:32,Adventure Isle,3002,Soaring Over the Horizon,1,10
2026-09-19 09:35,2026-09-19 09:32,Adventure Isle,3901,Vista Trail at Camp Discovery,1,0
2026-09-19 09:35,2026-09-19 09:32,Fantasyland,3080,“Once Upon a Time” Adventure,0,0
2026-09-19 09:35,2026-09-19 09:32,Fantasyland,2987,Alice in Wonderland Maze,1,5
2026-09-19 09:35,2026-09-19 09:32,Fantasyland,2988,Hunny Pot Spin,1,5
2026-09-19 09:35,2026-09-19 09:32,Fantasyland,2989,Peter Pan’s Flight,1,5
2026-09-19 09:35,2026-09-19 09:32,Fantasyland,2990,Seven Dwarfs Mine Train,1,50
2026-09-19 09:35,2026-09-19 09:32,Fantasyland,13818,Seven Dwarfs Mine Train Single Rider,1,0
2026-09-19 09:35,2026-09-19 09:32,Fantasyland,2991,The Many Adventures of Winnie the Pooh,1,5
2026-09-19 09:35,2026-09-19 09:32,Fantasyland,2992,Voyage to the Crystal Grotto,0,0
2026-09-19 09:35,2026-09-19 09:32,Gardens of Imagination,3896,Become Iron Man at the Marvel Universe,0,0
2026-09-19 09:35,2026-09-19 09:32,Gardens of Imagination,2993,Dumbo the Flying Elephant,1,5
2026-09-19 09:35,2026-09-19 09:32,Gardens of Imagination,2994,Fantasia Carousel,1,5
2026-09-19 09:35,2026-09-19 09:32,Gardens of Imagination,3082,Marvel Universe,0,0
2026-09-19 09:35,2026-09-19 09:32,Tomorrowland,2999,Buzz Lightyear Planet Rescue,1,5
2026-09-19 09:35,2026-09-19 09:32,Tomorrowland,3000,Jet Packs,1,10
2026-09-19 09:35,2026-09-19 09:32,Tomorrowland,16392,Pixar Adventurous Journey,0,0
2026-09-19 09:35,2026-09-19 09:32,Tomorrowland,3001,Space Chat With Stitch,0,0
2026-09-19 09:35,2026-09-19 09:32,Tomorrowland,2985,TRON Lightcycle Power Run – Presented by Chevrolet,1,40
2026-09-19 09:35,2026-09-19 09:32,Tomorrowland,4076,"TRON Realm, Chevrolet Digital Challenge",0,0
2026-09-19 09:35,2026-09-19 09:32,Toy Story Land,5633,Rex’s Racer,1,20
2026-09-19 09:35,2026-09-19 09:32,Toy Story Land,5634,Slinky Dog Spin,1,5
2026-09-19 09:35,2026-09-19 09:32,Toy Story Land,5635,Woody’s Roundup,1,10
2026-09-19 09:35,2026-09-19 09:32,Treasure Cove,2995,Explorer Canoes,0,0
2026-09-19 09:35,2026-09-19 09:32,Treasure Cove,2996,Pirates of the Caribbean Battle for the Sunken Treasure,1,15
2026-09-19 09:35,2026-09-19 09:32,Treasure Cove,2997,Shipwreck Shore,1,5
2026-09-19 09:35,2026-09-19 09:32,Treasure Cove,2998,Siren's Revenge,1,5
2026-09-19 09:35,2026-09-19 09:32,Zootopia,13819,Zootopia Hot Pursuit Single Rider,1,0
2026-09-19 09:35,2026-09-19 09:32,Zootopia,12392,Zootopia: Hot Pursuit,1,30
2026-09-19 09:40,2026-09-19 09:37,Adventure Isle,3893,Challenge Trails at Camp Discovery,1,5
2026-09-19 09:40,2026-09-19 09:37,Adventure Isle,16370,Junior Explorers Camp,1,5
2026-09-19 09:40,2026-09-19 09:37,Adventure Isle,2986,Roaring Rapids,1,10
2026-09-19 09:40,2026-09-19 09:37,Adventure Isle,3002,Soaring Over the Horizon,1,10
2026-09-19 09:40,2026-09-19 09:37,Adventure Isle,3901,Vista Trail at Camp Discovery,1,0
2026-09-19 09:40,2026-09-19 09:37,Fantasyland,3080,“Once Upon a Time” Adventure,1,5
2026-09-19 09:40,2026-09-19 09:37,Fantasyland,2987,Alice in Wonderland Maze,1,5
2026-09-19 09:40,2026-09-19 09:37,Fantasyland,2988,Hunny Pot Spin,1,5
2026-09-19 09:40,2026-09-19 09:37,Fantasyland,2989,Peter Pan’s Flight,1,5
2026-09-19 09:40,2026-09-19 09:37,Fantasyland,2990,Seven Dwarfs Mine Train,1,50
2026-09-19 09:40,2026-09-19 09:37,Fantasyland,13818,Seven Dwarfs Mine Train Single Rider,1,0
2026-09-19 09:40,2026-09-19 09:37,Fantasyland,2991,The Many Adventures of Winnie the Pooh,1,5
2026-09-19 09:40,2026-09-19 09:37,Fantasyland,2992,Voyage to the Crystal Grotto,0,0
2026-09-19 09:40,2026-09-19 09:37,Gardens of Imagination,3896,Become Iron Man at the Marvel Universe,1,5
2026-09-19 09:40,2026-09-19 09:37,Gardens of Imagination,2993,Dumbo the Flying Elephant,1,10
2026-09-19 09:40,2026-09-19 09:37,Gardens of Imagination,2994,Fantasia Carousel,1,5
2026-09-19 09:40,2026-09-19 09:37,Gardens of Imagination,3082,Marvel Universe,1,0
2026-09-19 09:40,2026-09-19 09:37,Tomorrowland,2999,Buzz Lightyear Planet Rescue,1,5
2026-09-19 09:40,2026-09-19 09:37,Tomorrowland,3000,Jet Packs,1,10
2026-09-19 09:40,2026-09-19 09:37,Tomorrowland,16392,Pixar Adventurous Journey,0,0
2026-09-19 09:40,2026-09-19 09:37,Tomorrowland,3001,Space Chat With Stitch,0,0
2026-09-19 09:40,2026-09-19 09:37,Tomorrowland,2985,TRON Lightcycle Power Run – Presented by Chevrolet,1,40
2026-09-19 09:40,2026-09-19 09:37,Tomorrowland,4076,"TRON Realm, Chevrolet Digital Challenge",0,0
2026-09-19 09:40,2026-09-19 09:37,Toy Story Land,5633,Rex’s Racer,1,30
2026-09-19 09:40,2026-09-19 09:37,Toy Story Land,5634,Slinky Dog Spin,1,5
2026-09-19 09:40,2026-09-19 09:37,Toy Story Land,5635,Woody’s Roundup,1,10
2026-09-19 09:40,2026-09-19 09:37,Treasure Cove,2995,Explorer Canoes,0,0
2026-09-19 09:40,2026-09-19 09:37,Treasure Cove,2996,Pirates of the Caribbean Battle for the Sunken Treasure,1,15
2026-09-19 09:40,2026-09-19 09:37,Treasure Cove,2997,Shipwreck Shore,1,5
2026-09-19 09:40,2026-09-19 09:37,Treasure Cove,2998,Siren's Revenge,1,5
2026-09-19 09:40,2026-09-19 09:37,Zootopia,13819,Zootopia Hot Pursuit Single Rider,1,0
2026-09-19 09:40,2026-09-19 09:37,Zootopia,12392,Zootopia: Hot Pursuit,1,30
2026-09-19 09:45,2026-09-19 09:42,Adventure Isle,3893,Challenge Trails at Camp Discovery,1,5
2026-09-19 09:45,2026-09-19 09:42,Adventure Isle,16370,Junior Explorers Camp,1,5
2026-09-19 09:45,2026-09-19 09:42,Adventure Isle,2986,Roaring Rapids,1,10
2026-09-19 09:45,2026-09-19 09:42,Adventure Isle,3002,Soaring Over the Horizon,1,10
2026-09-19 09:45,2026-09-19 09:42,Adventure Isle,3901,Vista Trail at Camp Discovery,1,0
2026-09-19 09:45,2026-09-19 09:42,Fantasyland,3080,“Once Upon a Time” Adventure,1,5
2026-09-19 09:45,2026-09-19 09:42,Fantasyland,2987,Alice in Wonderland Maze,1,5
2026-09-19 09:45,2026-09-19 09:42,Fantasyland,2988,Hunny Pot Spin,1,5
2026-09-19 09:45,2026-09-19 09:42,Fantasyland,2989,Peter Pan’s Flight,1,5
2026-09-19 09:45,2026-09-19 09:42,Fantasyland,2990,Seven Dwarfs Mine Train,1,60
2026-09-19 09:45,2026-09-19 09:42,Fantasyland,13818,Seven Dwarfs Mine Train Single Rider,1,0
2026-09-19 09:45,2026-09-19 09:42,Fantasyland,2991,The Many Adventures of Winnie the Pooh,1,5
2026-09-19 09:45,2026-09-19 09:42,Fantasyland,2992,Voyage to the Crystal Grotto,0,0
2026-09-19 09:45,2026-09-19 09:42,Gardens of Imagination,3896,Become Iron Man at the Marvel Universe,1,5
2026-09-19 09:45,2026-09-19 09:42,Gardens of Imagination,2993,Dumbo the Flying Elephant,1,10
2026-09-19 09:45,2026-09-19 09:42,Gardens of Imagination,2994,Fantasia Carousel,1,5
2026-09-19 09:45,2026-09-19 09:42,Gardens of Imagination,3082,Marvel Universe,1,0
2026-09-19 09:45,2026-09-19 09:42,Tomorrowland,2999,Buzz Lightyear Planet Rescue,1,5
2026-09-19 09:45,2026-09-19 09:42,Tomorrowland,3000,Jet Packs,1,20
2026-09-19 09:45,2026-09-19 09:42,Tomorrowland,16392,Pixar Adventurous Journey,0,0
2026-09-19 09:45,2026-09-19 09:42,Tomorrowland,3001,Space Chat With Stitch,0,0
2026-09-19 09:45,2026-09-19 09:42,Tomorrowland,2985,TRON Lightcycle Power Run – Presented by Chevrolet,1,40
2026-09-19 09:45,2026-09-19 09:42,Tomorrowland,4076,"TRON Realm, Chevrolet Digital Challenge",0,0
2026-09-19 09:45,2026-09-19 09:42,Toy Story Land,5633,Rex’s Racer,1,30
2026-09-19 09:45,2026-09-19 09:42,Toy Story Land,5634,Slinky Dog Spin,1,5
2026-09-19 09:45,2026-09-19 09:42,Toy Story Land,5635,Woody’s Roundup,1,20
2026-09-19 09:45,2026-09-19 09:42,Treasure Cove,2995,Explorer Canoes,0,0
2026-09-19 09:45,2026-09-19 09:42,Treasure Cove,2996,Pirates of the Caribbean Battle for the Sunken Treasure,1,15
2026-09-19 09:45,2026-09-19 09:42,Treasure Cove,2997,Shipwreck Shore,1,5
2026-09-19 09:45,2026-09-19 09:42,Treasure Cove,2998,Siren's Revenge,1,5
2026-09-19 09:45,2026-09-19 09:42,Zootopia,13819,Zootopia Hot Pursuit Single Rider,1,0
2026-09-19 09:45,2026-09-19 09:42,Zootopia,12392,Zootopia: Hot Pursuit,1,30
2026-09-19 09:50,2026-09-19 09:47,Adventure Isle,3893,Challenge Trails at Camp Discovery,1,5
2026-09-19 09:50,2026-09-19 09:47,Adventure Isle,16370,Junior Explorers Camp,1,5
2026-09-19 09:50,2026-09-19 09:47,Adventure Isle,2986,Roaring Rapids,1,10
2026-09-19 09:50,2026-09-19 09:47,Adventure Isle,3002,Soaring Over the Horizon,1,10
2026-09-19 09:50,2026-09-19 09:47,Adventure Isle,3901,Vista Trail at Camp Discovery,1,0
2026-09-19 09:50,2026-09-19 09:47,Fantasyland,3080,“Once Upon a Time” Adventure,1,5
2026-09-19 09:50,2026-09-19 09:47,Fantasyland,2987,Alice in Wonderland Maze,1,5
2026-09-19 09:50,2026-09-19 09:47,Fantasyland,2988,Hunny Pot Spin,1,5
2026-09-19 09:50,2026-09-19 09:47,Fantasyland,2989,Peter Pan’s Flight,1,5
2026-09-19 09:50,2026-09-19 09:47,Fantasyland,2990,Seven Dwarfs Mine Train,1,60
2026-09-19 09:50,2026-09-19 09:47,Fantasyland,13818,Seven Dwarfs Mine Train Single Rider,1,0
2026-09-19 09:50,2026-09-19 09:47,Fantasyland,2991,The Many Adventures of Winnie the Pooh,1,5
2026-09-19 09:50,2026-09-19 09:47,Fantasyland,2992,Voyage to the Crystal Grotto,0,0
2026-09-19 09:50,2026-09-19 09:47,Gardens of Imagination,3896,Become Iron Man at the Marvel Universe,1,5
2026-09-19 09:50,2026-09-19 09:47,Gardens of Imagination,2993,Dumbo the Flying Elephant,1,15
2026-09-19 09:50,2026-09-19 09:47,Gardens of Imagination,2994,Fantasia Carousel,1,5
2026-09-19 09:50,2026-09-19 09:47,Gardens of Imagination,3082,Marvel Universe,1,0
2026-09-19 09:50,2026-09-19 09:47,Tomorrowland,2999,Buzz Lightyear Planet Rescue,1,5
2026-09-19 09:50,2026-09-19 09:47,Tomorrowland,3000,Jet Packs,1,20
2026-09-19 09:50,2026-09-19 09:47,Tomorrowland,16392,Pixar Adventurous Journey,0,0
2026-09-19 09:50,2026-09-19 09:47,Tomorrowland,3001,Space Chat With Stitch,0,0
2026-09-19 09:50,2026-09-19 09:47,Tomorrowland,2985,TRON Lightcycle Power Run – Presented by Chevrolet,1,40
2026-09-19 09:50,2026-09-19 09:47,Tomorrowland,4076,"TRON Realm, Chevrolet Digital Challenge",0,0
2026-09-19 09:50,2026-09-19 09:47,Toy Story Land,5633,Rex’s Racer,1,30
2026-09-19 09:50,2026-09-19 09:47,Toy Story Land,5634,Slinky Dog Spin,1,5
2026-09-19 09:50,2026-09-19 09:47,Toy Story Land,5635,Woody’s Roundup,1,20
2026-09-19 09:50,2026-09-19 09:47,Treasure Cove,2995,Explorer Canoes,0,0
2026-09-19 09:50,2026-09-19 09:47,Treasure Cove,2996,Pirates of the Caribbean Battle for the Sunken Treasure,1,10
2026-09-19 09:50,2026-09-19 09:47,Treasure Cove,2997,Shipwreck Shore,1,5
2026-09-19 09:50,2026-09-19 09:47,Treasure Cove,2998,Siren's Revenge,1,5
2026-09-19 09:50,2026-09-19 09:47,Zootopia,13819,Zootopia Hot Pursuit Single Rider,1,0
2026-09-19 09:50,2026-09-19 09:47,Zootopia,12392,Zootopia: Hot Pursuit,1,30
2026-09-19 09:55,2026-09-19 09:52,Adventure Isle,3893,Challenge Trails at Camp Discovery,1,5
2026-09-19 09:55,2026-09-19 09:52,Adventure Isle,16370,Junior Explorers Camp,1,5
2026-09-19 09:55,2026-09-19 09:52,Adventure Isle,2986,Roaring Rapids,1,10
2026-09-19 09:55,2026-09-19 09:52,Adventure Isle,3002,Soaring Over the Horizon,1,20
2026-09-19 09:55,2026-09-19 09:52,Adventure Isle,3901,Vista Trail at Camp Discovery,1,0
2026-09-19 09:55,2026-09-19 09:52,Fantasyland,3080,“Once Upon a Time” Adventure,1,5
2026-09-19 09:55,2026-09-19 09:52,Fantasyland,2987,Alice in Wonderland Maze,1,5
2026-09-19 09:55,2026-09-19 09:52,Fantasyland,2988,Hunny Pot Spin,1,5
2026-09-19 09:55,2026-09-19 09:52,Fantasyland,2989,Peter Pan’s Flight,1,5
2026-09-19 09:55,2026-09-19 09:52,Fantasyland,2990,Seven Dwarfs Mine Train,1,60
2026-09-19 09:55,2026-09-19 09:52,Fantasyland,13818,Seven Dwarfs Mine Train Single Rider,1,0
2026-09-19 09:55,2026-09-19 09:52,Fantasyland,2991,The Many Adventures of Winnie the Pooh,1,5
2026-09-19 09:55,2026-09-19 09:52,Fantasyland,2992,Voyage to the Crystal Grotto,0,0
2026-09-19 09:55,2026-09-19 09:52,Gardens of Imagination,3896,Become Iron Man at the Marvel Universe,1,5
2026-09-19 09:55,2026-09-19 09:52,Gardens of Imagination,2993,Dumbo the Flying Elephant,1,15
2026-09-19 09:55,2026-09-19 09:52,Gardens of Imagination,2994,Fantasia Carousel,1,5
2026-09-19 09:55,2026-09-19 09:52,Gardens of Imagination,3082,Marvel Universe,1,0
2026-09-19 09:55,2026-09-19 09:52,Tomorrowland,2999,Buzz Lightyear Planet Rescue,1,5
2026-09-19 09:55,2026-09-19 09:52,Tomorrowland,3000,Jet Packs,1,20
2026-09-19 09:55,2026-09-19 09:52,Tomorrowland,16392,Pixar Adventurous Journey,0,0
2026-09-19 09:55,2026-09-19 09:52,Tomorrowland,3001,Space Chat With Stitch,0,0
2026-09-19 09:55,2026-09-19 09:52,Tomorrowland,2985,TRON Lightcycle Power Run – Presented by Chevrolet,1,40
2026-09-19 09:55,2026-09-19 09:52,Tomorrowland,4076,"TRON Realm, Chevrolet Digital Challenge",0,0
2026-09-19 09:55,2026-09-19 09:52,Toy Story Land,5633,Rex’s Racer,1,40
2026-09-19 09:55,2026-09-19 09:52,Toy Story Land,5634,Slinky Dog Spin,1,5
2026-09-19 09:55,2026-09-19 09:52,Toy Story Land,5635,Woody’s Roundup,1,10
2026-09-19 09:55,2026-09-19 09:52,Treasure Cove,2995,Explorer Canoes,0,0
2026-09-19 09:55,2026-09-19 09:52,Treasure Cove,2996,Pirates of the Caribbean Battle for the Sunken Treasure,1,10
2026-09-19 09:55,2026-09-19 09:52,Treasure Cove,2997,Shipwreck Shore,1,5
2026-09-19 09:55,2026-09-19 09:52,Treasure Cove,2998,Siren's Revenge,1,5
2026-09-19 09:55,2026-09-19 09:52,Zootopia,13819,Zootopia Hot Pursuit Single Rider,1,0
2026-09-19 09:55,2026-09-19 09:52,Zootopia,12392,Zootopia: Hot Pursuit,1,30
2026-09-19 10:00,2026-09-19 09:57,Adventure Isle,3893,Challenge Trails at Camp Discovery,1,5
2026-09-19 10:00,2026-09-19 09:57,Adventure Isle,16370,Junior Explorers Camp,1,5
2026-09-19 10:00,2026-09-19 09:57,Adventure Isle,2986,Roaring Rapids,1,10
2026-09-19 10:00,2026-09-19 09:57,Adventure Isle,3002,Soaring Over the Horizon,1,20
2026-09-19 10:00,2026-09-19 09:57,Adventure Isle,3901,Vista Trail at Camp Discovery,1,0
2026-09-19 10:00,2026-09-19 09:57,Fantasyland,3080,“Once Upon a Time” Adventure,1,5
2026-09-19 10:00,2026-09-19 09:57,Fantasyland,2987,Alice in Wonderland Maze,1,5
2026-09-19 10:00,2026-09-19 09:57,Fantasyland,2988,Hunny Pot Spin,1,5
2026-09-19 10:00,2026-09-19 09:57,Fantasyland,2989,Peter Pan’s Flight,1,5
2026-09-19 10:00,2026-09-19 09:57,Fantasyland,2990,Seven Dwarfs Mine Train,1,60
2026-09-19 10:00,2026-09-19 09:57,Fantasyland,13818,Seven Dwarfs Mine Train Single Rider,1,0
2026-09-19 10:00,2026-09-19 09:57,Fantasyland,2991,The Many Adventures of Winnie the Pooh,1,10
2026-09-19 10:00,2026-09-19 09:57,Fantasyland,2992,Voyage to the Crystal Grotto,0,0
2026-09-19 10:00,2026-09-19 09:57,Gardens of Imagination,3896,Become Iron Man at the Marvel Universe,1,5
2026-09-19 10:00,2026-09-19 09:57,Gardens of Imagination,2993,Dumbo the Flying Elephant,1,20
2026-09-19 10:00,2026-09-19 09:57,Gardens of Imagination,2994,Fantasia Carousel,1,5
2026-09-19 10:00,2026-09-19 09:57,Gardens of Imagination,3082,Marvel Universe,1,0
2026-09-19 10:00,2026-09-19 09:57,Tomorrowland,2999,Buzz Lightyear Planet Rescue,1,5
2026-09-19 10:00,2026-09-19 09:57,Tomorrowland,3000,Jet Packs,1,20
2026-09-19 10:00,2026-09-19 09:57,Tomorrowland,16392,Pixar Adventurous Journey,0,0
2026-09-19 10:00,2026-09-19 09:57,Tomorrowland,3001,Space Chat With Stitch,0,0
2026-09-19 10:00,2026-09-19 09:57,Tomorrowland,2985,TRON Lightcycle Power Run – Presented by Chevrolet,1,20
2026-09-19 10:00,2026-09-19 09:57,Tomorrowland,4076,"TRON Realm, Chevrolet Digital Challenge",0,0
2026-09-19 10:00,2026-09-19 09:57,Toy Story Land,5633,Rex’s Racer,1,40
2026-09-19 10:00,2026-09-19 09:57,Toy Story Land,5634,Slinky Dog Spin,1,5
2026-09-19 10:00,2026-09-19 09:57,Toy Story Land,5635,Woody’s Roundup,1,10
2026-09-19 10:00,2026-09-19 09:57,Treasure Cove,2995,Explorer Canoes,0,0
2026-09-19 10:00,2026-09-19 09:57,Treasure Cove,2996,Pirates of the Caribbean Battle for the Sunken Treasure,1,10
2026-09-19 10:00,2026-09-19 09:57,Treasure Cove,2997,Shipwreck Shore,1,5
2026-09-19 10:00,2026-09-19 09:57,Treasure Cove,2998,Siren's Revenge,1,5
2026-09-19 10:00,2026-09-19 09:57,Zootopia,13819,Zootopia Hot Pursuit Single Rider,1,0
2026-09-19 10:00,2026-09-19 09:57,Zootopia,12392,Zootopia: Hot Pursuit,1,30
2026-09-19 10:05,2026-09-19 10:02,Adventure Isle,3893,Challenge Trails at Camp Discovery,1,5
2026-09-19 10:05,2026-09-19 10:02,Adventure Isle,16370,Junior Explorers Camp,1,5
2026-09-19 10:05,2026-09-19 10:02,Adventure Isle,2986,Roaring Rapids,1,10
2026-09-19 10:05,2026-09-19 10:02,Adventure Isle,3002,Soaring Over the Horizon,1,30
2026-09-19 10:05,2026-09-19 10:02,Adventure Isle,3901,Vista Trail at Camp Discovery,1,0
2026-09-19 10:05,2026-09-19 10:02,Fantasyland,3080,“Once Upon a Time” Adventure,1,5
2026-09-19 10:05,2026-09-19 10:02,Fantasyland,2987,Alice in Wonderland Maze,1,5
2026-09-19 10:05,2026-09-19 10:02,Fantasyland,2988,Hunny Pot Spin,1,5
2026-09-19 10:05,2026-09-19 10:02,Fantasyland,2989,Peter Pan’s Flight,1,5
2026-09-19 10:05,2026-09-19 10:02,Fantasyland,2990,Seven Dwarfs Mine Train,1,60
2026-09-19 10:05,2026-09-19 10:02,Fantasyland,13818,Seven Dwarfs Mine Train Single Rider,1,0
2026-09-19 10:05,2026-09-19 10:02,Fantasyland,2991,The Many Adventures of Winnie the Pooh,1,15
2026-09-19 10:05,2026-09-19 10:02,Fantasyland,2992,Voyage to the Crystal Grotto,0,0
2026-09-19 10:05,2026-09-19 10:02,Gardens of Imagination,3896,Become Iron Man at the Marvel Universe,1,5
2026-09-19 10:05,2026-09-19 10:02,Gardens of Imagination,2993,Dumbo the Flying Elephant,1,10
2026-09-19 10:05,2026-09-19 10:02,Gardens of Imagination,2994,Fantasia Carousel,1,5
2026-09-19 10:05,2026-09-19 10:02,Gardens of Imagination,3082,Marvel Universe,1,0
2026-09-19 10:05,2026-09-19 10:02,Tomorrowland,2999,Buzz Lightyear Planet Rescue,1,5
2026-09-19 10:05,2026-09-19 10:02,Tomorrowland,3000,Jet Packs,1,20
2026-09-19 10:05,2026-09-19 10:02,Tomorrowland,16392,Pixar Adventurous Journey,0,0
2026-09-19 10:05,2026-09-19 10:02,Tomorrowland,3001,Space Chat With Stitch,0,0
2026-09-19 10:05,2026-09-19 10:02,Tomorrowland,2985,TRON Lightcycle Power Run – Presented by Chevrolet,1,10
2026-09-19 10:05,2026-09-19 10:02,Tomorrowland,4076,"TRON Realm, Chevrolet Digital Challenge",0,0
2026-09-19 10:05,2026-09-19 10:02,Toy Story Land,5633,Rex’s Racer,1,40
2026-09-19 10:05,2026-09-19 10:02,Toy Story Land,5634,Slinky Dog Spin,1,5
2026-09-19 10:05,2026-09-19 10:02,Toy Story Land,5635,Woody’s Roundup,1,10
2026-09-19 10:05,2026-09-19 10:02,Treasure Cove,2995,Explorer Canoes,0,0
2026-09-19 10:05,2026-09-19 10:02,Treasure Cove,2996,Pirates of the Caribbean Battle for the Sunken Treasure,1,10
2026-09-19 10:05,2026-09-19 10:02,Treasure Cove,2997,Shipwreck Shore,1,5
2026-09-19 10:05,2026-09-19 10:02,Treasure Cove,2998,Siren's Revenge,1,5
2026-09-19 10:05,2026-09-19 10:02,Zootopia,13819,Zootopia Hot Pursuit Single Rider,1,0
2026-09-19 10:05,2026-09-19 10:02,Zootopia,12392,Zootopia: Hot Pursuit,1,30
2026-09-19 10:10,2026-09-19 10:07,Adventure Isle,3893,Challenge Trails at Camp Discovery,1,5
2026-09-19 10:10,2026-09-19 10:07,Adventure Isle,16370,Junior Explorers Camp,1,5
2026-09-19 10:10,2026-09-19 10:07,Adventure Isle,2986,Roaring Rapids,1,10
2026-09-19 10:10,2026-09-19 10:07,Adventure Isle,3002,Soaring Over the Horizon,1,40
2026-09-19 10:10,2026-09-19 10:07,Adventure Isle,3901,Vista Trail at Camp Discovery,1,0
2026-09-19 10:10,2026-09-19 10:07,Fantasyland,3080,“Once Upon a Time” Adventure,1,5
2026-09-19 10:10,2026-09-19 10:07,Fantasyland,2987,Alice in Wonderland Maze,1,5
2026-09-19 10:10,2026-09-19 10:07,Fantasyland,2988,Hunny Pot Spin,1,5
2026-09-19 10:10,2026-09-19 10:07,Fantasyland,2989,Peter Pan’s Flight,1,5
2026-09-19 10:10,2026-09-19 10:07,Fantasyland,2990,Seven Dwarfs Mine Train,1,60
2026-09-19 10:10,2026-09-19 10:07,Fantasyland,13818,Seven Dwarfs Mine Train Single Rider,1,0
2026-09-19 10:10,2026-09-19 10:07,Fantasyland,2991,The Many Adventures of Winnie the Pooh,1,20
2026-09-19 10:10,2026-09-19 10:07,Fantasyland,2992,Voyage to the Crystal Grotto,0,0
2026-09-19 10:10,2026-09-19 10:07,Gardens of Imagination,3896,Become Iron Man at the Marvel Universe,1,5
2026-09-19 10:10,2026-09-19 10:07,Gardens of Imagination,2993,Dumbo the Flying Elephant,1,15
2026-09-19 10:10,2026-09-19 10:07,Gardens of Imagination,2994,Fantasia Carousel,1,5
2026-09-19 10:10,2026-09-19 10:07,Gardens of Imagination,3082,Marvel Universe,1,0
2026-09-19 10:10,2026-09-19 10:07,Tomorrowland,2999,Buzz Lightyear Planet Rescue,1,5
2026-09-19 10:10,2026-09-19 10:07,Tomorrowland,3000,Jet Packs,1,20
2026-09-19 10:10,2026-09-19 10:07,Tomorrowland,16392,Pixar Adventurous Journey,1,5
2026-09-19 10:10,2026-09-19 10:07,Tomorrowland,3001,Space Chat With Stitch,0,0
2026-09-19 10:10,2026-09-19 10:07,Tomorrowland,2985,TRON Lightcycle Power Run – Presented by Chevrolet,1,10
2026-09-19 10:10,2026-09-19 10:07,Tomorrowland,4076,"TRON Realm, Chevrolet Digital Challenge",1,0
2026-09-19 10:10,2026-09-19 10:07,Toy Story Land,5633,Rex’s Racer,1,40
2026-09-19 10:10,2026-09-19 10:07,Toy Story Land,5634,Slinky Dog Spin,1,10
2026-09-19 10:10,2026-09-19 10:07,Toy Story Land,5635,Woody’s Roundup,1,10
2026-09-19 10:10,2026-09-19 10:07,Treasure Cove,2995,Explorer Canoes,0,0
2026-09-19 10:10,2026-09-19 10:07,Treasure Cove,2996,Pirates of the Caribbean Battle for the Sunken Treasure,1,10
2026-09-19 10:10,2026-09-19 10:07,Treasure Cove,2997,Shipwreck Shore,1,5
2026-09-19 10:10,2026-09-19 10:07,Treasure Cove,2998,Siren's Revenge,1,5
2026-09-19 10:10,2026-09-19 10:07,Zootopia,13819,Zootopia Hot Pursuit Single Rider,1,0
2026-09-19 10:10,2026-09-19 10:07,Zootopia,12392,Zootopia: Hot Pursuit,1,30
2026-09-19 10:15,2026-09-19 10:12,Adventure Isle,3893,Challenge Trails at Camp Discovery,1,5
2026-09-19 10:15,2026-09-19 10:12,Adventure Isle,16370,Junior Explorers Camp,1,5
2026-09-19 10:15,2026-09-19 10:12,Adventure Isle,2986,Roaring Rapids,1,10
2026-09-19 10:15,2026-09-19 10:12,Adventure Isle,3002,Soaring Over the Horizon,1,40
2026-09-19 10:15,2026-09-19 10:12,Adventure Isle,3901,Vista Trail at Camp Discovery,1,0
2026-09-19 10:15,2026-09-19 10:12,Fantasyland,3080,“Once Upon a Time” Adventure,1,5
2026-09-19 10:15,2026-09-19 10:12,Fantasyland,2987,Alice in Wonderland Maze,1,5
2026-09-19 10:15,2026-09-19 10:12,Fantasyland,2988,Hunny Pot Spin,1,5
2026-09-19 10:15,2026-09-19 10:12,Fantasyland,2989,Peter Pan’s Flight,1,5
2026-09-19 10:15,2026-09-19 10:12,Fantasyland,2990,Seven Dwarfs Mine Train,1,50
2026-09-19 10:15,2026-09-19 10:12,Fantasyland,13818,Seven Dwarfs Mine Train Single Rider,1,0
2026-09-19 10:15,2026-09-19 10:12,Fantasyland,2991,The Many Adventures of Winnie the Pooh,1,20
2026-09-19 10:15,2026-09-19 10:12,Fantasyland,2992,Voyage to the Crystal Grotto,0,0
2026-09-19 10:15,2026-09-19 10:12,Gardens of Imagination,3896,Become Iron Man at the Marvel Universe,1,5
2026-09-19 10:15,2026-09-19 10:12,Gardens of Imagination,2993,Dumbo the Flying Elephant,1,30
2026-09-19 10:15,2026-09-19 10:12,Gardens of Imagination,2994,Fantasia Carousel,1,5
2026-09-19 10:15,2026-09-19 10:12,Gardens of Imagination,3082,Marvel Universe,1,0
2026-09-19 10:15,2026-09-19 10:12,Tomorrowland,2999,Buzz Lightyear Planet Rescue,1,5
2026-09-19 10:15,2026-09-19 10:12,Tomorrowland,3000,Jet Packs,1,20
2026-09-19 10:15,2026-09-19 10:12,Tomorrowland,16392,Pixar Adventurous Journey,1,5
2026-09-19 10:15,2026-09-19 10:12,Tomorrowland,3001,Space Chat With Stitch,0,0
2026-09-19 10:15,2026-09-19 10:12,Tomorrowland,2985,TRON Lightcycle Power Run – Presented by Chevrolet,1,10
2026-09-19 10:15,2026-09-19 10:12,Tomorrowland,4076,"TRON Realm, Chevrolet Digital Challenge",1,0
2026-09-19 10:15,2026-09-19 10:12,Toy Story Land,5633,Rex’s Racer,1,40
2026-09-19 10:15,2026-09-19 10:12,Toy Story Land,5634,Slinky Dog Spin,1,10
2026-09-19 10:15,2026-09-19 10:12,Toy Story Land,5635,Woody’s Roundup,1,20
2026-09-19 10:15,2026-09-19 10:12,Treasure Cove,2995,Explorer Canoes,0,0
2026-09-19 10:15,2026-09-19 10:12,Treasure Cove,2996,Pirates of the Caribbean Battle for the Sunken Treasure,1,10
2026-09-19 10:15,2026-09-19 10:12,Treasure Cove,2997,Shipwreck Shore,1,5
2026-09-19 10:15,2026-09-19 10:12,Treasure Cove,2998,Siren's Revenge,1,5
2026-09-19 10:15,2026-09-19 10:12,Zootopia,13819,Zootopia Hot Pursuit Single Rider,1,0
2026-09-19 10:15,2026-09-19 10:12,Zootopia,12392,Zootopia: Hot Pursuit,1,30
2026-09-19 10:20,2026-09-19 10:17,Adventure Isle,3893,Challenge Trails at Camp Discovery,1,5
2026-09-19 10:20,2026-09-19 10:17,Adventure Isle,16370,Junior Explorers Camp,1,5
2026-09-19 10:20,2026-09-19 10:17,Adventure Isle,2986,Roaring Rapids,1,10
2026-09-19 10:20,2026-09-19 10:17,Adventure Isle,3002,Soaring Over the Horizon,1,50
2026-09-19 10:20,2026-09-19 10:17,Adventure Isle,3901,Vista Trail at Camp Discovery,1,0
2026-09-19 10:20,2026-09-19 10:17,Fantasyland,3080,“Once Upon a Time” Adventure,1,5
2026-09-19 10:20,2026-09-19 10:17,Fantasyland,2987,Alice in Wonderland Maze,1,5
2026-09-19 10:20,2026-09-19 10:17,Fantasyland,2988,Hunny Pot Spin,1,5
2026-09-19 10:20,2026-09-19 10:17,Fantasyland,2989,Peter Pan’s Flight,1,5
2026-09-19 10:20,2026-09-19 10:17,Fantasyland,2990,Seven Dwarfs Mine Train,1,55
2026-09-19 10:20,2026-09-19 10:17,Fantasyland,13818,Seven Dwarfs Mine Train Single Rider,1,0
2026-09-19 10:20,2026-09-19 10:17,Fantasyland,2991,The Many Adventures of Winnie the Pooh,1,20
2026-09-19 10:20,2026-09-19 10:17,Fantasyland,2992,Voyage to the Crystal Grotto,0,0
2026-09-19 10:20,2026-09-19 10:17,Gardens of Imagination,3896,Become Iron Man at the Marvel Universe,1,5
2026-09-19 10:20,2026-09-19 10:17,Gardens of Imagination,2993,Dumbo the Flying Elephant,1,30
2026-09-19 10:20,2026-09-19 10:17,Gardens of Imagination,2994,Fantasia Carousel,1,5
2026-09-19 10:20,2026-09-19 10:17,Gardens of Imagination,3082,Marvel Universe,1,0
2026-09-19 10:20,2026-09-19 10:17,Tomorrowland,2999,Buzz Lightyear Planet Rescue,1,5
2026-09-19 10:20,2026-09-19 10:17,Tomorrowland,3000,Jet Packs,1,20
2026-09-19 10:20,2026-09-19 10:17,Tomorrowland,16392,Pixar Adventurous Journey,1,5
2026-09-19 10:20,2026-09-19 10:17,Tomorrowland,3001,Space Chat With Stitch,0,0
2026-09-19 10:20,2026-09-19 10:17,Tomorrowland,2985,TRON Lightcycle Power Run – Presented by Chevrolet,1,10
2026-09-19 10:20,2026-09-19 10:17,Tomorrowland,4076,"TRON Realm, Chevrolet Digital Challenge",1,0
2026-09-19 10:20,2026-09-19 10:17,Toy Story Land,5633,Rex’s Racer,1,40
2026-09-19 10:20,2026-09-19 10:17,Toy Story Land,5634,Slinky Dog Spin,1,10
2026-09-19 10:20,2026-09-19 10:17,Toy Story Land,5635,Woody’s Roundup,1,20
2026-09-19 10:20,2026-09-19 10:17,Treasure Cove,2995,Explorer Canoes,0,0
2026-09-19 10:20,2026-09-19 10:17,Treasure Cove,2996,Pirates of the Caribbean Battle for the Sunken Treasure,1,10
2026-09-19 10:20,2026-09-19 10:17,Treasure Cove,2997,Shipwreck Shore,1,5
2026-09-19 10:20,2026-09-19 10:17,Treasure Cove,2998,Siren's Revenge,1,5
2026-09-19 10:20,2026-09-19 10:17,Zootopia,13819,Zootopia Hot Pursuit Single Rider,1,0
2026-09-19 10:20,2026-09-19 10:17,Zootopia,12392,Zootopia: Hot Pursuit,1,30
2026-09-19 10:25,2026-09-19 10:22,Adventure Isle,3893,Challenge Trails at Camp Discovery,1,5
2026-09-19 10:25,2026-09-19 10:22,Adventure Isle,16370,Junior Explorers Camp,1,5
2026-09-19 10:25,2026-09-19 10:22,Adventure Isle,2986,Roaring Rapids,1,10
2026-09-19 10:25,2026-09-19 10:22,Adventure Isle,3002,Soaring Over the Horizon,1,50
2026-09-19 10:25,2026-09-19 10:22,Adventure Isle,3901,Vista Trail at Camp Discovery,1,0
2026-09-19 10:25,2026-09-19 10:22,Fantasyland,3080,“Once Upon a Time” Adventure,1,5
2026-09-19 10:25,2026-09-19 10:22,Fantasyland,2987,Alice in Wonderland Maze,1,5
2026-09-19 10:25,2026-09-19 10:22,Fantasyland,2988,Hunny Pot Spin,1,5
2026-09-19 10:25,2026-09-19 10:22,Fantasyland,2989,Peter Pan’s Flight,1,5
2026-09-19 10:25,2026-09-19 10:22,Fantasyland,2990,Seven Dwarfs Mine Train,1,55
2026-09-19 10:25,2026-09-19 10:22,Fantasyland,13818,Seven Dwarfs Mine Train Single Rider,1,0
2026-09-19 10:25,2026-09-19 10:22,Fantasyland,2991,The Many Adventures of Winnie the Pooh,1,20
2026-09-19 10:25,2026-09-19 10:22,Fantasyland,2992,Voyage to the Crystal Grotto,0,0
2026-09-19 10:25,2026-09-19 10:22,Gardens of Imagination,3896,Become Iron Man at the Marvel Universe,1,5
2026-09-19 10:25,2026-09-19 10:22,Gardens of Imagination,2993,Dumbo the Flying Elephant,1,20
2026-09-19 10:25,2026-09-19 10:22,Gardens of Imagination,2994,Fantasia Carousel,1,5
2026-09-19 10:25,2026-09-19 10:22,Gardens of Imagination,3082,Marvel Universe,1,0
2026-09-19 10:25,2026-09-19 10:22,Tomorrowland,2999,Buzz Lightyear Planet Rescue,1,5
2026-09-19 10:25,2026-09-19 10:22,Tomorrowland,3000,Jet Packs,1,20
2026-09-19 10:25,2026-09-19 10:22,Tomorrowland,16392,Pixar Adventurous Journey,1,5
2026-09-19 10:25,2026-09-19 10:22,Tomorrowland,3001,Space Chat With Stitch,0,0
2026-09-19 10:25,2026-09-19 10:22,Tomorrowland,2985,TRON Lightcycle Power Run – Presented by Chevrolet,1,20
2026-09-19 10:25,2026-09-19 10:22,Tomorrowland,4076,"TRON Realm, Chevrolet Digital Challenge",1,0
2026-09-19 10:25,2026-09-19 10:22,Toy Story Land,5633,Rex’s Racer,1,40
2026-09-19 10:25,2026-09-19 10:22,Toy Story Land,5634,Slinky Dog Spin,1,10
2026-09-19 10:25,2026-09-19 10:22,Toy Story Land,5635,Woody’s Roundup,1,20
2026-09-19 10:25,2026-09-19 10:22,Treasure Cove,2995,Explorer Canoes,0,0
2026-09-19 10:25,2026-09-19 10:22,Treasure Cove,2996,Pirates of the Caribbean Battle for the Sunken Treasure,1,10
2026-09-19 10:25,2026-09-19 10:22,Treasure Cove,2997,Shipwreck Shore,1,5
2026-09-19 10:25,2026-09-19 10:22,Treasure Cove,2998,Siren's Revenge,1,5
2026-09-19 10:25,2026-09-19 10:22,Zootopia,13819,Zootopia Hot Pursuit Single Rider,1,0
2026-09-19 10:25,2026-09-19 10:22,Zootopia,12392,Zootopia: Hot Pursuit,1,30
2026-09-19 10:30,2026-09-19 10:27,Adventure Isle,3893,Challenge Trails at Camp Discovery,1,5
2026-09-19 10:30,2026-09-19 10:27,Adventure Isle,16370,Junior Explorers Camp,1,5
2026-09-19 10:30,2026-09-19 10:27,Adventure Isle,2986,Roaring Rapids,1,10
2026-09-19 10:30,2026-09-19 10:27,Adventure Isle,3002,Soaring Over the Horizon,1,40
2026-09-19 10:30,2026-09-19 10:27,Adventure Isle,3901,Vista Trail at Camp Discovery,1,0
2026-09-19 10:30,2026-09-19 10:27,Fantasyland,3080,“Once Upon a Time” Adventure,1,5
2026-09-19 10:30,2026-09-19 10:27,Fantasyland,2987,Alice in Wonderland Maze,1,5
2026-09-19 10:30,2026-09-19 10:27,Fantasyland,2988,Hunny Pot Spin,1,5
2026-09-19 10:30,2026-09-19 10:27,Fantasyland,2989,Peter Pan’s Flight,1,5
2026-09-19 10:30,2026-09-19 10:27,Fantasyland,2990,Seven Dwarfs Mine Train,1,50
2026-09-19 10:30,2026-09-19 10:27,Fantasyland,13818,Seven Dwarfs Mine Train Single Rider,1,0
2026-09-19 10:30,2026-09-19 10:27,Fantasyland,2991,The Many Adventures of Winnie the Pooh,1,20
2026-09-19 10:30,2026-09-19 10:27,Fantasyland,2992,Voyage to the Crystal Grotto,0,0
2026-09-19 10:30,2026-09-19 10:27,Gardens of Imagination,3896,Become Iron Man at the Marvel Universe,1,5
2026-09-19 10:30,2026-09-19 10:27,Gardens of Imagination,2993,Dumbo the Flying Elephant,1,20
2026-09-19 10:30,2026-09-19 10:27,Gardens of Imagination,2994,Fantasia Carousel,1,5
2026-09-19 10:30,2026-09-19 10:27,Gardens of Imagination,3082,Marvel Universe,1,0
2026-09-19 10:30,2026-09-19 10:27,Tomorrowland,2999,Buzz Lightyear Planet Rescue,1,5
2026-09-19 10:30,2026-09-19 10:27,Tomorrowland,3000,Jet Packs,1,20
2026-09-19 10:30,2026-09-19 10:27,Tomorrowland,16392,Pixar Adventurous Journey,1,5
2026-09-19 10:30,2026-09-19 10:27,Tomorrowland,3001,Space Chat With Stitch,0,0
2026-09-19 10:30,2026-09-19 10:27,Tomorrowland,2985,TRON Lightcycle Power Run – Presented by Chevrolet,1,30
2026-09-19 10:30,2026-09-19 10:27,Tomorrowland,4076,"TRON Realm, Chevrolet Digital Challenge",1,0
2026-09-19 10:30,2026-09-19 10:27,Toy Story Land,5633,Rex’s Racer,1,40
2026-09-19 10:30,2026-09-19 10:27,Toy Story Land,5634,Slinky Dog Spin,1,10
2026-09-19 10:30,2026-09-19 10:27,Toy Story Land,5635,Woody’s Roundup,1,20
2026-09-19 10:30,2026-09-19 10:27,Treasure Cove,2995,Explorer Canoes,0,0
2026-09-19 10:30,2026-09-19 10:27,Treasure Cove,2996,Pirates of the Caribbean Battle for the Sunken Treasure,1,10
2026-09-19 10:30,2026-09-19 10:27,Treasure Cove,2997,Shipwreck Shore,1,5
2026-09-19 10:30,2026-09-19 10:27,Treasure Cove,2998,Siren's Revenge,1,5
2026-09-19 10:30,2026-09-19 10:27,Zootopia,13819,Zootopia Hot Pursuit Single Rider,1,0
2026-09-19 10:30,2026-09-19 10:27,Zootopia,12392,Zootopia: Hot Pursuit,1,30
2026-09-19 10:35,2026-09-19 10:32,Adventure Isle,3893,Challenge Trails at Camp Discovery,1,5
2026-09-19 10:35,2026-09-19 10:32,Adventure Isle,16370,Junior Explorers Camp,1,5
2026-09-19 10:35,2026-09-19 10:32,Adventure Isle,2986,Roaring Rapids,1,10
2026-09-19 10:35,2026-09-19 10:32,Adventure Isle,3002,Soaring Over the Horizon,1,30
2026-09-19 10:35,2026-09-19 10:32,Adventure Isle,3901,Vista Trail at Camp Discovery,1,0
2026-09-19 10:35,2026-09-19 10:32,Fantasyland,3080,“Once Upon a Time” Adventure,1,5
2026-09-19 10:35,2026-09-19 10:32,Fantasyland,2987,Alice in Wonderland Maze,1,5
2026-09-19 10:35,2026-09-19 10:32,Fantasyland,2988,Hunny Pot Spin,1,5
2026-09-19 10:35,2026-09-19 10:32,Fantasyland,2989,Peter Pan’s Flight,1,5
2026-09-19 10:35,2026-09-19 10:32,Fantasyland,2990,Seven Dwarfs Mine Train,1,50
2026-09-19 10:35,2026-09-19 10:32,Fantasyland,13818,Seven Dwarfs Mine Train Single Rider,1,0
2026-09-19 10:35,2026-09-19 10:32,Fantasyland,2991,The Many Adventures of Winnie the Pooh,1,20
2026-09-19 10:35,2026-09-19 10:32,Fantasyland,2992,Voyage to the Crystal Grotto,0,0
2026-09-19 10:35,2026-09-19 10:32,Gardens of Imagination,3896,Become Iron Man at the Marvel Universe,1,5
2026-09-19 10:35,2026-09-19 10:32,Gardens of Imagination,2993,Dumbo the Flying Elephant,1,20
2026-09-19 10:35,2026-09-19 10:32,Gardens of Imagination,2994,Fantasia Carousel,1,5
2026-09-19 10:35,2026-09-19 10:32,Gardens of Imagination,3082,Marvel Universe,1,0
2026-09-19 10:35,2026-09-19 10:32,Tomorrowland,2999,Buzz Lightyear Planet Rescue,1,5
2026-09-19 10:35,2026-09-19 10:32,Tomorrowland,3000,Jet Packs,1,20
2026-09-19 10:35,2026-09-19 10:32,Tomorrowland,16392,Pixar Adventurous Journey,1,5
2026-09-19 10:35,2026-09-19 10:32,Tomorrowland,3001,Space Chat With Stitch,0,0
2026-09-19 10:35,2026-09-19 10:32,Tomorrowland,2985,TRON Lightcycle Power Run – Presented by Chevrolet,1,30
2026-09-19 10:35,2026-09-19 10:32,Tomorrowland,4076,"TRON Realm, Chevrolet Digital Challenge",1,0
2026-09-19 10:35,2026-09-19 10:32,Toy Story Land,5633,Rex’s Racer,1,40
2026-09-19 10:35,2026-09-19 10:32,Toy Story Land,5634,Slinky Dog Spin,1,20
2026-09-19 10:35,2026-09-19 10:32,Toy Story Land,5635,Woody’s Roundup,1,20
2026-09-19 10:35,2026-09-19 10:32,Treasure Cove,2995,Explorer Canoes,0,0
2026-09-19 10:35,2026-09-19 10:32,Treasure Cove,2996,Pirates of the Caribbean Battle for the Sunken Treasure,1,10
2026-09-19 10:35,2026-09-19 10:32,Treasure Cove,2997,Shipwreck Shore,1,5
2026-09-19 10:35,2026-09-19 10:32,Treasure Cove,2998,Siren's Revenge,1,5
2026-09-19 10:35,2026-09-19 10:32,Zootopia,13819,Zootopia Hot Pursuit Single Rider,1,0
2026-09-19 10:35,2026-09-19 10:32,Zootopia,12392,Zootopia: Hot Pursuit,1,30
2026-09-19 10:40,2026-09-19 10:37,Adventure Isle,3893,Challenge Trails at Camp Discovery,1,5
2026-09-19 10:40,2026-09-19 10:37,Adventure Isle,16370,Junior Explorers Camp,1,5
2026-09-19 10:40,2026-09-19 10:37,Adventure Isle,2986,Roaring Rapids,1,10
2026-09-19 10:40,2026-09-19 10:37,Adventure Isle,3002,Soaring Over the Horizon,1,20
2026-09-19 10:40,2026-09-19 10:37,Adventure Isle,3901,Vista Trail at Camp Discovery,1,0
2026-09-19 10:40,2026-09-19 10:37,Fantasyland,3080,“Once Upon a Time” Adventure,1,5
2026-09-19 10:40,2026-09-19 10:37,Fantasyland,2987,Alice in Wonderland Maze,1,5
2026-09-19 10:40,2026-09-19 10:37,Fantasyland,2988,Hunny Pot Spin,1,5
2026-09-19 10:40,2026-09-19 10:37,Fantasyland,2989,Peter Pan’s Flight,1,5
2026-09-19 10:40,2026-09-19 10:37,Fantasyland,2990,Seven Dwarfs Mine Train,1,50
2026-09-19 10:40,2026-09-19 10:37,Fantasyland,13818,Seven Dwarfs Mine Train Single Rider,1,0
2026-09-19 10:40,2026-09-19 10:37,Fantasyland,2991,The Many Adventures of Winnie the Pooh,1,20
2026-09-19 10:40,2026-09-19 10:37,Fantasyland,2992,Voyage to the Crystal Grotto,0,0
2026-09-19 10:40,2026-09-19 10:37,Gardens of Imagination,3896,Become Iron Man at the Marvel Universe,1,5
2026-09-19 10:40,2026-09-19 10:37,Gardens of Imagination,2993,Dumbo the Flying Elephant,1,30
2026-09-19 10:40,2026-09-19 10:37,Gardens of Imagination,2994,Fantasia Carousel,1,5
2026-09-19 10:40,2026-09-19 10:37,Gardens of Imagination,3082,Marvel Universe,1,0
2026-09-19 10:40,2026-09-19 10:37,Tomorrowland,2999,Buzz Lightyear Planet Rescue,1,5
2026-09-19 10:40,2026-09-19 10:37,Tomorrowland,3000,Jet Packs,1,20
2026-09-19 10:40,2026-09-19 10:37,Tomorrowland,16392,Pixar Adventurous Journey,1,5
2026-09-19 10:40,2026-09-19 10:37,Tomorrowland,3001,Space Chat With Stitch,0,0
2026-09-19 10:40,2026-09-19 10:37,Tomorrowland,2985,TRON Lightcycle Power Run – Presented by Chevrolet,1,30
2026-09-19 10:40,2026-09-19 10:37,Tomorrowland,4076,"TRON Realm, Chevrolet Digital Challenge",1,0
2026-09-19 10:40,2026-09-19 10:37,Toy Story Land,5633,Rex’s Racer,1,40
2026-09-19 10:40,2026-09-19 10:37,Toy Story Land,5634,Slinky Dog Spin,1,20
2026-09-19 10:40,2026-09-19 10:37,Toy Story Land,5635,Woody’s Roundup,1,20
2026-09-19 10:40,2026-09-19 10:37,Treasure Cove,2995,Explorer Canoes,0,0
2026-09-19 10:40,2026-09-19 10:37,Treasure Cove,2996,Pirates of the Caribbean Battle for the Sunken Treasure,1,10
2026-09-19 10:40,2026-09-19 10:37,Treasure Cove,2997,Shipwreck Shore,1,5
2026-09-19 10:40,2026-09-19 10:37,Treasure Cove,2998,Siren's Revenge,1,5
2026-09-19 10:40,2026-09-19 10:37,Zootopia,13819,Zootopia Hot Pursuit Single Rider,1,0
2026-09-19 10:40,2026-09-19 10:37,Zootopia,12392,Zootopia: Hot Pursuit,1,30
2026-09-19 10:45,2026-09-19 10:42,Adventure Isle,3893,Challenge Trails at Camp Discovery,1,5
2026-09-19 10:45,2026-09-19 10:42,Adventure Isle,16370,Junior Explorers Camp,1,5
2026-09-19 10:45,2026-09-19 10:42,Adventure Isle,2986,Roaring Rapids,1,10
2026-09-19 10:45,2026-09-19 10:42,Adventure Isle,3002,Soaring Over the Horizon,1,20
2026-09-19 10:45,2026-09-19 10:42,Adventure Isle,3901,Vista Trail at Camp Discovery,1,0
2026-09-19 10:45,2026-09-19 10:42,Fantasyland,3080,“Once Upon a Time” Adventure,1,5
2026-09-19 10:45,2026-09-19 10:42,Fantasyland,2987,Alice in Wonderland Maze,1,5
2026-09-19 10:45,2026-09-19 10:42,Fantasyland,2988,Hunny Pot Spin,1,10
2026-09-19 10:45,2026-09-19 10:42,Fantasyland,2989,Peter Pan’s Flight,1,5
2026-09-19 10:45,2026-09-19 10:42,Fantasyland,2990,Seven Dwarfs Mine Train,1,55
2026-09-19 10:45,2026-09-19 10:42,Fantasyland,13818,Seven Dwarfs Mine Train Single Rider,1,0
2026-09-19 10:45,2026-09-19 10:42,Fantasyland,2991,The Many Adventures of Winnie the Pooh,1,10
2026-09-19 10:45,2026-09-19 10:42,Fantasyland,2992,Voyage to the Crystal Grotto,0,0
2026-09-19 10:45,2026-09-19 10:42,Gardens of Imagination,3896,Become Iron Man at the Marvel Universe,1,5
2026-09-19 10:45,2026-09-19 10:42,Gardens of Imagination,2993,Dumbo the Flying Elephant,1,30
2026-09-19 10:45,2026-09-19 10:42,Gardens of Imagination,2994,Fantasia Carousel,1,5
2026-09-19 10:45,2026-09-19 10:42,Gardens of Imagination,3082,Marvel Universe,1,0
2026-09-19 10:45,2026-09-19 10:42,Tomorrowland,2999,Buzz Lightyear Planet Rescue,1,5
2026-09-19 10:45,2026-09-19 10:42,Tomorrowland,3000,Jet Packs,1,10
2026-09-19 10:45,2026-09-19 10:42,Tomorrowland,16392,Pixar Adventurous Journey,1,5
2026-09-19 10:45,2026-09-19 10:42,Tomorrowland,3001,Space Chat With Stitch,0,0
2026-09-19 10:45,2026-09-19 10:42,Tomorrowland,2985,TRON Lightcycle Power Run – Presented by Chevrolet,1,40
2026-09-19 10:45,2026-09-19 10:42,Tomorrowland,4076,"TRON Realm, Chevrolet Digital Challenge",1,0
2026-09-19 10:45,2026-09-19 10:42,Toy Story Land,5633,Rex’s Racer,1,40
2026-09-19 10:45,2026-09-19 10:42,Toy Story Land,5634,Slinky Dog Spin,1,20
2026-09-19 10:45,2026-09-19 10:42,Toy Story Land,5635,Woody’s Roundup,1,20
2026-09-19 10:45,2026-09-19 10:42,Treasure Cove,2995,Explorer Canoes,0,0
2026-09-19 10:45,2026-09-19 10:42,Treasure Cove,2996,Pirates of the Caribbean Battle for the Sunken Treasure,1,10
2026-09-19 10:45,2026-09-19 10:42,Treasure Cove,2997,Shipwreck Shore,1,5
2026-09-19 10:45,2026-09-19 10:42,Treasure Cove,2998,Siren's Revenge,1,5
2026-09-19 10:45,2026-09-19 10:42,Zootopia,13819,Zootopia Hot Pursuit Single Rider,1,0
2026-09-19 10:45,2026-09-19 10:42,Zootopia,12392,Zootopia: Hot Pursuit,1,30
2026-09-19 10:50,2026-09-19 10:47,Adventure Isle,3893,Challenge Trails at Camp Discovery,1,5
2026-09-19 10:50,2026-09-19 10:47,Adventure Isle,16370,Junior Explorers Camp,1,5
2026-09-19 10:50,2026-09-19 10:47,Adventure Isle,2986,Roaring Rapids,1,10
2026-09-19 10:50,2026-09-19 10:47,Adventure Isle,3002,Soaring Over the Horizon,1,20
2026-09-19 10:50,2026-09-19 10:47,Adventure Isle,3901,Vista Trail at Camp Discovery,1,0
2026-09-19 10:50,2026-09-19 10:47,Fantasyland,3080,“Once Upon a Time” Adventure,1,5
2026-09-19 10:50,2026-09-19 10:47,Fantasyland,2987,Alice in Wonderland Maze,1,5
2026-09-19 10:50,2026-09-19 10:47,Fantasyland,2988,Hunny Pot Spin,1,10
2026-09-19 10:50,2026-09-19 10:47,Fantasyland,2989,Peter Pan’s Flight,1,5
2026-09-19 10:50,2026-09-19 10:47,Fantasyland,2990,Seven Dwarfs Mine Train,1,60
2026-09-19 10:50,2026-09-19 10:47,Fantasyland,13818,Seven Dwarfs Mine Train Single Rider,1,0
2026-09-19 10:50,2026-09-19 10:47,Fantasyland,2991,The Many Adventures of Winnie the Pooh,1,10
2026-09-19 10:50,2026-09-19 10:47,Fantasyland,2992,Voyage to the Crystal Grotto,0,0
2026-09-19 10:50,2026-09-19 10:47,Gardens of Imagination,3896,Become Iron Man at the Marvel Universe,1,5
2026-09-19 10:50,2026-09-19 10:47,Gardens of Imagination,2993,Dumbo the Flying Elephant,1,30
2026-09-19 10:50,2026-09-19 10:47,Gardens of Imagination,2994,Fantasia Carousel,1,5
2026-09-19 10:50,2026-09-19 10:47,Gardens of Imagination,3082,Marvel Universe,1,0
2026-09-19 10:50,2026-09-19 10:47,Tomorrowland,2999,Buzz Lightyear Planet Rescue,1,5
2026-09-19 10:50,2026-09-19 10:47,Tomorrowland,3000,Jet Packs,1,10
2026-09-19 10:50,2026-09-19 10:47,Tomorrowland,16392,Pixar Adventurous Journey,1,5
2026-09-19 10:50,2026-09-19 10:47,Tomorrowland,3001,Space Chat With Stitch,0,0
2026-09-19 10:50,2026-09-19 10:47,Tomorrowland,2985,TRON Lightcycle Power Run – Presented by Chevrolet,1,40
2026-09-19 10:50,2026-09-19 10:47,Tomorrowland,4076,"TRON Realm, Chevrolet Digital Challenge",1,0
2026-09-19 10:50,2026-09-19 10:47,Toy Story Land,5633,Rex’s Racer,1,30
2026-09-19 10:50,2026-09-19 10:47,Toy Story Land,5634,Slinky Dog Spin,1,20
2026-09-19 10:50,2026-09-19 10:47,Toy Story Land,5635,Woody’s Roundup,1,20
2026-09-19 10:50,2026-09-19 10:47,Treasure Cove,2995,Explorer Canoes,0,0
2026-09-19 10:50,2026-09-19 10:47,Treasure Cove,2996,Pirates of the Caribbean Battle for the Sunken Treasure,1,10
2026-09-19 10:50,2026-09-19 10:47,Treasure Cove,2997,Shipwreck Shore,1,5
2026-09-19 10:50,2026-09-19 10:47,Treasure Cove,2998,Siren's Revenge,1,5
2026-09-19 10:50,2026-09-19 10:47,Zootopia,13819,Zootopia Hot Pursuit Single Rider,1,0
2026-09-19 10:50,2026-09-19 10:47,Zootopia,12392,Zootopia: Hot Pursuit,1,30
2026-09-19 10:55,2026-09-19 10:52,Adventure Isle,3893,Challenge Trails at Camp Discovery,1,5
2026-09-19 10:55,2026-09-19 10:52,Adventure Isle,16370,Junior Explorers Camp,1,5
2026-09-19 10:55,2026-09-19 10:52,Adventure Isle,2986,Roaring Rapids,1,10
2026-09-19 10:55,2026-09-19 10:52,Adventure Isle,3002,Soaring Over the Horizon,1,30
2026-09-19 10:55,2026-09-19 10:52,Adventure Isle,3901,Vista Trail at Camp Discovery,1,0
2026-09-19 10:55,2026-09-19 10:52,Fantasyland,3080,“Once Upon a Time” Adventure,1,5
2026-09-19 10:55,2026-09-19 10:52,Fantasyland,2987,Alice in Wonderland Maze,1,5
2026-09-19 10:55,2026-09-19 10:52,Fantasyland,2988,Hunny Pot Spin,1,10
2026-09-19 10:55,2026-09-19 10:52,Fantasyland,2989,Peter Pan’s Flight,1,5
2026-09-19 10:55,2026-09-19 10:52,Fantasyland,2990,Seven Dwarfs Mine Train,1,60
2026-09-19 10:55,2026-09-19 10:52,Fantasyland,13818,Seven Dwarfs Mine Train Single Rider,1,0
2026-09-19 10:55,2026-09-19 10:52,Fantasyland,2991,The Many Adventures of Winnie the Pooh,1,10
2026-09-19 10:55,2026-09-19 10:52,Fantasyland,2992,Voyage to the Crystal Grotto,0,0
2026-09-19 10:55,2026-09-19 10:52,Gardens of Imagination,3896,Become Iron Man at the Marvel Universe,1,5
2026-09-19 10:55,2026-09-19 10:52,Gardens of Imagination,2993,Dumbo the Flying Elephant,1,30
2026-09-19 10:55,2026-09-19 10:52,Gardens of Imagination,2994,Fantasia Carousel,1,5
2026-09-19 10:55,2026-09-19 10:52,Gardens of Imagination,3082,Marvel Universe,1,0
2026-09-19 10:55,2026-09-19 10:52,Tomorrowland,2999,Buzz Lightyear Planet Rescue,1,5
2026-09-19 10:55,2026-09-19 10:52,Tomorrowland,3000,Jet Packs,1,5
2026-09-19 10:55,2026-09-19 10:52,Tomorrowland,16392,Pixar Adventurous Journey,1,5
2026-09-19 10:55,2026-09-19 10:52,Tomorrowland,3001,Space Chat With Stitch,0,0
2026-09-19 10:55,2026-09-19 10:52,Tomorrowland,2985,TRON Lightcycle Power Run – Presented by Chevrolet,1,50
2026-09-19 10:55,2026-09-19 10:52,Tomorrowland,4076,"TRON Realm, Chevrolet Digital Challenge",1,0
2026-09-19 10:55,2026-09-19 10:52,Toy Story Land,5633,Rex’s Racer,1,30
2026-09-19 10:55,2026-09-19 10:52,Toy Story Land,5634,Slinky Dog Spin,1,20
2026-09-19 10:55,2026-09-19 10:52,Toy Story Land,5635,Woody’s Roundup,1,20
2026-09-19 10:55,2026-09-19 10:52,Treasure Cove,2995,Explorer Canoes,0,0
2026-09-19 10:55,2026-09-19 10:52,Treasure Cove,2996,Pirates of the Caribbean Battle for the Sunken Treasure,1,10
2026-09-19 10:55,2026-09-19 10:52,Treasure Cove,2997,Shipwreck Shore,1,5
2026-09-19 10:55,2026-09-19 10:52,Treasure Cove,2998,Siren's Revenge,1,5
2026-09-19 10:55,2026-09-19 10:52,Zootopia,13819,Zootopia Hot Pursuit Single Rider,1,0
2026-09-19 10:55,2026-09-19 10:52,Zootopia,12392,Zootopia: Hot Pursuit,1,30
2026-09-19 11:00,2026-09-19 10:57,Adventure Isle,3893,Challenge Trails at Camp Discovery,1,5
2026-09-19 11:00,2026-09-19 10:57,Adventure Isle,16370,Junior Explorers Camp,1,5
2026-09-19 11:00,2026-09-19 10:57,Adventure Isle,2986,Roaring Rapids,1,10
2026-09-19 11:00,2026-09-19 10:57,Adventure Isle,3002,Soaring Over the Horizon,1,40
2026-09-19 11:00,2026-09-19 10:57,Adventure Isle,3901,Vista Trail at Camp Discovery,1,0
2026-09-19 11:00,2026-09-19 10:57,Fantasyland,3080,“Once Upon a Time” Adventure,1,5
2026-09-19 11:00,2026-09-19 10:57,Fantasyland,2987,Alice in Wonderland Maze,1,5
2026-09-19 11:00,2026-09-19 10:57,Fantasyland,2988,Hunny Pot Spin,1,15
2026-09-19 11:00,2026-09-19 10:57,Fantasyland,2989,Peter Pan’s Flight,1,5
2026-09-19 11:00,2026-09-19 10:57,Fantasyland,2990,Seven Dwarfs Mine Train,1,50
2026-09-19 11:00,2026-09-19 10:57,Fantasyland,13818,Seven Dwarfs Mine Train Single Rider,1,0
2026-09-19 11:00,2026-09-19 10:57,Fantasyland,2991,The Many Adventures of Winnie the Pooh,1,20
2026-09-19 11:00,2026-09-19 10:57,Fantasyland,2992,Voyage to the Crystal Grotto,0,0
2026-09-19 11:00,2026-09-19 10:57,Gardens of Imagination,3896,Become Iron Man at the Marvel Universe,1,5
2026-09-19 11:00,2026-09-19 10:57,Gardens of Imagination,2993,Dumbo the Flying Elephant,1,30
2026-09-19 11:00,2026-09-19 10:57,Gardens of Imagination,2994,Fantasia Carousel,1,5
2026-09-19 11:00,2026-09-19 10:57,Gardens of Imagination,3082,Marvel Universe,1,0
2026-09-19 11:00,2026-09-19 10:57,Tomorrowland,2999,Buzz Lightyear Planet Rescue,1,5
2026-09-19 11:00,2026-09-19 10:57,Tomorrowland,3000,Jet Packs,1,5
2026-09-19 11:00,2026-09-19 10:57,Tomorrowland,16392,Pixar Adventurous Journey,1,5
2026-09-19 11:00,2026-09-19 10:57,Tomorrowland,3001,Space Chat With Stitch,0,0
2026-09-19 11:00,2026-09-19 10:57,Tomorrowland,2985,TRON Lightcycle Power Run – Presented by Chevrolet,1,50
2026-09-19 11:00,2026-09-19 10:57,Tomorrowland,4076,"TRON Realm, Chevrolet Digital Challenge",1,0
2026-09-19 11:00,2026-09-19 10:57,Toy Story Land,5633,Rex’s Racer,1,30
2026-09-19 11:00,2026-09-19 10:57,Toy Story Land,5634,Slinky Dog Spin,1,20
2026-09-19 11:00,2026-09-19 10:57,Toy Story Land,5635,Woody’s Roundup,1,20
2026-09-19 11:00,2026-09-19 10:57,Treasure Cove,2995,Explorer Canoes,0,0
2026-09-19 11:00,2026-09-19 10:57,Treasure Cove,2996,Pirates of the Caribbean Battle for the Sunken Treasure,1,10
2026-09-19 11:00,2026-09-19 10:57,Treasure Cove,2997,Shipwreck Shore,1,5
2026-09-19 11:00,2026-09-19 10:57,Treasure Cove,2998,Siren's Revenge,1,5
2026-09-19 11:00,2026-09-19 10:57,Zootopia,13819,Zootopia Hot Pursuit Single Rider,1,0
2026-09-19 11:00,2026-09-19 10:57,Zootopia,12392,Zootopia: Hot Pursuit,1,30
2026-09-19 11:05,2026-09-19 11:02,Adventure Isle,3893,Challenge Trails at Camp Discovery,1,5
2026-09-19 11:05,2026-09-19 11:02,Adventure Isle,16370,Junior Explorers Camp,1,5
2026-09-19 11:05,2026-09-19 11:02,Adventure Isle,2986,Roaring Rapids,1,10
2026-09-19 11:05,2026-09-19 11:02,Adventure Isle,3002,Soaring Over the Horizon,1,50
2026-09-19 11:05,2026-09-19 11:02,Adventure Isle,3901,Vista Trail at Camp Discovery,1,0
2026-09-19 11:05,2026-09-19 11:02,Fantasyland,3080,“Once Upon a Time” Adventure,1,5
2026-09-19 11:05,2026-09-19 11:02,Fantasyland,2987,Alice in Wonderland Maze,1,5
2026-09-19 11:05,2026-09-19 11:02,Fantasyland,2988,Hunny Pot Spin,1,15
2026-09-19 11:05,2026-09-19 11:02,Fantasyland,2989,Peter Pan’s Flight,1,5
2026-09-19 11:05,2026-09-19 11:02,Fantasyland,2990,Seven Dwarfs Mine Train,1,45
2026-09-19 11:05,2026-09-19 11:02,Fantasyland,13818,Seven Dwarfs Mine Train Single Rider,1,0
2026-09-19 11:05,2026-09-19 11:02,Fantasyland,2991,The Many Adventures of Winnie the Pooh,1,20
2026-09-19 11:05,2026-09-19 11:02,Fantasyland,2992,Voyage to the Crystal Grotto,0,0
2026-09-19 11:05,2026-09-19 11:02,Gardens of Imagination,3896,Become Iron Man at the Marvel Universe,1,5
2026-09-19 11:05,2026-09-19 11:02,Gardens of Imagination,2993,Dumbo the Flying Elephant,1,5
2026-09-19 11:05,2026-09-19 11:02,Gardens of Imagination,2994,Fantasia Carousel,1,10
2026-09-19 11:05,2026-09-19 11:02,Gardens of Imagination,3082,Marvel Universe,1,0
2026-09-19 11:05,2026-09-19 11:02,Tomorrowland,2999,Buzz Lightyear Planet Rescue,1,5
2026-09-19 11:05,2026-09-19 11:02,Tomorrowland,3000,Jet Packs,1,5
2026-09-19 11:05,2026-09-19 11:02,Tomorrowland,16392,Pixar Adventurous Journey,1,5
2026-09-19 11:05,2026-09-19 11:02,Tomorrowland,3001,Space Chat With Stitch,0,0
2026-09-19 11:05,2026-09-19 11:02,Tomorrowland,2985,TRON Lightcycle Power Run – Presented by Chevrolet,1,50
2026-09-19 11:05,2026-09-19 11:02,Tomorrowland,4076,"TRON Realm, Chevrolet Digital Challenge",1,0
2026-09-19 11:05,2026-09-19 11:02,Toy Story Land,5633,Rex’s Racer,1,30
2026-09-19 11:05,2026-09-19 11:02,Toy Story Land,5634,Slinky Dog Spin,1,10
2026-09-19 11:05,2026-09-19 11:02,Toy Story Land,5635,Woody’s Roundup,1,20
2026-09-19 11:05,2026-09-19 11:02,Treasure Cove,2995,Explorer Canoes,0,0
2026-09-19 11:05,2026-09-19 11:02,Treasure Cove,2996,Pirates of the Caribbean Battle for the Sunken Treasure,1,10
2026-09-19 11:05,2026-09-19 11:02,Treasure Cove,2997,Shipwreck Shore,1,5
2026-09-19 11:05,2026-09-19 11:02,Treasure Cove,2998,Siren's Revenge,1,5
2026-09-19 11:05,2026-09-19 11:02,Zootopia,13819,Zootopia Hot Pursuit Single Rider,1,0
2026-09-19 11:05,2026-09-19 11:02,Zootopia,12392,Zootopia: Hot Pursuit,1,30
2026-09-19 11:10,2026-09-19 11:07,Adventure Isle,3893,Challenge Trails at Camp Discovery,1,5
2026-09-19 11:10,2026-09-19 11:07,Adventure Isle,16370,Junior Explorers Camp,1,5
2026-09-19 11:10,2026-09-19 11:07,Adventure Isle,2986,Roaring Rapids,1,10
2026-09-19 11:10,2026-09-19 11:07,Adventure Isle,3002,Soaring Over the Horizon,1,50
2026-09-19 11:10,2026-09-19 11:07,Adventure Isle,3901,Vista Trail at Camp Discovery,1,0
2026-09-19 11:10,2026-09-19 11:07,Fantasyland,3080,“Once Upon a Time” Adventure,1,5
2026-09-19 11:10,2026-09-19 11:07,Fantasyland,2987,Alice in Wonderland Maze,1,5
2026-09-19 11:10,2026-09-19 11:07,Fantasyland,2988,Hunny Pot Spin,1,15
2026-09-19 11:10,2026-09-19 11:07,Fantasyland,2989,Peter Pan’s Flight,1,5
2026-09-19 11:10,2026-09-19 11:07,Fantasyland,2990,Seven Dwarfs Mine Train,1,45
2026-09-19 11:10,2026-09-19 11:07,Fantasyland,13818,Seven Dwarfs Mine Train Single Rider,1,0
2026-09-19 11:10,2026-09-19 11:07,Fantasyland,2991,The Many Adventures of Winnie the Pooh,1,20
2026-09-19 11:10,2026-09-19 11:07,Fantasyland,2992,Voyage to the Crystal Grotto,0,0
2026-09-19 11:10,2026-09-19 11:07,Gardens of Imagination,3896,Become Iron Man at the Marvel Universe,1,5
2026-09-19 11:10,2026-09-19 11:07,Gardens of Imagination,2993,Dumbo the Flying Elephant,1,5
2026-09-19 11:10,2026-09-19 11:07,Gardens of Imagination,2994,Fantasia Carousel,1,10
2026-09-19 11:10,2026-09-19 11:07,Gardens of Imagination,3082,Marvel Universe,1,0
2026-09-19 11:10,2026-09-19 11:07,Tomorrowland,2999,Buzz Lightyear Planet Rescue,1,5
2026-09-19 11:10,2026-09-19 11:07,Tomorrowland,3000,Jet Packs,1,5
2026-09-19 11:10,2026-09-19 11:07,Tomorrowland,16392,Pixar Adventurous Journey,1,5
2026-09-19 11:10,2026-09-19 11:07,Tomorrowland,3001,Space Chat With Stitch,0,0
2026-09-19 11:10,2026-09-19 11:07,Tomorrowland,2985,TRON Lightcycle Power Run – Presented by Chevrolet,1,50
2026-09-19 11:10,2026-09-19 11:07,Tomorrowland,4076,"TRON Realm, Chevrolet Digital Challenge",1,0
2026-09-19 11:10,2026-09-19 11:07,Toy Story Land,5633,Rex’s Racer,1,30
2026-09-19 11:10,2026-09-19 11:07,Toy Story Land,5634,Slinky Dog Spin,1,5
2026-09-19 11:10,2026-09-19 11:07,Toy Story Land,5635,Woody’s Roundup,1,20
2026-09-19 11:10,2026-09-19 11:07,Treasure Cove,2995,Explorer Canoes,0,0
2026-09-19 11:10,2026-09-19 11:07,Treasure Cove,2996,Pirates of the Caribbean Battle for the Sunken Treasure,1,10
2026-09-19 11:10,2026-09-19 11:07,Treasure Cove,2997,Shipwreck Shore,1,5
2026-09-19 11:10,2026-09-19 11:07,Treasure Cove,2998,Siren's Revenge,1,5
2026-09-19 11:10,2026-09-19 11:07,Zootopia,13819,Zootopia Hot Pursuit Single Rider,1,0
2026-09-19 11:10,2026-09-19 11:07,Zootopia,12392,Zootopia: Hot Pursuit,1,25
2026-09-19 11:15,2026-09-19 11:12,Adventure Isle,3893,Challenge Trails at Camp Discovery,1,5
2026-09-19 11:15,2026-09-19 11:12,Adventure Isle,16370,Junior Explorers Camp,1,5
2026-09-19 11:15,2026-09-19 11:12,Adventure Isle,2986,Roaring Rapids,1,10
2026-09-19 11:15,2026-09-19 11:12,Adventure Isle,3002,Soaring Over the Horizon,1,50
2026-09-19 11:15,2026-09-19 11:12,Adventure Isle,3901,Vista Trail at Camp Discovery,1,0
2026-09-19 11:15,2026-09-19 11:12,Fantasyland,3080,“Once Upon a Time” Adventure,1,5
2026-09-19 11:15,2026-09-19 11:12,Fantasyland,2987,Alice in Wonderland Maze,1,5
2026-09-19 11:15,2026-09-19 11:12,Fantasyland,2988,Hunny Pot Spin,1,15
2026-09-19 11:15,2026-09-19 11:12,Fantasyland,2989,Peter Pan’s Flight,1,5
2026-09-19 11:15,2026-09-19 11:12,Fantasyland,2990,Seven Dwarfs Mine Train,1,45
2026-09-19 11:15,2026-09-19 11:12,Fantasyland,13818,Seven Dwarfs Mine Train Single Rider,1,0
2026-09-19 11:15,2026-09-19 11:12,Fantasyland,2991,The Many Adventures of Winnie the Pooh,1,20
2026-09-19 11:15,2026-09-19 11:12,Fantasyland,2992,Voyage to the Crystal Grotto,0,0
2026-09-19 11:15,2026-09-19 11:12,Gardens of Imagination,3896,Become Iron Man at the Marvel Universe,1,5
2026-09-19 11:15,2026-09-19 11:12,Gardens of Imagination,2993,Dumbo the Flying Elephant,1,5
2026-09-19 11:15,2026-09-19 11:12,Gardens of Imagination,2994,Fantasia Carousel,1,10
2026-09-19 11:15,2026-09-19 11:12,Gardens of Imagination,3082,Marvel Universe,1,0
2026-09-19 11:15,2026-09-19 11:12,Tomorrowland,2999,Buzz Lightyear Planet Rescue,1,5
2026-09-19 11:15,2026-09-19 11:12,Tomorrowland,3000,Jet Packs,1,5
2026-09-19 11:15,2026-09-19 11:12,Tomorrowland,16392,Pixar Adventurous Journey,1,5
2026-09-19 11:15,2026-09-19 11:12,Tomorrowland,3001,Space Chat With Stitch,0,0
2026-09-19 11:15,2026-09-19 11:12,Tomorrowland,2985,TRON Lightcycle Power Run – Presented by Chevrolet,1,50
2026-09-19 11:15,2026-09-19 11:12,Tomorrowland,4076,"TRON Realm, Chevrolet Digital Challenge",1,0
2026-09-19 11:15,2026-09-19 11:12,Toy Story Land,5633,Rex’s Racer,1,20
2026-09-19 11:15,2026-09-19 11:12,Toy Story Land,5634,Slinky Dog Spin,1,5
2026-09-19 11:15,2026-09-19 11:12,Toy Story Land,5635,Woody’s Roundup,1,20
2026-09-19 11:15,2026-09-19 11:12,Treasure Cove,2995,Explorer Canoes,0,0
2026-09-19 11:15,2026-09-19 11:12,Treasure Cove,2996,Pirates of the Caribbean Battle for the Sunken Treasure,1,10
2026-09-19 11:15,2026-09-19 11:12,Treasure Cove,2997,Shipwreck Shore,1,5
2026-09-19 11:15,2026-09-19 11:12,Treasure Cove,2998,Siren's Revenge,1,5
2026-09-19 11:15,2026-09-19 11:12,Zootopia,13819,Zootopia Hot Pursuit Single Rider,1,0
2026-09-19 11:15,2026-09-19 11:12,Zootopia,12392,Zootopia: Hot Pursuit,1,20
2026-09-19 11:20,2026-09-19 11:17,Adventure Isle,3893,Challenge Trails at Camp Discovery,1,5
2026-09-19 11:20,2026-09-19 11:17,Adventure Isle,16370,Junior Explorers Camp,1,5
2026-09-19 11:20,2026-09-19 11:17,Adventure Isle,2986,Roaring Rapids,1,10
2026-09-19 11:20,2026-09-19 11:17,Adventure Isle,3002,Soaring Over the Horizon,1,50
2026-09-19 11:20,2026-09-19 11:17,Adventure Isle,3901,Vista Trail at Camp Discovery,1,0
2026-09-19 11:20,2026-09-19 11:17,Fantasyland,3080,“Once Upon a Time” Adventure,1,5
2026-09-19 11:20,2026-09-19 11:17,Fantasyland,2987,Alice in Wonderland Maze,1,5
2026-09-19 11:20,2026-09-19 11:17,Fantasyland,2988,Hunny Pot Spin,1,15
2026-09-19 11:20,2026-09-19 11:17,Fantasyland,2989,Peter Pan’s Flight,1,10
2026-09-19 11:20,2026-09-19 11:17,Fantasyland,2990,Seven Dwarfs Mine Train,1,45
2026-09-19 11:20,2026-09-19 11:17,Fantasyland,13818,Seven Dwarfs Mine Train Single Rider,1,0
2026-09-19 11:20,2026-09-19 11:17,Fantasyland,2991,The Many Adventures of Winnie the Pooh,1,20
2026-09-19 11:20,2026-09-19 11:17,Fantasyland,2992,Voyage to the Crystal Grotto,0,0
2026-09-19 11:20,2026-09-19 11:17,Gardens of Imagination,3896,Become Iron Man at the Marvel Universe,1,5
2026-09-19 11:20,2026-09-19 11:17,Gardens of Imagination,2993,Dumbo the Flying Elephant,1,5
2026-09-19 11:20,2026-09-19 11:17,Gardens of Imagination,2994,Fantasia Carousel,1,10
2026-09-19 11:20,2026-09-19 11:17,Gardens of Imagination,3082,Marvel Universe,1,0
2026-09-19 11:20,2026-09-19 11:17,Tomorrowland,2999,Buzz Lightyear Planet Rescue,1,5
2026-09-19 11:20,2026-09-19 11:17,Tomorrowland,3000,Jet Packs,1,5
2026-09-19 11:20,2026-09-19 11:17,Tomorrowland,16392,Pixar Adventurous Journey,1,5
2026-09-19 11:20,2026-09-19 11:17,Tomorrowland,3001,Space Chat With Stitch,0,0
2026-09-19 11:20,2026-09-19 11:17,Tomorrowland,2985,TRON Lightcycle Power Run – Presented by Chevrolet,1,50
2026-09-19 11:20,2026-09-19 11:17,Tomorrowland,4076,"TRON Realm, Chevrolet Digital Challenge",1,0
2026-09-19 11:20,2026-09-19 11:17,Toy Story Land,5633,Rex’s Racer,1,20
2026-09-19 11:20,2026-09-19 11:17,Toy Story Land,5634,Slinky Dog Spin,1,5
2026-09-19 11:20,2026-09-19 11:17,Toy Story Land,5635,Woody’s Roundup,1,10
2026-09-19 11:20,2026-09-19 11:17,Treasure Cove,2995,Explorer Canoes,0,0
2026-09-19 11:20,2026-09-19 11:17,Treasure Cove,2996,Pirates of the Caribbean Battle for the Sunken Treasure,1,10
2026-09-19 11:20,2026-09-19 11:17,Treasure Cove,2997,Shipwreck Shore,1,5
2026-09-19 11:20,2026-09-19 11:17,Treasure Cove,2998,Siren's Revenge,1,5
2026-09-19 11:20,2026-09-19 11:17,Zootopia,13819,Zootopia Hot Pursuit Single Rider,1,0
2026-09-19 11:20,2026-09-19 11:17,Zootopia,12392,Zootopia: Hot Pursuit,1,20
2026-09-19 11:25,2026-09-19 11:22,Adventure Isle,3893,Challenge Trails at Camp Discovery,1,5
2026-09-19 11:25,2026-09-19 11:22,Adventure Isle,16370,Junior Explorers Camp,1,5
2026-09-19 11:25,2026-09-19 11:22,Adventure Isle,2986,Roaring Rapids,1,10
2026-09-19 11:25,2026-09-19 11:22,Adventure Isle,3002,Soaring Over the Horizon,1,35
2026-09-19 11:25,2026-09-19 11:22,Adventure Isle,3901,Vista Trail at Camp Discovery,1,0
2026-09-19 11:25,2026-09-19 11:22,Fantasyland,3080,“Once Upon a Time” Adventure,1,5
2026-09-19 11:25,2026-09-19 11:22,Fantasyland,2987,Alice in Wonderland Maze,1,5
2026-09-19 11:25,2026-09-19 11:22,Fantasyland,2988,Hunny Pot Spin,1,15
2026-09-19 11:25,2026-09-19 11:22,Fantasyland,2989,Peter Pan’s Flight,1,10
2026-09-19 11:25,2026-09-19 11:22,Fantasyland,2990,Seven Dwarfs Mine Train,1,45
2026-09-19 11:25,2026-09-19 11:22,Fantasyland,13818,Seven Dwarfs Mine Train Single Rider,1,0
2026-09-19 11:25,2026-09-19 11:22,Fantasyland,2991,The Many Adventures of Winnie the Pooh,1,15
2026-09-19 11:25,2026-09-19 11:22,Fantasyland,2992,Voyage to the Crystal Grotto,0,0
2026-09-19 11:25,2026-09-19 11:22,Gardens of Imagination,3896,Become Iron Man at the Marvel Universe,1,5
2026-09-19 11:25,2026-09-19 11:22,Gardens of Imagination,2993,Dumbo the Flying Elephant,1,5
2026-09-19 11:25,2026-09-19 11:22,Gardens of Imagination,2994,Fantasia Carousel,1,10
2026-09-19 11:25,2026-09-19 11:22,Gardens of Imagination,3082,Marvel Universe,1,0
2026-09-19 11:25,2026-09-19 11:22,Tomorrowland,2999,Buzz Lightyear Planet Rescue,1,5
2026-09-19 11:25,2026-09-19 11:22,Tomorrowland,3000,Jet Packs,1,5
2026-09-19 11:25,2026-09-19 11:22,Tomorrowland,16392,Pixar Adventurous Journey,1,5
2026-09-19 11:25,2026-09-19 11:22,Tomorrowland,3001,Space Chat With Stitch,0,0
2026-09-19 11:25,2026-09-19 11:22,Tomorrowland,2985,TRON Lightcycle Power Run – Presented by Chevrolet,1,50
2026-09-19 11:25,2026-09-19 11:22,Tomorrowland,4076,"TRON Realm, Chevrolet Digital Challenge",1,0
2026-09-19 11:25,2026-09-19 11:22,Toy Story Land,5633,Rex’s Racer,1,10
2026-09-19 11:25,2026-09-19 11:22,Toy Story Land,5634,Slinky Dog Spin,1,5
2026-09-19 11:25,2026-09-19 11:22,Toy Story Land,5635,Woody’s Roundup,1,5
2026-09-19 11:25,2026-09-19 11:22,Treasure Cove,2995,Explorer Canoes,0,0
2026-09-19 11:25,2026-09-19 11:22,Treasure Cove,2996,Pirates of the Caribbean Battle for the Sunken Treasure,1,10
2026-09-19 11:25,2026-09-19 11:22,Treasure Cove,2997,Shipwreck Shore,1,5
2026-09-19 11:25,2026-09-19 11:22,Treasure Cove,2998,Siren's Revenge,1,5
2026-09-19 11:25,2026-09-19 11:22,Zootopia,13819,Zootopia Hot Pursuit Single Rider,1,0
2026-09-19 11:25,2026-09-19 11:22,Zootopia,12392,Zootopia: Hot Pursuit,1,20
2026-09-19 11:30,2026-09-19 11:27,Adventure Isle,3893,Challenge Trails at Camp Discovery,1,5
2026-09-19 11:30,2026-09-19 11:27,Adventure Isle,16370,Junior Explorers Camp,1,5
2026-09-19 11:30,2026-09-19 11:27,Adventure Isle,2986,Roaring Rapids,1,10
2026-09-19 11:30,2026-09-19 11:27,Adventure Isle,3002,Soaring Over the Horizon,1,25
2026-09-19 11:30,2026-09-19 11:27,Adventure Isle,3901,Vista Trail at Camp Discovery,1,0
2026-09-19 11:30,2026-09-19 11:27,Fantasyland,3080,“Once Upon a Time” Adventure,1,5
2026-09-19 11:30,2026-09-19 11:27,Fantasyland,2987,Alice in Wonderland Maze,1,5
2026-09-19 11:30,2026-09-19 11:27,Fantasyland,2988,Hunny Pot Spin,1,15
2026-09-19 11:30,2026-09-19 11:27,Fantasyland,2989,Peter Pan’s Flight,1,10
2026-09-19 11:30,2026-09-19 11:27,Fantasyland,2990,Seven Dwarfs Mine Train,1,45
2026-09-19 11:30,2026-09-19 11:27,Fantasyland,13818,Seven Dwarfs Mine Train Single Rider,1,0
2026-09-19 11:30,2026-09-19 11:27,Fantasyland,2991,The Many Adventures of Winnie the Pooh,1,15
2026-09-19 11:30,2026-09-19 11:27,Fantasyland,2992,Voyage to the Crystal Grotto,0,0
2026-09-19 11:30,2026-09-19 11:27,Gardens of Imagination,3896,Become Iron Man at the Marvel Universe,1,5
2026-09-19 11:30,2026-09-19 11:27,Gardens of Imagination,2993,Dumbo the Flying Elephant,1,5
2026-09-19 11:30,2026-09-19 11:27,Gardens of Imagination,2994,Fantasia Carousel,1,5
2026-09-19 11:30,2026-09-19 11:27,Gardens of Imagination,3082,Marvel Universe,1,0
2026-09-19 11:30,2026-09-19 11:27,Tomorrowland,2999,Buzz Lightyear Planet Rescue,1,5
2026-09-19 11:30,2026-09-19 11:27,Tomorrowland,3000,Jet Packs,1,5
2026-09-19 11:30,2026-09-19 11:27,Tomorrowland,16392,Pixar Adventurous Journey,1,5
2026-09-19 11:30,2026-09-19 11:27,Tomorrowland,3001,Space Chat With Stitch,0,0
2026-09-19 11:30,2026-09-19 11:27,Tomorrowland,2985,TRON Lightcycle Power Run – Presented by Chevrolet,1,50
2026-09-19 11:30,2026-09-19 11:27,Tomorrowland,4076,"TRON Realm, Chevrolet Digital Challenge",1,0
2026-09-19 11:30,2026-09-19 11:27,Toy Story Land,5633,Rex’s Racer,1,20
2026-09-19 11:30,2026-09-19 11:27,Toy Story Land,5634,Slinky Dog Spin,1,5
2026-09-19 11:30,2026-09-19 11:27,Toy Story Land,5635,Woody’s Roundup,1,5
2026-09-19 11:30,2026-09-19 11:27,Treasure Cove,2995,Explorer Canoes,0,0
2026-09-19 11:30,2026-09-19 11:27,Treasure Cove,2996,Pirates of the Caribbean Battle for the Sunken Treasure,1,10
2026-09-19 11:30,2026-09-19 11:27,Treasure Cove,2997,Shipwreck Shore,1,5
2026-09-19 11:30,2026-09-19 11:27,Treasure Cove,2998,Siren's Revenge,1,5
2026-09-19 11:30,2026-09-19 11:27,Zootopia,13819,Zootopia Hot Pursuit Single Rider,1,0
2026-09-19 11:30,2026-09-19 11:27,Zootopia,12392,Zootopia: Hot Pursuit,1,30
2026-09-19 11:35,2026-09-19 11:32,Adventure Isle,3893,Challenge Trails at Camp Discovery,1,5
2026-09-19 11:35,2026-09-19 11:32,Adventure Isle,16370,Junior Explorers Camp,1,5
2026-09-19 11:35,2026-09-19 11:32,Adventure Isle,2986,Roaring Rapids,1,10
2026-09-19 11:35,2026-09-19 11:32,Adventure Isle,3002,Soaring Over the Horizon,1,20
2026-09-19 11:35,2026-09-19 11:32,Adventure Isle,3901,Vista Trail at Camp Discovery,1,0
2026-09-19 11:35,2026-09-19 11:32,Fantasyland,3080,“Once Upon a Time” Adventure,1,5
2026-09-19 11:35,2026-09-19 11:32,Fantasyland,2987,Alice in Wonderland Maze,1,5
2026-09-19 11:35,2026-09-19 11:32,Fantasyland,2988,Hunny Pot Spin,1,15
2026-09-19 11:35,2026-09-19 11:32,Fantasyland,2989,Peter Pan’s Flight,1,5
2026-09-19 11:35,2026-09-19 11:32,Fantasyland,2990,Seven Dwarfs Mine Train,1,45
2026-09-19 11:35,2026-09-19 11:32,Fantasyland,13818,Seven Dwarfs Mine Train Single Rider,1,0
2026-09-19 11:35,2026-09-19 11:32,Fantasyland,2991,The Many Adventures of Winnie the Pooh,1,15
2026-09-19 11:35,2026-09-19 11:32,Fantasyland,2992,Voyage to the Crystal Grotto,0,0
2026-09-19 11:35,2026-09-19 11:32,Gardens of Imagination,3896,Become Iron Man at the Marvel Universe,1,5
2026-09-19 11:35,2026-09-19 11:32,Gardens of Imagination,2993,Dumbo the Flying Elephant,1,5
2026-09-19 11:35,2026-09-19 11:32,Gardens of Imagination,2994,Fantasia Carousel,1,5
2026-09-19 11:35,2026-09-19 11:32,Gardens of Imagination,3082,Marvel Universe,1,0
2026-09-19 11:35,2026-09-19 11:32,Tomorrowland,2999,Buzz Lightyear Planet Rescue,1,5
2026-09-19 11:35,2026-09-19 11:32,Tomorrowland,3000,Jet Packs,1,5
2026-09-19 11:35,2026-09-19 11:32,Tomorrowland,16392,Pixar Adventurous Journey,1,5
2026-09-19 11:35,2026-09-19 11:32,Tomorrowland,3001,Space Chat With Stitch,0,0
2026-09-19 11:35,2026-09-19 11:32,Tomorrowland,2985,TRON Lightcycle Power Run – Presented by Chevrolet,1,50
2026-09-19 11:35,2026-09-19 11:32,Tomorrowland,4076,"TRON Realm, Chevrolet Digital Challenge",1,0
2026-09-19 11:35,2026-09-19 11:32,Toy Story Land,5633,Rex’s Racer,1,20
2026-09-19 11:35,2026-09-19 11:32,Toy Story Land,5634,Slinky Dog Spin,1,5
2026-09-19 11:35,2026-09-19 11:32,Toy Story Land,5635,Woody’s Roundup,1,5
2026-09-19 11:35,2026-09-19 11:32,Treasure Cove,2995,Explorer Canoes,0,0
2026-09-19 11:35,2026-09-19 11:32,Treasure Cove,2996,Pirates of the Caribbean Battle for the Sunken Treasure,1,10
2026-09-19 11:35,2026-09-19 11:32,Treasure Cove,2997,Shipwreck Shore,1,5
2026-09-19 11:35,2026-09-19 11:32,Treasure Cove,2998,Siren's Revenge,1,5
2026-09-19 11:35,2026-09-19 11:32,Zootopia,13819,Zootopia Hot Pursuit Single Rider,1,0
2026-09-19 11:35,2026-09-19 11:32,Zootopia,12392,Zootopia: Hot Pursuit,1,35
2026-09-19 11:40,2026-09-19 11:36,Adventure Isle,3893,Challenge Trails at Camp Discovery,1,5
2026-09-19 11:40,2026-09-19 11:36,Adventure Isle,16370,Junior Explorers Camp,1,5
2026-09-19 11:40,2026-09-19 11:36,Adventure Isle,2986,Roaring Rapids,1,10
2026-09-19 11:40,2026-09-19 11:36,Adventure Isle,3002,Soaring Over the Horizon,1,30
2026-09-19 11:40,2026-09-19 11:36,Adventure Isle,3901,Vista Trail at Camp Discovery,1,0
2026-09-19 11:40,2026-09-19 11:36,Fantasyland,3080,“Once Upon a Time” Adventure,1,5
2026-09-19 11:40,2026-09-19 11:36,Fantasyland,2987,Alice in Wonderland Maze,1,5
2026-09-19 11:40,2026-09-19 11:36,Fantasyland,2988,Hunny Pot Spin,1,10
2026-09-19 11:40,2026-09-19 11:36,Fantasyland,2989,Peter Pan’s Flight,1,5
2026-09-19 11:40,2026-09-19 11:36,Fantasyland,2990,Seven Dwarfs Mine Train,1,45
2026-09-19 11:40,2026-09-19 11:36,Fantasyland,13818,Seven Dwarfs Mine Train Single Rider,1,0
2026-09-19 11:40,2026-09-19 11:36,Fantasyland,2991,The Many Adventures of Winnie the Pooh,1,15
2026-09-19 11:40,2026-09-19 11:36,Fantasyland,2992,Voyage to the Crystal Grotto,0,0
2026-09-19 11:40,2026-09-19 11:36,Gardens of Imagination,3896,Become Iron Man at the Marvel Universe,1,5
2026-09-19 11:40,2026-09-19 11:36,Gardens of Imagination,2993,Dumbo the Flying Elephant,1,5
2026-09-19 11:40,2026-09-19 11:36,Gardens of Imagination,2994,Fantasia Carousel,1,5
2026-09-19 11:40,2026-09-19 11:36,Gardens of Imagination,3082,Marvel Universe,1,0
2026-09-19 11:40,2026-09-19 11:36,Tomorrowland,2999,Buzz Lightyear Planet Rescue,1,5
2026-09-19 11:40,2026-09-19 11:36,Tomorrowland,3000,Jet Packs,1,5
2026-09-19 11:40,2026-09-19 11:36,Tomorrowland,16392,Pixar Adventurous Journey,1,5
2026-09-19 11:40,2026-09-19 11:36,Tomorrowland,3001,Space Chat With Stitch,0,0
2026-09-19 11:40,2026-09-19 11:36,Tomorrowland,2985,TRON Lightcycle Power Run – Presented by Chevrolet,1,50
2026-09-19 11:40,2026-09-19 11:36,Tomorrowland,4076,"TRON Realm, Chevrolet Digital Challenge",1,0
2026-09-19 11:40,2026-09-19 11:36,Toy Story Land,5633,Rex’s Racer,1,20
2026-09-19 11:40,2026-09-19 11:36,Toy Story Land,5634,Slinky Dog Spin,1,5
2026-09-19 11:40,2026-09-19 11:36,Toy Story Land,5635,Woody’s Roundup,1,5
2026-09-19 11:40,2026-09-19 11:36,Treasure Cove,2995,Explorer Canoes,0,0
2026-09-19 11:40,2026-09-19 11:36,Treasure Cove,2996,Pirates of the Caribbean Battle for the Sunken Treasure,1,10
2026-09-19 11:40,2026-09-19 11:36,Treasure Cove,2997,Shipwreck Shore,1,5
2026-09-19 11:40,2026-09-19 11:36,Treasure Cove,2998,Siren's Revenge,1,5
2026-09-19 11:40,2026-09-19 11:36,Zootopia,13819,Zootopia Hot Pursuit Single Rider,1,0
2026-09-19 11:40,2026-09-19 11:36,Zootopia,12392,Zootopia: Hot Pursuit,1,40
2026-09-19 11:45,2026-09-19 11:41,Adventure Isle,3893,Challenge Trails at Camp Discovery,1,5
2026-09-19 11:45,2026-09-19 11:41,Adventure Isle,16370,Junior Explorers Camp,1,5
2026-09-19 11:45,2026-09-19 11:41,Adventure Isle,2986,Roaring Rapids,1,10
2026-09-19 11:45,2026-09-19 11:41,Adventure Isle,3002,Soaring Over the Horizon,1,30
2026-09-19 11:45,2026-09-19 11:41,Adventure Isle,3901,Vista Trail at Camp Discovery,1,0
2026-09-19 11:45,2026-09-19 11:41,Fantasyland,3080,“Once Upon a Time” Adventure,1,5
2026-09-19 11:45,2026-09-19 11:41,Fantasyland,2987,Alice in Wonderland Maze,1,5
2026-09-19 11:45,2026-09-19 11:41,Fantasyland,2988,Hunny Pot Spin,1,5
2026-09-19 11:45,2026-09-19 11:41,Fantasyland,2989,Peter Pan’s Flight,1,5
2026-09-19 11:45,2026-09-19 11:41,Fantasyland,2990,Seven Dwarfs Mine Train,1,45
2026-09-19 11:45,2026-09-19 11:41,Fantasyland,13818,Seven Dwarfs Mine Train Single Rider,1,0
2026-09-19 11:45,2026-09-19 11:41,Fantasyland,2991,The Many Adventures of Winnie the Pooh,1,10
2026-09-19 11:45,2026-09-19 11:41,Fantasyland,2992,Voyage to the Crystal Grotto,0,0
2026-09-19 11:45,2026-09-19 11:41,Gardens of Imagination,3896,Become Iron Man at the Marvel Universe,1,5
2026-09-19 11:45,2026-09-19 11:41,Gardens of Imagination,2993,Dumbo the Flying Elephant,1,5
2026-09-19 11:45,2026-09-19 11:41,Gardens of Imagination,2994,Fantasia Carousel,1,5
2026-09-19 11:45,2026-09-19 11:41,Gardens of Imagination,3082,Marvel Universe,1,0
2026-09-19 11:45,2026-09-19 11:41,Tomorrowland,2999,Buzz Lightyear Planet Rescue,1,5
2026-09-19 11:45,2026-09-19 11:41,Tomorrowland,3000,Jet Packs,1,10
2026-09-19 11:45,2026-09-19 11:41,Tomorrowland,16392,Pixar Adventurous Journey,1,5
2026-09-19 11:45,2026-09-19 11:41,Tomorrowland,3001,Space Chat With Stitch,0,0
2026-09-19 11:45,2026-09-19 11:41,Tomorrowland,2985,TRON Lightcycle Power Run – Presented by Chevrolet,1,40
2026-09-19 11:45,2026-09-19 11:41,Tomorrowland,4076,"TRON Realm, Chevrolet Digital Challenge",1,0
2026-09-19 11:45,2026-09-19 11:41,Toy Story Land,5633,Rex’s Racer,1,20
2026-09-19 11:45,2026-09-19 11:41,Toy Story Land,5634,Slinky Dog Spin,1,5
2026-09-19 11:45,2026-09-19 11:41,Toy Story Land,5635,Woody’s Roundup,1,10
2026-09-19 11:45,2026-09-19 11:41,Treasure Cove,2995,Explorer Canoes,0,0
2026-09-19 11:45,2026-09-19 11:41,Treasure Cove,2996,Pirates of the Caribbean Battle for the Sunken Treasure,1,10
2026-09-19 11:45,2026-09-19 11:41,Treasure Cove,2997,Shipwreck Shore,1,5
2026-09-19 11:45,2026-09-19 11:41,Treasure Cove,2998,Siren's Revenge,1,5
2026-09-19 11:45,2026-09-19 11:41,Zootopia,13819,Zootopia Hot Pursuit Single Rider,1,0
2026-09-19 11:45,2026-09-19 11:41,Zootopia,12392,Zootopia: Hot Pursuit,1,40
2026-09-19 11:50,2026-09-19 11:47,Adventure Isle,3893,Challenge Trails at Camp Discovery,1,5
2026-09-19 11:50,2026-09-19 11:47,Adventure Isle,16370,Junior Explorers Camp,1,5
2026-09-19 11:50,2026-09-19 11:47,Adventure Isle,2986,Roaring Rapids,1,10
2026-09-19 11:50,2026-09-19 11:47,Adventure Isle,3002,Soaring Over the Horizon,1,30
2026-09-19 11:50,2026-09-19 11:47,Adventure Isle,3901,Vista Trail at Camp Discovery,1,0
2026-09-19 11:50,2026-09-19 11:47,Fantasyland,3080,“Once Upon a Time” Adventure,1,5
2026-09-19 11:50,2026-09-19 11:47,Fantasyland,2987,Alice in Wonderland Maze,1,5
2026-09-19 11:50,2026-09-19 11:47,Fantasyland,2988,Hunny Pot Spin,1,5
2026-09-19 11:50,2026-09-19 11:47,Fantasyland,2989,Peter Pan’s Flight,1,5
2026-09-19 11:50,2026-09-19 11:47,Fantasyland,2990,Seven Dwarfs Mine Train,1,45
2026-09-19 11:50,2026-09-19 11:47,Fantasyland,13818,Seven Dwarfs Mine Train Single Rider,1,0
2026-09-19 11:50,2026-09-19 11:47,Fantasyland,2991,The Many Adventures of Winnie the Pooh,1,10
2026-09-19 11:50,2026-09-19 11:47,Fantasyland,2992,Voyage to the Crystal Grotto,0,0
2026-09-19 11:50,2026-09-19 11:47,Gardens of Imagination,3896,Become Iron Man at the Marvel Universe,1,5
2026-09-19 11:50,2026-09-19 11:47,Gardens of Imagination,2993,Dumbo the Flying Elephant,1,10
2026-09-19 11:50,2026-09-19 11:47,Gardens of Imagination,2994,Fantasia Carousel,1,5
2026-09-19 11:50,2026-09-19 11:47,Gardens of Imagination,3082,Marvel Universe,1,0
2026-09-19 11:50,2026-09-19 11:47,Tomorrowland,2999,Buzz Lightyear Planet Rescue,1,5
2026-09-19 11:50,2026-09-19 11:47,Tomorrowland,3000,Jet Packs,1,10
2026-09-19 11:50,2026-09-19 11:47,Tomorrowland,16392,Pixar Adventurous Journey,1,5
2026-09-19 11:50,2026-09-19 11:47,Tomorrowland,3001,Space Chat With Stitch,0,0
2026-09-19 11:50,2026-09-19 11:47,Tomorrowland,2985,TRON Lightcycle Power Run – Presented by Chevrolet,1,40
2026-09-19 11:50,2026-09-19 11:47,Tomorrowland,4076,"TRON Realm, Chevrolet Digital Challenge",1,0
2026-09-19 11:50,2026-09-19 11:47,Toy Story Land,5633,Rex’s Racer,1,30
2026-09-19 11:50,2026-09-19 11:47,Toy Story Land,5634,Slinky Dog Spin,1,5
2026-09-19 11:50,2026-09-19 11:47,Toy Story Land,5635,Woody’s Roundup,1,10
2026-09-19 11:50,2026-09-19 11:47,Treasure Cove,2995,Explorer Canoes,0,0
2026-09-19 11:50,2026-09-19 11:47,Treasure Cove,2996,Pirates of the Caribbean Battle for the Sunken Treasure,1,10
2026-09-19 11:50,2026-09-19 11:47,Treasure Cove,2997,Shipwreck Shore,1,5
2026-09-19 11:50,2026-09-19 11:47,Treasure Cove,2998,Siren's Revenge,1,5
2026-09-19 11:50,2026-09-19 11:47,Zootopia,13819,Zootopia Hot Pursuit Single Rider,1,0
2026-09-19 11:50,2026-09-19 11:47,Zootopia,12392,Zootopia: Hot Pursuit,1,40
2026-09-19 11:55,2026-09-19 11:52,Adventure Isle,3893,Challenge Trails at Camp Discovery,1,5
2026-09-19 11:55,2026-09-19 11:52,Adventure Isle,16370,Junior Explorers Camp,1,5
2026-09-19 11:55,2026-09-19 11:52,Adventure Isle,2986,Roaring Rapids,1,10
2026-09-19 11:55,2026-09-19 11:52,Adventure Isle,3002,Soaring Over the Horizon,1,30
2026-09-19 11:55,2026-09-19 11:52,Adventure Isle,3901,Vista Trail at Camp Discovery,1,0
2026-09-19 11:55,2026-09-19 11:52,Fantasyland,3080,“Once Upon a Time” Adventure,1,5
2026-09-19 11:55,2026-09-19 11:52,Fantasyland,2987,Alice in Wonderland Maze,1,5
2026-09-19 11:55,2026-09-19 11:52,Fantasyland,2988,Hunny Pot Spin,1,5
2026-09-19 11:55,2026-09-19 11:52,Fantasyland,2989,Peter Pan’s Flight,1,5
2026-09-19 11:55,2026-09-19 11:52,Fantasyland,2990,Seven Dwarfs Mine Train,1,40
2026-09-19 11:55,2026-09-19 11:52,Fantasyland,13818,Seven Dwarfs Mine Train Single Rider,1,0
2026-09-19 11:55,2026-09-19 11:52,Fantasyland,2991,The Many Adventures of Winnie the Pooh,1,15
2026-09-19 11:55,2026-09-19 11:52,Fantasyland,2992,Voyage to the Crystal Grotto,0,0
2026-09-19 11:55,2026-09-19 11:52,Gardens of Imagination,3896,Become Iron Man at the Marvel Universe,1,5
2026-09-19 11:55,2026-09-19 11:52,Gardens of Imagination,2993,Dumbo the Flying Elephant,1,15
2026-09-19 11:55,2026-09-19 11:52,Gardens of Imagination,2994,Fantasia Carousel,1,5
2026-09-19 11:55,2026-09-19 11:52,Gardens of Imagination,3082,Marvel Universe,1,0
2026-09-19 11:55,2026-09-19 11:52,Tomorrowland,2999,Buzz Lightyear Planet Rescue,1,5
2026-09-19 11:55,2026-09-19 11:52,Tomorrowland,3000,Jet Packs,1,10
2026-09-19 11:55,2026-09-19 11:52,Tomorrowland,16392,Pixar Adventurous Journey,1,5
2026-09-19 11:55,2026-09-19 11:52,Tomorrowland,3001,Space Chat With Stitch,0,0
2026-09-19 11:55,2026-09-19 11:52,Tomorrowland,2985,TRON Lightcycle Power Run – Presented by Chevrolet,1,40
2026-09-19 11:55,2026-09-19 11:52,Tomorrowland,4076,"TRON Realm, Chevrolet Digital Challenge",1,0
2026-09-19 11:55,2026-09-19 11:52,Toy Story Land,5633,Rex’s Racer,1,30
2026-09-19 11:55,2026-09-19 11:52,Toy Story Land,5634,Slinky Dog Spin,1,5
2026-09-19 11:55,2026-09-19 11:52,Toy Story Land,5635,Woody’s Roundup,1,10
2026-09-19 11:55,2026-09-19 11:52,Treasure Cove,2995,Explorer Canoes,0,0
2026-09-19 11:55,2026-09-19 11:52,Treasure Cove,2996,Pirates of the Caribbean Battle for the Sunken Treasure,1,10
2026-09-19 11:55,2026-09-19 11:52,Treasure Cove,2997,Shipwreck Shore,1,5
2026-09-19 11:55,2026-09-19 11:52,Treasure Cove,2998,Siren's Revenge,1,5
2026-09-19 11:55,2026-09-19 11:52,Zootopia,13819,Zootopia Hot Pursuit Single Rider,1,0
2026-09-19 11:55,2026-09-19 11:52,Zootopia,12392,Zootopia: Hot Pursuit,1,40
2026-09-19 12:00,2026-09-19 11:56,Adventure Isle,3893,Challenge Trails at Camp Discovery,1,5
2026-09-19 12:00,2026-09-19 11:56,Adventure Isle,16370,Junior Explorers Camp,1,5
2026-09-19 12:00,2026-09-19 11:56,Adventure Isle,2986,Roaring Rapids,1,10
2026-09-19 12:00,2026-09-19 11:56,Adventure Isle,3002,Soaring Over the Horizon,1,40
2026-09-19 12:00,2026-09-19 11:56,Adventure Isle,3901,Vista Trail at Camp Discovery,1,0
2026-09-19 12:00,2026-09-19 11:56,Fantasyland,3080,“Once Upon a Time” Adventure,1,5
2026-09-19 12:00,2026-09-19 11:56,Fantasyland,2987,Alice in Wonderland Maze,1,5
2026-09-19 12:00,2026-09-19 11:56,Fantasyland,2988,Hunny Pot Spin,1,5
2026-09-19 12:00,2026-09-19 11:56,Fantasyland,2989,Peter Pan’s Flight,1,5
2026-09-19 12:00,2026-09-19 11:56,Fantasyland,2990,Seven Dwarfs Mine Train,1,40
2026-09-19 12:00,2026-09-19 11:56,Fantasyland,13818,Seven Dwarfs Mine Train Single Rider,1,0
2026-09-19 12:00,2026-09-19 11:56,Fantasyland,2991,The Many Adventures of Winnie the Pooh,1,15
2026-09-19 12:00,2026-09-19 11:56,Fantasyland,2992,Voyage to the Crystal Grotto,0,0
2026-09-19 12:00,2026-09-19 11:56,Gardens of Imagination,3896,Become Iron Man at the Marvel Universe,1,5
2026-09-19 12:00,2026-09-19 11:56,Gardens of Imagination,2993,Dumbo the Flying Elephant,1,20
2026-09-19 12:00,2026-09-19 11:56,Gardens of Imagination,2994,Fantasia Carousel,1,5
2026-09-19 12:00,2026-09-19 11:56,Gardens of Imagination,3082,Marvel Universe,1,0
2026-09-19 12:00,2026-09-19 11:56,Tomorrowland,2999,Buzz Lightyear Planet Rescue,1,5
2026-09-19 12:00,2026-09-19 11:56,Tomorrowland,3000,Jet Packs,1,10
2026-09-19 12:00,2026-09-19 11:56,Tomorrowland,16392,Pixar Adventurous Journey,1,5
2026-09-19 12:00,2026-09-19 11:56,Tomorrowland,3001,Space Chat With Stitch,0,0
2026-09-19 12:00,2026-09-19 11:56,Tomorrowland,2985,TRON Lightcycle Power Run – Presented by Chevrolet,1,40
2026-09-19 12:00,2026-09-19 11:56,Tomorrowland,4076,"TRON Realm, Chevrolet Digital Challenge",1,0
2026-09-19 12:00,2026-09-19 11:56,Toy Story Land,5633,Rex’s Racer,1,40
2026-09-19 12:00,2026-09-19 11:56,Toy Story Land,5634,Slinky Dog Spin,1,5
2026-09-19 12:00,2026-09-19 11:56,Toy Story Land,5635,Woody’s Roundup,1,20
2026-09-19 12:00,2026-09-19 11:56,Treasure Cove,2995,Explorer Canoes,0,0
2026-09-19 12:00,2026-09-19 11:56,Treasure Cove,2996,Pirates of the Caribbean Battle for the Sunken Treasure,1,10
2026-09-19 12:00,2026-09-19 11:56,Treasure Cove,2997,Shipwreck Shore,1,5
2026-09-19 12:00,2026-09-19 11:56,Treasure Cove,2998,Siren's Revenge,1,5
2026-09-19 12:00,2026-09-19 11:56,Zootopia,13819,Zootopia Hot Pursuit Single Rider,1,0
2026-09-19 12:00,2026-09-19 11:56,Zootopia,12392,Zootopia: Hot Pursuit,1,40
2026-09-19 12:05,2026-09-19 12:02,Adventure Isle,3893,Challenge Trails at Camp Discovery,1,5
2026-09-19 12:05,2026-09-19 12:02,Adventure Isle,16370,Junior Explorers Camp,1,5
2026-09-19 12:05,2026-09-19 12:02,Adventure Isle,2986,Roaring Rapids,1,10
2026-09-19 12:05,2026-09-19 12:02,Adventure Isle,3002,Soaring Over the Horizon,1,40
2026-09-19 12:05,2026-09-19 12:02,Adventure Isle,3901,Vista Trail at Camp Discovery,1,0
2026-09-19 12:05,2026-09-19 12:02,Fantasyland,3080,“Once Upon a Time” Adventure,1,5
2026-09-19 12:05,2026-09-19 12:02,Fantasyland,2987,Alice in Wonderland Maze,1,5
2026-09-19 12:05,2026-09-19 12:02,Fantasyland,2988,Hunny Pot Spin,1,5
2026-09-19 12:05,2026-09-19 12:02,Fantasyland,2989,Peter Pan’s Flight,1,5
2026-09-19 12:05,2026-09-19 12:02,Fantasyland,2990,Seven Dwarfs Mine Train,1,40
2026-09-19 12:05,2026-09-19 12:02,Fantasyland,13818,Seven Dwarfs Mine Train Single Rider,1,0
2026-09-19 12:05,2026-09-19 12:02,Fantasyland,2991,The Many Adventures of Winnie the Pooh,1,20
2026-09-19 12:05,2026-09-19 12:02,Fantasyland,2992,Voyage to the Crystal Grotto,0,0
2026-09-19 12:05,2026-09-19 12:02,Gardens of Imagination,3896,Become Iron Man at the Marvel Universe,1,5
2026-09-19 12:05,2026-09-19 12:02,Gardens of Imagination,2993,Dumbo the Flying Elephant,1,20
2026-09-19 12:05,2026-09-19 12:02,Gardens of Imagination,2994,Fantasia Carousel,1,5
2026-09-19 12:05,2026-09-19 12:02,Gardens of Imagination,3082,Marvel Universe,1,0
2026-09-19 12:05,2026-09-19 12:02,Tomorrowland,2999,Buzz Lightyear Planet Rescue,1,5
2026-09-19 12:05,2026-09-19 12:02,Tomorrowland,3000,Jet Packs,1,20
2026-09-19 12:05,2026-09-19 12:02,Tomorrowland,16392,Pixar Adventurous Journey,1,5
2026-09-19 12:05,2026-09-19 12:02,Tomorrowland,3001,Space Chat With Stitch,0,0
2026-09-19 12:05,2026-09-19 12:02,Tomorrowland,2985,TRON Lightcycle Power Run – Presented by Chevrolet,1,40
2026-09-19 12:05,2026-09-19 12:02,Tomorrowland,4076,"TRON Realm, Chevrolet Digital Challenge",1,0
2026-09-19 12:05,2026-09-19 12:02,Toy Story Land,5633,Rex’s Racer,1,40
2026-09-19 12:05,2026-09-19 12:02,Toy Story Land,5634,Slinky Dog Spin,1,5
2026-09-19 12:05,2026-09-19 12:02,Toy Story Land,5635,Woody’s Roundup,1,30
2026-09-19 12:05,2026-09-19 12:02,Treasure Cove,2995,Explorer Canoes,0,0
2026-09-19 12:05,2026-09-19 12:02,Treasure Cove,2996,Pirates of the Caribbean Battle for the Sunken Treasure,1,10
2026-09-19 12:05,2026-09-19 12:02,Treasure Cove,2997,Shipwreck Shore,1,5
2026-09-19 12:05,2026-09-19 12:02,Treasure Cove,2998,Siren's Revenge,1,5
2026-09-19 12:05,2026-09-19 12:02,Zootopia,13819,Zootopia Hot Pursuit Single Rider,1,0
2026-09-19 12:05,2026-09-19 12:02,Zootopia,12392,Zootopia: Hot Pursuit,1,30
2026-09-19 12:10,2026-09-19 12:07,Adventure Isle,3893,Challenge Trails at Camp Discovery,1,5
2026-09-19 12:10,2026-09-19 12:07,Adventure Isle,16370,Junior Explorers Camp,1,5
2026-09-19 12:10,2026-09-19 12:07,Adventure Isle,2986,Roaring Rapids,1,10
2026-09-19 12:10,2026-09-19 12:07,Adventure Isle,3002,Soaring Over the Horizon,1,40
2026-09-19 12:10,2026-09-19 12:07,Adventure Isle,3901,Vista Trail at Camp Discovery,1,0
2026-09-19 12:10,2026-09-19 12:07,Fantasyland,3080,“Once Upon a Time” Adventure,1,5
2026-09-19 12:10,2026-09-19 12:07,Fantasyland,2987,Alice in Wonderland Maze,1,5
2026-09-19 12:10,2026-09-19 12:07,Fantasyland,2988,Hunny Pot Spin,1,5
2026-09-19 12:10,2026-09-19 12:07,Fantasyland,2989,Peter Pan’s Flight,1,10
2026-09-19 12:10,2026-09-19 12:07,Fantasyland,2990,Seven Dwarfs Mine Train,1,50
2026-09-19 12:10,2026-09-19 12:07,Fantasyland,13818,Seven Dwarfs Mine Train Single Rider,1,0
2026-09-19 12:10,2026-09-19 12:07,Fantasyland,2991,The Many Adventures of Winnie the Pooh,1,20
2026-09-19 12:10,2026-09-19 12:07,Fantasyland,2992,Voyage to the Crystal Grotto,0,0
2026-09-19 12:10,2026-09-19 12:07,Gardens of Imagination,3896,Become Iron Man at the Marvel Universe,1,5
2026-09-19 12:10,2026-09-19 12:07,Gardens of Imagination,2993,Dumbo the Flying Elephant,1,20
2026-09-19 12:10,2026-09-19 12:07,Gardens of Imagination,2994,Fantasia Carousel,1,5
2026-09-19 12:10,2026-09-19 12:07,Gardens of Imagination,3082,Marvel Universe,1,0
2026-09-19 12:10,2026-09-19 12:07,Tomorrowland,2999,Buzz Lightyear Planet Rescue,1,5
2026-09-19 12:10,2026-09-19 12:07,Tomorrowland,3000,Jet Packs,1,30
2026-09-19 12:10,2026-09-19 12:07,Tomorrowland,16392,Pixar Adventurous Journey,1,5
2026-09-19 12:10,2026-09-19 12:07,Tomorrowland,3001,Space Chat With Stitch,1,15
2026-09-19 12:10,2026-09-19 12:07,Tomorrowland,2985,TRON Lightcycle Power Run – Presented by Chevrolet,1,40
2026-09-19 12:10,2026-09-19 12:07,Tomorrowland,4076,"TRON Realm, Chevrolet Digital Challenge",1,0
2026-09-19 12:10,2026-09-19 12:07,Toy Story Land,5633,Rex’s Racer,1,40
2026-09-19 12:10,2026-09-19 12:07,Toy Story Land,5634,Slinky Dog Spin,1,20
2026-09-19 12:10,2026-09-19 12:07,Toy Story Land,5635,Woody’s Roundup,1,50
2026-09-19 12:10,2026-09-19 12:07,Treasure Cove,2995,Explorer Canoes,0,0
2026-09-19 12:10,2026-09-19 12:07,Treasure Cove,2996,Pirates of the Caribbean Battle for the Sunken Treasure,1,10
2026-09-19 12:10,2026-09-19 12:07,Treasure Cove,2997,Shipwreck Shore,1,5
2026-09-19 12:10,2026-09-19 12:07,Treasure Cove,2998,Siren's Revenge,1,5
2026-09-19 12:10,2026-09-19 12:07,Zootopia,13819,Zootopia Hot Pursuit Single Rider,1,0
2026-09-19 12:10,2026-09-19 12:07,Zootopia,12392,Zootopia: Hot Pursuit,1,25
2026-09-19 12:15,2026-09-19 12:12,Adventure Isle,3893,Challenge Trails at Camp Discovery,1,5
2026-09-19 12:15,2026-09-19 12:12,Adventure Isle,16370,Junior Explorers Camp,1,5
2026-09-19 12:15,2026-09-19 12:12,Adventure Isle,2986,Roaring Rapids,1,10
2026-09-19 12:15,2026-09-19 12:12,Adventure Isle,3002,Soaring Over the Horizon,1,40
2026-09-19 12:15,2026-09-19 12:12,Adventure Isle,3901,Vista Trail at Camp Discovery,1,0
2026-09-19 12:15,2026-09-19 12:12,Fantasyland,3080,“Once Upon a Time” Adventure,1,5
2026-09-19 12:15,2026-09-19 12:12,Fantasyland,2987,Alice in Wonderland Maze,1,5
2026-09-19 12:15,2026-09-19 12:12,Fantasyland,2988,Hunny Pot Spin,1,10
2026-09-19 12:15,2026-09-19 12:12,Fantasyland,2989,Peter Pan’s Flight,1,15
2026-09-19 12:15,2026-09-19 12:12,Fantasyland,2990,Seven Dwarfs Mine Train,1,60
2026-09-19 12:15,2026-09-19 12:12,Fantasyland,13818,Seven Dwarfs Mine Train Single Rider,1,0
2026-09-19 12:15,2026-09-19 12:12,Fantasyland,2991,The Many Adventures of Winnie the Pooh,1,20
2026-09-19 12:15,2026-09-19 12:12,Fantasyland,2992,Voyage to the Crystal Grotto,0,0
2026-09-19 12:15,2026-09-19 12:12,Gardens of Imagination,3896,Become Iron Man at the Marvel Universe,1,5
2026-09-19 12:15,2026-09-19 12:12,Gardens of Imagination,2993,Dumbo the Flying Elephant,1,20
2026-09-19 12:15,2026-09-19 12:12,Gardens of Imagination,2994,Fantasia Carousel,1,5
2026-09-19 12:15,2026-09-19 12:12,Gardens of Imagination,3082,Marvel Universe,1,0
2026-09-19 12:15,2026-09-19 12:12,Tomorrowland,2999,Buzz Lightyear Planet Rescue,1,5
2026-09-19 12:15,2026-09-19 12:12,Tomorrowland,3000,Jet Packs,1,30
2026-09-19 12:15,2026-09-19 12:12,Tomorrowland,16392,Pixar Adventurous Journey,1,5
2026-09-19 12:15,2026-09-19 12:12,Tomorrowland,3001,Space Chat With Stitch,1,15
2026-09-19 12:15,2026-09-19 12:12,Tomorrowland,2985,TRON Lightcycle Power Run – Presented by Chevrolet,1,30
2026-09-19 12:15,2026-09-19 12:12,Tomorrowland,4076,"TRON Realm, Chevrolet Digital Challenge",1,0
2026-09-19 12:15,2026-09-19 12:12,Toy Story Land,5633,Rex’s Racer,1,40
2026-09-19 12:15,2026-09-19 12:12,Toy Story Land,5634,Slinky Dog Spin,1,20
2026-09-19 12:15,2026-09-19 12:12,Toy Story Land,5635,Woody’s Roundup,1,50
2026-09-19 12:15,2026-09-19 12:12,Treasure Cove,2995,Explorer Canoes,0,0
2026-09-19 12:15,2026-09-19 12:12,Treasure Cove,2996,Pirates of the Caribbean Battle for the Sunken Treasure,1,10
2026-09-19 12:15,2026-09-19 12:12,Treasure Cove,2997,Shipwreck Shore,1,5
2026-09-19 12:15,2026-09-19 12:12,Treasure Cove,2998,Siren's Revenge,1,5
2026-09-19 12:15,2026-09-19 12:12,Zootopia,13819,Zootopia Hot Pursuit Single Rider,1,0
2026-09-19 12:15,2026-09-19 12:12,Zootopia,12392,Zootopia: Hot Pursuit,1,25
2026-09-19 12:20,2026-09-19 12:16,Adventure Isle,3893,Challenge Trails at Camp Discovery,1,5
2026-09-19 12:20,2026-09-19 12:16,Adventure Isle,16370,Junior Explorers Camp,1,5
2026-09-19 12:20,2026-09-19 12:16,Adventure Isle,2986,Roaring Rapids,1,10
2026-09-19 12:20,2026-09-19 12:16,Adventure Isle,3002,Soaring Over the Horizon,1,40
2026-09-19 12:20,2026-09-19 12:16,Adventure Isle,3901,Vista Trail at Camp Discovery,1,0
2026-09-19 12:20,2026-09-19 12:16,Fantasyland,3080,“Once Upon a Time” Adventure,1,5
2026-09-19 12:20,2026-09-19 12:16,Fantasyland,2987,Alice in Wonderland Maze,1,5
2026-09-19 12:20,2026-09-19 12:16,Fantasyland,2988,Hunny Pot Spin,1,10
2026-09-19 12:20,2026-09-19 12:16,Fantasyland,2989,Peter Pan’s Flight,1,15
2026-09-19 12:20,2026-09-19 12:16,Fantasyland,2990,Seven Dwarfs Mine Train,1,60
2026-09-19 12:20,2026-09-19 12:16,Fantasyland,13818,Seven Dwarfs Mine Train Single Rider,1,0
2026-09-19 12:20,2026-09-19 12:16,Fantasyland,2991,The Many Adventures of Winnie the Pooh,1,20
2026-09-19 12:20,2026-09-19 12:16,Fantasyland,2992,Voyage to the Crystal Grotto,0,0
2026-09-19 12:20,2026-09-19 12:16,Gardens of Imagination,3896,Become Iron Man at the Marvel Universe,1,5
2026-09-19 12:20,2026-09-19 12:16,Gardens of Imagination,2993,Dumbo the Flying Elephant,1,20
2026-09-19 12:20,2026-09-19 12:16,Gardens of Imagination,2994,Fantasia Carousel,1,5
2026-09-19 12:20,2026-09-19 12:16,Gardens of Imagination,3082,Marvel Universe,1,0
2026-09-19 12:20,2026-09-19 12:16,Tomorrowland,2999,Buzz Lightyear Planet Rescue,1,5
2026-09-19 12:20,2026-09-19 12:16,Tomorrowland,3000,Jet Packs,1,20
2026-09-19 12:20,2026-09-19 12:16,Tomorrowland,16392,Pixar Adventurous Journey,1,5
2026-09-19 12:20,2026-09-19 12:16,Tomorrowland,3001,Space Chat With Stitch,1,15
2026-09-19 12:20,2026-09-19 12:16,Tomorrowland,2985,TRON Lightcycle Power Run – Presented by Chevrolet,1,30
2026-09-19 12:20,2026-09-19 12:16,Tomorrowland,4076,"TRON Realm, Chevrolet Digital Challenge",1,0
2026-09-19 12:20,2026-09-19 12:16,Toy Story Land,5633,Rex’s Racer,1,50
2026-09-19 12:20,2026-09-19 12:16,Toy Story Land,5634,Slinky Dog Spin,1,20
2026-09-19 12:20,2026-09-19 12:16,Toy Story Land,5635,Woody’s Roundup,1,50
2026-09-19 12:20,2026-09-19 12:16,Treasure Cove,2995,Explorer Canoes,0,0
2026-09-19 12:20,2026-09-19 12:16,Treasure Cove,2996,Pirates of the Caribbean Battle for the Sunken Treasure,1,10
2026-09-19 12:20,2026-09-19 12:16,Treasure Cove,2997,Shipwreck Shore,1,5
2026-09-19 12:20,2026-09-19 12:16,Treasure Cove,2998,Siren's Revenge,1,5
2026-09-19 12:20,2026-09-19 12:16,Zootopia,13819,Zootopia Hot Pursuit Single Rider,1,0
2026-09-19 12:20,2026-09-19 12:16,Zootopia,12392,Zootopia: Hot Pursuit,1,25
2026-09-19 12:25,2026-09-19 12:21,Adventure Isle,3893,Challenge Trails at Camp Discovery,1,5
2026-09-19 12:25,2026-09-19 12:21,Adventure Isle,16370,Junior Explorers Camp,1,5
2026-09-19 12:25,2026-09-19 12:21,Adventure Isle,2986,Roaring Rapids,1,10
2026-09-19 12:25,2026-09-19 12:21,Adventure Isle,3002,Soaring Over the Horizon,1,40
2026-09-19 12:25,2026-09-19 12:21,Adventure Isle,3901,Vista Trail at Camp Discovery,1,0
2026-09-19 12:25,2026-09-19 12:21,Fantasyland,3080,“Once Upon a Time” Adventure,1,5
2026-09-19 12:25,2026-09-19 12:21,Fantasyland,2987,Alice in Wonderland Maze,1,5
2026-09-19 12:25,2026-09-19 12:21,Fantasyland,2988,Hunny Pot Spin,1,15
2026-09-19 12:25,2026-09-19 12:21,Fantasyland,2989,Peter Pan’s Flight,1,15
2026-09-19 12:25,2026-09-19 12:21,Fantasyland,2990,Seven Dwarfs Mine Train,1,60
2026-09-19 12:25,2026-09-19 12:21,Fantasyland,13818,Seven Dwarfs Mine Train Single Rider,1,0
2026-09-19 12:25,2026-09-19 12:21,Fantasyland,2991,The Many Adventures of Winnie the Pooh,1,25
2026-09-19 12:25,2026-09-19 12:21,Fantasyland,2992,Voyage to the Crystal Grotto,0,0
2026-09-19 12:25,2026-09-19 12:21,Gardens of Imagination,3896,Become Iron Man at the Marvel Universe,1,5
2026-09-19 12:25,2026-09-19 12:21,Gardens of Imagination,2993,Dumbo the Flying Elephant,1,20
2026-09-19 12:25,2026-09-19 12:21,Gardens of Imagination,2994,Fantasia Carousel,1,5
2026-09-19 12:25,2026-09-19 12:21,Gardens of Imagination,3082,Marvel Universe,1,0
2026-09-19 12:25,2026-09-19 12:21,Tomorrowland,2999,Buzz Lightyear Planet Rescue,1,5
2026-09-19 12:25,2026-09-19 12:21,Tomorrowland,3000,Jet Packs,1,20
2026-09-19 12:25,2026-09-19 12:21,Tomorrowland,16392,Pixar Adventurous Journey,1,5
2026-09-19 12:25,2026-09-19 12:21,Tomorrowland,3001,Space Chat With Stitch,1,15
2026-09-19 12:25,2026-09-19 12:21,Tomorrowland,2985,TRON Lightcycle Power Run – Presented by Chevrolet,1,40
2026-09-19 12:25,2026-09-19 12:21,Tomorrowland,4076,"TRON Realm, Chevrolet Digital Challenge",1,0
2026-09-19 12:25,2026-09-19 12:21,Toy Story Land,5633,Rex’s Racer,1,50
2026-09-19 12:25,2026-09-19 12:21,Toy Story Land,5634,Slinky Dog Spin,1,20
2026-09-19 12:25,2026-09-19 12:21,Toy Story Land,5635,Woody’s Roundup,1,40
2026-09-19 12:25,2026-09-19 12:21,Treasure Cove,2995,Explorer Canoes,0,0
2026-09-19 12:25,2026-09-19 12:21,Treasure Cove,2996,Pirates of the Caribbean Battle for the Sunken Treasure,1,10
2026-09-19 12:25,2026-09-19 12:21,Treasure Cove,2997,Shipwreck Shore,1,5
2026-09-19 12:25,2026-09-19 12:21,Treasure Cove,2998,Siren's Revenge,1,5
2026-09-19 12:25,2026-09-19 12:21,Zootopia,13819,Zootopia Hot Pursuit Single Rider,1,0
2026-09-19 12:25,2026-09-19 12:21,Zootopia,12392,Zootopia: Hot Pursuit,1,25
2026-09-19 12:30,2026-09-19 12:27,Adventure Isle,3893,Challenge Trails at Camp Discovery,1,5
2026-09-19 12:30,2026-09-19 12:27,Adventure Isle,16370,Junior Explorers Camp,1,5
2026-09-19 12:30,2026-09-19 12:27,Adventure Isle,2986,Roaring Rapids,1,10
2026-09-19 12:30,2026-09-19 12:27,Adventure Isle,3002,Soaring Over the Horizon,1,45
2026-09-19 12:30,2026-09-19 12:27,Adventure Isle,3901,Vista Trail at Camp Discovery,1,0
2026-09-19 12:30,2026-09-19 12:27,Fantasyland,3080,“Once Upon a Time” Adventure,1,5
2026-09-19 12:30,2026-09-19 12:27,Fantasyland,2987,Alice in Wonderland Maze,1,5
2026-09-19 12:30,2026-09-19 12:27,Fantasyland,2988,Hunny Pot Spin,1,15
2026-09-19 12:30,2026-09-19 12:27,Fantasyland,2989,Peter Pan’s Flight,1,15
2026-09-19 12:30,2026-09-19 12:27,Fantasyland,2990,Seven Dwarfs Mine Train,1,60
2026-09-19 12:30,2026-09-19 12:27,Fantasyland,13818,Seven Dwarfs Mine Train Single Rider,1,0
2026-09-19 12:30,2026-09-19 12:27,Fantasyland,2991,The Many Adventures of Winnie the Pooh,1,30
2026-09-19 12:30,2026-09-19 12:27,Fantasyland,2992,Voyage to the Crystal Grotto,0,0
2026-09-19 12:30,2026-09-19 12:27,Gardens of Imagination,3896,Become Iron Man at the Marvel Universe,1,5
2026-09-19 12:30,2026-09-19 12:27,Gardens of Imagination,2993,Dumbo the Flying Elephant,1,20
2026-09-19 12:30,2026-09-19 12:27,Gardens of Imagination,2994,Fantasia Carousel,1,5
2026-09-19 12:30,2026-09-19 12:27,Gardens of Imagination,3082,Marvel Universe,1,0
2026-09-19 12:30,2026-09-19 12:27,Tomorrowland,2999,Buzz Lightyear Planet Rescue,1,5
2026-09-19 12:30,2026-09-19 12:27,Tomorrowland,3000,Jet Packs,1,20
2026-09-19 12:30,2026-09-19 12:27,Tomorrowland,16392,Pixar Adventurous Journey,1,5
2026-09-19 12:30,2026-09-19 12:27,Tomorrowland,3001,Space Chat With Stitch,1,15
2026-09-19 12:30,2026-09-19 12:27,Tomorrowland,2985,TRON Lightcycle Power Run – Presented by Chevrolet,1,40
2026-09-19 12:30,2026-09-19 12:27,Tomorrowland,4076,"TRON Realm, Chevrolet Digital Challenge",1,0
2026-09-19 12:30,2026-09-19 12:27,Toy Story Land,5633,Rex’s Racer,1,50
2026-09-19 12:30,2026-09-19 12:27,Toy Story Land,5634,Slinky Dog Spin,1,20
2026-09-19 12:30,2026-09-19 12:27,Toy Story Land,5635,Woody’s Roundup,1,40
2026-09-19 12:30,2026-09-19 12:27,Treasure Cove,2995,Explorer Canoes,0,0
2026-09-19 12:30,2026-09-19 12:27,Treasure Cove,2996,Pirates of the Caribbean Battle for the Sunken Treasure,1,10
2026-09-19 12:30,2026-09-19 12:27,Treasure Cove,2997,Shipwreck Shore,1,5
2026-09-19 12:30,2026-09-19 12:27,Treasure Cove,2998,Siren's Revenge,1,5
2026-09-19 12:30,2026-09-19 12:27,Zootopia,13819,Zootopia Hot Pursuit Single Rider,1,0
2026-09-19 12:30,2026-09-19 12:27,Zootopia,12392,Zootopia: Hot Pursuit,1,25
2026-09-19 12:35,2026-09-19 12:32,Adventure Isle,3893,Challenge Trails at Camp Discovery,1,5
2026-09-19 12:35,2026-09-19 12:32,Adventure Isle,16370,Junior Explorers Camp,1,5
2026-09-19 12:35,2026-09-19 12:32,Adventure Isle,2986,Roaring Rapids,1,10
2026-09-19 12:35,2026-09-19 12:32,Adventure Isle,3002,Soaring Over the Horizon,1,40
2026-09-19 12:35,2026-09-19 12:32,Adventure Isle,3901,Vista Trail at Camp Discovery,1,0
2026-09-19 12:35,2026-09-19 12:32,Fantasyland,3080,“Once Upon a Time” Adventure,1,5
2026-09-19 12:35,2026-09-19 12:32,Fantasyland,2987,Alice in Wonderland Maze,1,5
2026-09-19 12:35,2026-09-19 12:32,Fantasyland,2988,Hunny Pot Spin,1,15
2026-09-19 12:35,2026-09-19 12:32,Fantasyland,2989,Peter Pan’s Flight,1,20
2026-09-19 12:35,2026-09-19 12:32,Fantasyland,2990,Seven Dwarfs Mine Train,1,60
2026-09-19 12:35,2026-09-19 12:32,Fantasyland,13818,Seven Dwarfs Mine Train Single Rider,1,0
2026-09-19 12:35,2026-09-19 12:32,Fantasyland,2991,The Many Adventures of Winnie the Pooh,1,30
2026-09-19 12:35,2026-09-19 12:32,Fantasyland,2992,Voyage to the Crystal Grotto,0,0
2026-09-19 12:35,2026-09-19 12:32,Gardens of Imagination,3896,Become Iron Man at the Marvel Universe,1,5
2026-09-19 12:35,2026-09-19 12:32,Gardens of Imagination,2993,Dumbo the Flying Elephant,1,20
2026-09-19 12:35,2026-09-19 12:32,Gardens of Imagination,2994,Fantasia Carousel,1,5
2026-09-19 12:35,2026-09-19 12:32,Gardens of Imagination,3082,Marvel Universe,1,0
2026-09-19 12:35,2026-09-19 12:32,Tomorrowland,2999,Buzz Lightyear Planet Rescue,1,5
2026-09-19 12:35,2026-09-19 12:32,Tomorrowland,3000,Jet Packs,1,20
2026-09-19 12:35,2026-09-19 12:32,Tomorrowland,16392,Pixar Adventurous Journey,1,5
2026-09-19 12:35,2026-09-19 12:32,Tomorrowland,3001,Space Chat With Stitch,1,15
2026-09-19 12:35,2026-09-19 12:32,Tomorrowland,2985,TRON Lightcycle Power Run – Presented by Chevrolet,1,40
2026-09-19 12:35,2026-09-19 12:32,Tomorrowland,4076,"TRON Realm, Chevrolet Digital Challenge",1,0
2026-09-19 12:35,2026-09-19 12:32,Toy Story Land,5633,Rex’s Racer,1,50
2026-09-19 12:35,2026-09-19 12:32,Toy Story Land,5634,Slinky Dog Spin,1,20
2026-09-19 12:35,2026-09-19 12:32,Toy Story Land,5635,Woody’s Roundup,1,40
2026-09-19 12:35,2026-09-19 12:32,Treasure Cove,2995,Explorer Canoes,0,0
2026-09-19 12:35,2026-09-19 12:32,Treasure Cove,2996,Pirates of the Caribbean Battle for the Sunken Treasure,1,10
2026-09-19 12:35,2026-09-19 12:32,Treasure Cove,2997,Shipwreck Shore,1,5
2026-09-19 12:35,2026-09-19 12:32,Treasure Cove,2998,Siren's Revenge,1,5
2026-09-19 12:35,2026-09-19 12:32,Zootopia,13819,Zootopia Hot Pursuit Single Rider,1,0
2026-09-19 12:35,2026-09-19 12:32,Zootopia,12392,Zootopia: Hot Pursuit,1,25
2026-09-19 12:40,2026-09-19 12:37,Adventure Isle,3893,Challenge Trails at Camp Discovery,1,5
2026-09-19 12:40,2026-09-19 12:37,Adventure Isle,16370,Junior Explorers Camp,1,5
2026-09-19 12:40,2026-09-19 12:37,Adventure Isle,2986,Roaring Rapids,1,10
2026-09-19 12:40,2026-09-19 12:37,Adventure Isle,3002,Soaring Over the Horizon,1,40
2026-09-19 12:40,2026-09-19 12:37,Adventure Isle,3901,Vista Trail at Camp Discovery,1,0
2026-09-19 12:40,2026-09-19 12:37,Fantasyland,3080,“Once Upon a Time” Adventure,1,5
2026-09-19 12:40,2026-09-19 12:37,Fantasyland,2987,Alice in Wonderland Maze,1,5
2026-09-19 12:40,2026-09-19 12:37,Fantasyland,2988,Hunny Pot Spin,1,15
2026-09-19 12:40,2026-09-19 12:37,Fantasyland,2989,Peter Pan’s Flight,1,20
2026-09-19 12:40,2026-09-19 12:37,Fantasyland,2990,Seven Dwarfs Mine Train,1,60
2026-09-19 12:40,2026-09-19 12:37,Fantasyland,13818,Seven Dwarfs Mine Train Single Rider,1,0
2026-09-19 12:40,2026-09-19 12:37,Fantasyland,2991,The Many Adventures of Winnie the Pooh,1,35
2026-09-19 12:40,2026-09-19 12:37,Fantasyland,2992,Voyage to the Crystal Grotto,0,0
2026-09-19 12:40,2026-09-19 12:37,Gardens of Imagination,3896,Become Iron Man at the Marvel Universe,1,5
2026-09-19 12:40,2026-09-19 12:37,Gardens of Imagination,2993,Dumbo the Flying Elephant,1,20
2026-09-19 12:40,2026-09-19 12:37,Gardens of Imagination,2994,Fantasia Carousel,1,5
2026-09-19 12:40,2026-09-19 12:37,Gardens of Imagination,3082,Marvel Universe,1,0
2026-09-19 12:40,2026-09-19 12:37,Tomorrowland,2999,Buzz Lightyear Planet Rescue,1,5
2026-09-19 12:40,2026-09-19 12:37,Tomorrowland,3000,Jet Packs,1,20
2026-09-19 12:40,2026-09-19 12:37,Tomorrowland,16392,Pixar Adventurous Journey,1,5
2026-09-19 12:40,2026-09-19 12:37,Tomorrowland,3001,Space Chat With Stitch,1,15
2026-09-19 12:40,2026-09-19 12:37,Tomorrowland,2985,TRON Lightcycle Power Run – Presented by Chevrolet,1,40
2026-09-19 12:40,2026-09-19 12:37,Tomorrowland,4076,"TRON Realm, Chevrolet Digital Challenge",1,0
2026-09-19 12:40,2026-09-19 12:37,Toy Story Land,5633,Rex’s Racer,1,50
2026-09-19 12:40,2026-09-19 12:37,Toy Story Land,5634,Slinky Dog Spin,1,20
2026-09-19 12:40,2026-09-19 12:37,Toy Story Land,5635,Woody’s Roundup,1,40
2026-09-19 12:40,2026-09-19 12:37,Treasure Cove,2995,Explorer Canoes,0,0
2026-09-19 12:40,2026-09-19 12:37,Treasure Cove,2996,Pirates of the Caribbean Battle for the Sunken Treasure,1,10
2026-09-19 12:40,2026-09-19 12:37,Treasure Cove,2997,Shipwreck Shore,1,5
2026-09-19 12:40,2026-09-19 12:37,Treasure Cove,2998,Siren's Revenge,1,5
2026-09-19 12:40,2026-09-19 12:37,Zootopia,13819,Zootopia Hot Pursuit Single Rider,1,0
2026-09-19 12:40,2026-09-19 12:37,Zootopia,12392,Zootopia: Hot Pursuit,1,25
2026-09-19 12:45,2026-09-19 12:42,Adventure Isle,3893,Challenge Trails at Camp Discovery,1,5
2026-09-19 12:45,2026-09-19 12:42,Adventure Isle,16370,Junior Explorers Camp,1,5
2026-09-19 12:45,2026-09-19 12:42,Adventure Isle,2986,Roaring Rapids,1,10
2026-09-19 12:45,2026-09-19 12:42,Adventure Isle,3002,Soaring Over the Horizon,1,40
2026-09-19 12:45,2026-09-19 12:42,Adventure Isle,3901,Vista Trail at Camp Discovery,1,0
2026-09-19 12:45,2026-09-19 12:42,Fantasyland,3080,“Once Upon a Time” Adventure,1,5
2026-09-19 12:45,2026-09-19 12:42,Fantasyland,2987,Alice in Wonderland Maze,1,5
2026-09-19 12:45,2026-09-19 12:42,Fantasyland,2988,Hunny Pot Spin,1,15
2026-09-19 12:45,2026-09-19 12:42,Fantasyland,2989,Peter Pan’s Flight,1,20
2026-09-19 12:45,2026-09-19 12:42,Fantasyland,2990,Seven Dwarfs Mine Train,1,60
2026-09-19 12:45,2026-09-19 12:42,Fantasyland,13818,Seven Dwarfs Mine Train Single Rider,1,0
2026-09-19 12:45,2026-09-19 12:42,Fantasyland,2991,The Many Adventures of Winnie the Pooh,1,30
2026-09-19 12:45,2026-09-19 12:42,Fantasyland,2992,Voyage to the Crystal Grotto,0,0
2026-09-19 12:45,2026-09-19 12:42,Gardens of Imagination,3896,Become Iron Man at the Marvel Universe,1,5
2026-09-19 12:45,2026-09-19 12:42,Gardens of Imagination,2993,Dumbo the Flying Elephant,1,15
2026-09-19 12:45,2026-09-19 12:42,Gardens of Imagination,2994,Fantasia Carousel,0,0
2026-09-19 12:45,2026-09-19 12:42,Gardens of Imagination,3082,Marvel Universe,1,0
2026-09-19 12:45,2026-09-19 12:42,Tomorrowland,2999,Buzz Lightyear Planet Rescue,1,5
2026-09-19 12:45,2026-09-19 12:42,Tomorrowland,3000,Jet Packs,1,20
2026-09-19 12:45,2026-09-19 12:42,Tomorrowland,16392,Pixar Adventurous Journey,1,5
2026-09-19 12:45,2026-09-19 12:42,Tomorrowland,3001,Space Chat With Stitch,1,15
2026-09-19 12:45,2026-09-19 12:42,Tomorrowland,2985,TRON Lightcycle Power Run – Presented by Chevrolet,1,40
2026-09-19 12:45,2026-09-19 12:42,Tomorrowland,4076,"TRON Realm, Chevrolet Digital Challenge",1,0
2026-09-19 12:45,2026-09-19 12:42,Toy Story Land,5633,Rex’s Racer,1,50
2026-09-19 12:45,2026-09-19 12:42,Toy Story Land,5634,Slinky Dog Spin,1,20
2026-09-19 12:45,2026-09-19 12:42,Toy Story Land,5635,Woody’s Roundup,1,40
2026-09-19 12:45,2026-09-19 12:42,Treasure Cove,2995,Explorer Canoes,0,0
2026-09-19 12:45,2026-09-19 12:42,Treasure Cove,2996,Pirates of the Caribbean Battle for the Sunken Treasure,1,10
2026-09-19 12:45,2026-09-19 12:42,Treasure Cove,2997,Shipwreck Shore,1,5
2026-09-19 12:45,2026-09-19 12:42,Treasure Cove,2998,Siren's Revenge,1,5
2026-09-19 12:45,2026-09-19 12:42,Zootopia,13819,Zootopia Hot Pursuit Single Rider,1,0
2026-09-19 12:45,2026-09-19 12:42,Zootopia,12392,Zootopia: Hot Pursuit,1,40
2026-09-19 12:50,2026-09-19 12:47,Adventure Isle,3893,Challenge Trails at Camp Discovery,1,5
2026-09-19 12:50,2026-09-19 12:47,Adventure Isle,16370,Junior Explorers Camp,1,5
2026-09-19 12:50,2026-09-19 12:47,Adventure Isle,2986,Roaring Rapids,1,10
2026-09-19 12:50,2026-09-19 12:47,Adventure Isle,3002,Soaring Over the Horizon,1,40
2026-09-19 12:50,2026-09-19 12:47,Adventure Isle,3901,Vista Trail at Camp Discovery,1,0
2026-09-19 12:50,2026-09-19 12:47,Fantasyland,3080,“Once Upon a Time” Adventure,1,5
2026-09-19 12:50,2026-09-19 12:47,Fantasyland,2987,Alice in Wonderland Maze,1,5
2026-09-19 12:50,2026-09-19 12:47,Fantasyland,2988,Hunny Pot Spin,1,15
2026-09-19 12:50,2026-09-19 12:47,Fantasyland,2989,Peter Pan’s Flight,1,20
2026-09-19 12:50,2026-09-19 12:47,Fantasyland,2990,Seven Dwarfs Mine Train,1,60
2026-09-19 12:50,2026-09-19 12:47,Fantasyland,13818,Seven Dwarfs Mine Train Single Rider,1,0
2026-09-19 12:50,2026-09-19 12:47,Fantasyland,2991,The Many Adventures of Winnie the Pooh,1,30
2026-09-19 12:50,2026-09-19 12:47,Fantasyland,2992,Voyage to the Crystal Grotto,0,0
2026-09-19 12:50,2026-09-19 12:47,Gardens of Imagination,3896,Become Iron Man at the Marvel Universe,1,5
2026-09-19 12:50,2026-09-19 12:47,Gardens of Imagination,2993,Dumbo the Flying Elephant,1,30
2026-09-19 12:50,2026-09-19 12:47,Gardens of Imagination,2994,Fantasia Carousel,0,0
2026-09-19 12:50,2026-09-19 12:47,Gardens of Imagination,3082,Marvel Universe,1,0
2026-09-19 12:50,2026-09-19 12:47,Tomorrowland,2999,Buzz Lightyear Planet Rescue,1,5
2026-09-19 12:50,2026-09-19 12:47,Tomorrowland,3000,Jet Packs,1,20
2026-09-19 12:50,2026-09-19 12:47,Tomorrowland,16392,Pixar Adventurous Journey,1,5
2026-09-19 12:50,2026-09-19 12:47,Tomorrowland,3001,Space Chat With Stitch,1,15
2026-09-19 12:50,2026-09-19 12:47,Tomorrowland,2985,TRON Lightcycle Power Run – Presented by Chevrolet,1,40
2026-09-19 12:50,2026-09-19 12:47,Tomorrowland,4076,"TRON Realm, Chevrolet Digital Challenge",1,0
2026-09-19 12:50,2026-09-19 12:47,Toy Story Land,5633,Rex’s Racer,1,60
2026-09-19 12:50,2026-09-19 12:47,Toy Story Land,5634,Slinky Dog Spin,1,20
2026-09-19 12:50,2026-09-19 12:47,Toy Story Land,5635,Woody’s Roundup,1,30
2026-09-19 12:50,2026-09-19 12:47,Treasure Cove,2995,Explorer Canoes,0,0
2026-09-19 12:50,2026-09-19 12:47,Treasure Cove,2996,Pirates of the Caribbean Battle for the Sunken Treasure,1,10
2026-09-19 12:50,2026-09-19 12:47,Treasure Cove,2997,Shipwreck Shore,1,5
2026-09-19 12:50,2026-09-19 12:47,Treasure Cove,2998,Siren's Revenge,1,5
2026-09-19 12:50,2026-09-19 12:47,Zootopia,13819,Zootopia Hot Pursuit Single Rider,1,0
2026-09-19 12:50,2026-09-19 12:47,Zootopia,12392,Zootopia: Hot Pursuit,1,50
2026-09-19 12:55,2026-09-19 12:52,Adventure Isle,3893,Challenge Trails at Camp Discovery,1,5
2026-09-19 12:55,2026-09-19 12:52,Adventure Isle,16370,Junior Explorers Camp,1,5
2026-09-19 12:55,2026-09-19 12:52,Adventure Isle,2986,Roaring Rapids,1,10
2026-09-19 12:55,2026-09-19 12:52,Adventure Isle,3002,Soaring Over the Horizon,1,30
2026-09-19 12:55,2026-09-19 12:52,Adventure Isle,3901,Vista Trail at Camp Discovery,1,0
2026-09-19 12:55,2026-09-19 12:52,Fantasyland,3080,“Once Upon a Time” Adventure,1,5
2026-09-19 12:55,2026-09-19 12:52,Fantasyland,2987,Alice in Wonderland Maze,1,5
2026-09-19 12:55,2026-09-19 12:52,Fantasyland,2988,Hunny Pot Spin,1,15
2026-09-19 12:55,2026-09-19 12:52,Fantasyland,2989,Peter Pan’s Flight,1,10
2026-09-19 12:55,2026-09-19 12:52,Fantasyland,2990,Seven Dwarfs Mine Train,1,60
2026-09-19 12:55,2026-09-19 12:52,Fantasyland,13818,Seven Dwarfs Mine Train Single Rider,1,0
2026-09-19 12:55,2026-09-19 12:52,Fantasyland,2991,The Many Adventures of Winnie the Pooh,1,30
2026-09-19 12:55,2026-09-19 12:52,Fantasyland,2992,Voyage to the Crystal Grotto,0,0
2026-09-19 12:55,2026-09-19 12:52,Gardens of Imagination,3896,Become Iron Man at the Marvel Universe,1,5
2026-09-19 12:55,2026-09-19 12:52,Gardens of Imagination,2993,Dumbo the Flying Elephant,1,30
2026-09-19 12:55,2026-09-19 12:52,Gardens of Imagination,2994,Fantasia Carousel,0,0
2026-09-19 12:55,2026-09-19 12:52,Gardens of Imagination,3082,Marvel Universe,1,0
2026-09-19 12:55,2026-09-19 12:52,Tomorrowland,2999,Buzz Lightyear Planet Rescue,1,5
2026-09-19 12:55,2026-09-19 12:52,Tomorrowland,3000,Jet Packs,1,20
2026-09-19 12:55,2026-09-19 12:52,Tomorrowland,16392,Pixar Adventurous Journey,1,5
2026-09-19 12:55,2026-09-19 12:52,Tomorrowland,3001,Space Chat With Stitch,1,15
2026-09-19 12:55,2026-09-19 12:52,Tomorrowland,2985,TRON Lightcycle Power Run – Presented by Chevrolet,1,40
2026-09-19 12:55,2026-09-19 12:52,Tomorrowland,4076,"TRON Realm, Chevrolet Digital Challenge",1,0
2026-09-19 12:55,2026-09-19 12:52,Toy Story Land,5633,Rex’s Racer,1,60
2026-09-19 12:55,2026-09-19 12:52,Toy Story Land,5634,Slinky Dog Spin,1,20
2026-09-19 12:55,2026-09-19 12:52,Toy Story Land,5635,Woody’s Roundup,1,30
2026-09-19 12:55,2026-09-19 12:52,Treasure Cove,2995,Explorer Canoes,0,0
2026-09-19 12:55,2026-09-19 12:52,Treasure Cove,2996,Pirates of the Caribbean Battle for the Sunken Treasure,1,10
2026-09-19 12:55,2026-09-19 12:52,Treasure Cove,2997,Shipwreck Shore,1,5
2026-09-19 12:55,2026-09-19 12:52,Treasure Cove,2998,Siren's Revenge,1,5
2026-09-19 12:55,2026-09-19 12:52,Zootopia,13819,Zootopia Hot Pursuit Single Rider,1,0
2026-09-19 12:55,2026-09-19 12:52,Zootopia,12392,Zootopia: Hot Pursuit,1,50
2026-09-19 13:00,2026-09-19 12:57,Adventure Isle,3893,Challenge Trails at Camp Discovery,1,5
2026-09-19 13:00,2026-09-19 12:57,Adventure Isle,16370,Junior Explorers Camp,1,5
2026-09-19 13:00,2026-09-19 12:57,Adventure Isle,2986,Roaring Rapids,1,10
2026-09-19 13:00,2026-09-19 12:57,Adventure Isle,3002,Soaring Over the Horizon,1,30
2026-09-19 13:00,2026-09-19 12:57,Adventure Isle,3901,Vista Trail at Camp Discovery,1,0
2026-09-19 13:00,2026-09-19 12:57,Fantasyland,3080,“Once Upon a Time” Adventure,1,5
2026-09-19 13:00,2026-09-19 12:57,Fantasyland,2987,Alice in Wonderland Maze,1,5
2026-09-19 13:00,2026-09-19 12:57,Fantasyland,2988,Hunny Pot Spin,1,15
2026-09-19 13:00,2026-09-19 12:57,Fantasyland,2989,Peter Pan’s Flight,1,5
2026-09-19 13:00,2026-09-19 12:57,Fantasyland,2990,Seven Dwarfs Mine Train,1,50
2026-09-19 13:00,2026-09-19 12:57,Fantasyland,13818,Seven Dwarfs Mine Train Single Rider,1,0
2026-09-19 13:00,2026-09-19 12:57,Fantasyland,2991,The Many Adventures of Winnie the Pooh,1,20
2026-09-19 13:00,2026-09-19 12:57,Fantasyland,2992,Voyage to the Crystal Grotto,0,0
2026-09-19 13:00,2026-09-19 12:57,Gardens of Imagination,3896,Become Iron Man at the Marvel Universe,1,5
2026-09-19 13:00,2026-09-19 12:57,Gardens of Imagination,2993,Dumbo the Flying Elephant,1,30
2026-09-19 13:00,2026-09-19 12:57,Gardens of Imagination,2994,Fantasia Carousel,0,0
2026-09-19 13:00,2026-09-19 12:57,Gardens of Imagination,3082,Marvel Universe,1,0
2026-09-19 13:00,2026-09-19 12:57,Tomorrowland,2999,Buzz Lightyear Planet Rescue,1,5
2026-09-19 13:00,2026-09-19 12:57,Tomorrowland,3000,Jet Packs,1,20
2026-09-19 13:00,2026-09-19 12:57,Tomorrowland,16392,Pixar Adventurous Journey,1,5
2026-09-19 13:00,2026-09-19 12:57,Tomorrowland,3001,Space Chat With Stitch,1,15
2026-09-19 13:00,2026-09-19 12:57,Tomorrowland,2985,TRON Lightcycle Power Run – Presented by Chevrolet,1,40
2026-09-19 13:00,2026-09-19 12:57,Tomorrowland,4076,"TRON Realm, Chevrolet Digital Challenge",1,0
2026-09-19 13:00,2026-09-19 12:57,Toy Story Land,5633,Rex’s Racer,1,60
2026-09-19 13:00,2026-09-19 12:57,Toy Story Land,5634,Slinky Dog Spin,1,20
2026-09-19 13:00,2026-09-19 12:57,Toy Story Land,5635,Woody’s Roundup,1,30
2026-09-19 13:00,2026-09-19 12:57,Treasure Cove,2995,Explorer Canoes,0,0
2026-09-19 13:00,2026-09-19 12:57,Treasure Cove,2996,Pirates of the Caribbean Battle for the Sunken Treasure,1,10
2026-09-19 13:00,2026-09-19 12:57,Treasure Cove,2997,Shipwreck Shore,1,5
2026-09-19 13:00,2026-09-19 12:57,Treasure Cove,2998,Siren's Revenge,1,5
2026-09-19 13:00,2026-09-19 12:57,Zootopia,13819,Zootopia Hot Pursuit Single Rider,1,0
2026-09-19 13:00,2026-09-19 12:57,Zootopia,12392,Zootopia: Hot Pursuit,1,45
2026-09-19 13:05,2026-09-19 13:02,Adventure Isle,3893,Challenge Trails at Camp Discovery,1,5
2026-09-19 13:05,2026-09-19 13:02,Adventure Isle,16370,Junior Explorers Camp,1,5
2026-09-19 13:05,2026-09-19 13:02,Adventure Isle,2986,Roaring Rapids,1,10
2026-09-19 13:05,2026-09-19 13:02,Adventure Isle,3002,Soaring Over the Horizon,1,20
2026-09-19 13:05,2026-09-19 13:02,Adventure Isle,3901,Vista Trail at Camp Discovery,1,0
2026-09-19 13:05,2026-09-19 13:02,Fantasyland,3080,“Once Upon a Time” Adventure,1,5
2026-09-19 13:05,2026-09-19 13:02,Fantasyland,2987,Alice in Wonderland Maze,1,5
2026-09-19 13:05,2026-09-19 13:02,Fantasyland,2988,Hunny Pot Spin,1,5
2026-09-19 13:05,2026-09-19 13:02,Fantasyland,2989,Peter Pan’s Flight,1,5
2026-09-19 13:05,2026-09-19 13:02,Fantasyland,2990,Seven Dwarfs Mine Train,1,50
2026-09-19 13:05,2026-09-19 13:02,Fantasyland,13818,Seven Dwarfs Mine Train Single Rider,1,0
2026-09-19 13:05,2026-09-19 13:02,Fantasyland,2991,The Many Adventures of Winnie the Pooh,1,15
2026-09-19 13:05,2026-09-19 13:02,Fantasyland,2992,Voyage to the Crystal Grotto,0,0
2026-09-19 13:05,2026-09-19 13:02,Gardens of Imagination,3896,Become Iron Man at the Marvel Universe,1,5
2026-09-19 13:05,2026-09-19 13:02,Gardens of Imagination,2993,Dumbo the Flying Elephant,1,20
2026-09-19 13:05,2026-09-19 13:02,Gardens of Imagination,2994,Fantasia Carousel,1,5
2026-09-19 13:05,2026-09-19 13:02,Gardens of Imagination,3082,Marvel Universe,1,0
2026-09-19 13:05,2026-09-19 13:02,Tomorrowland,2999,Buzz Lightyear Planet Rescue,1,5
2026-09-19 13:05,2026-09-19 13:02,Tomorrowland,3000,Jet Packs,1,20
2026-09-19 13:05,2026-09-19 13:02,Tomorrowland,16392,Pixar Adventurous Journey,1,5
2026-09-19 13:05,2026-09-19 13:02,Tomorrowland,3001,Space Chat With Stitch,1,15
2026-09-19 13:05,2026-09-19 13:02,Tomorrowland,2985,TRON Lightcycle Power Run – Presented by Chevrolet,1,40
2026-09-19 13:05,2026-09-19 13:02,Tomorrowland,4076,"TRON Realm, Chevrolet Digital Challenge",1,0
2026-09-19 13:05,2026-09-19 13:02,Toy Story Land,5633,Rex’s Racer,1,60
2026-09-19 13:05,2026-09-19 13:02,Toy Story Land,5634,Slinky Dog Spin,1,20
2026-09-19 13:05,2026-09-19 13:02,Toy Story Land,5635,Woody’s Roundup,1,30
2026-09-19 13:05,2026-09-19 13:02,Treasure Cove,2995,Explorer Canoes,0,0
2026-09-19 13:05,2026-09-19 13:02,Treasure Cove,2996,Pirates of the Caribbean Battle for the Sunken Treasure,1,10
2026-09-19 13:05,2026-09-19 13:02,Treasure Cove,2997,Shipwreck Shore,1,5
2026-09-19 13:05,2026-09-19 13:02,Treasure Cove,2998,Siren's Revenge,1,5
2026-09-19 13:05,2026-09-19 13:02,Zootopia,13819,Zootopia Hot Pursuit Single Rider,1,0
2026-09-19 13:05,2026-09-19 13:02,Zootopia,12392,Zootopia: Hot Pursuit,1,40
2026-09-19 13:10,2026-09-19 13:07,Adventure Isle,3893,Challenge Trails at Camp Discovery,1,5
2026-09-19 13:10,2026-09-19 13:07,Adventure Isle,16370,Junior Explorers Camp,1,5
2026-09-19 13:10,2026-09-19 13:07,Adventure Isle,2986,Roaring Rapids,1,10
2026-09-19 13:10,2026-09-19 13:07,Adventure Isle,3002,Soaring Over the Horizon,1,20
2026-09-19 13:10,2026-09-19 13:07,Adventure Isle,3901,Vista Trail at Camp Discovery,1,0
2026-09-19 13:10,2026-09-19 13:07,Fantasyland,3080,“Once Upon a Time” Adventure,1,5
2026-09-19 13:10,2026-09-19 13:07,Fantasyland,2987,Alice in Wonderland Maze,1,5
2026-09-19 13:10,2026-09-19 13:07,Fantasyland,2988,Hunny Pot Spin,1,5
2026-09-19 13:10,2026-09-19 13:07,Fantasyland,2989,Peter Pan’s Flight,1,15
2026-09-19 13:10,2026-09-19 13:07,Fantasyland,2990,Seven Dwarfs Mine Train,1,50
2026-09-19 13:10,2026-09-19 13:07,Fantasyland,13818,Seven Dwarfs Mine Train Single Rider,1,0
2026-09-19 13:10,2026-09-19 13:07,Fantasyland,2991,The Many Adventures of Winnie the Pooh,1,15
2026-09-19 13:10,2026-09-19 13:07,Fantasyland,2992,Voyage to the Crystal Grotto,0,0
2026-09-19 13:10,2026-09-19 13:07,Gardens of Imagination,3896,Become Iron Man at the Marvel Universe,1,5
2026-09-19 13:10,2026-09-19 13:07,Gardens of Imagination,2993,Dumbo the Flying Elephant,1,15
2026-09-19 13:10,2026-09-19 13:07,Gardens of Imagination,2994,Fantasia Carousel,1,5
2026-09-19 13:10,2026-09-19 13:07,Gardens of Imagination,3082,Marvel Universe,1,0
2026-09-19 13:10,2026-09-19 13:07,Tomorrowland,2999,Buzz Lightyear Planet Rescue,1,5
2026-09-19 13:10,2026-09-19 13:07,Tomorrowland,3000,Jet Packs,1,20
2026-09-19 13:10,2026-09-19 13:07,Tomorrowland,16392,Pixar Adventurous Journey,1,5
2026-09-19 13:10,2026-09-19 13:07,Tomorrowland,3001,Space Chat With Stitch,1,15
2026-09-19 13:10,2026-09-19 13:07,Tomorrowland,2985,TRON Lightcycle Power Run – Presented by Chevrolet,1,40
2026-09-19 13:10,2026-09-19 13:07,Tomorrowland,4076,"TRON Realm, Chevrolet Digital Challenge",1,0
2026-09-19 13:10,2026-09-19 13:07,Toy Story Land,5633,Rex’s Racer,1,60
2026-09-19 13:10,2026-09-19 13:07,Toy Story Land,5634,Slinky Dog Spin,1,20
2026-09-19 13:10,2026-09-19 13:07,Toy Story Land,5635,Woody’s Roundup,1,30
2026-09-19 13:10,2026-09-19 13:07,Treasure Cove,2995,Explorer Canoes,0,0
2026-09-19 13:10,2026-09-19 13:07,Treasure Cove,2996,Pirates of the Caribbean Battle for the Sunken Treasure,1,10
2026-09-19 13:10,2026-09-19 13:07,Treasure Cove,2997,Shipwreck Shore,1,5
2026-09-19 13:10,2026-09-19 13:07,Treasure Cove,2998,Siren's Revenge,1,5
2026-09-19 13:10,2026-09-19 13:07,Zootopia,13819,Zootopia Hot Pursuit Single Rider,1,0
2026-09-19 13:10,2026-09-19 13:07,Zootopia,12392,Zootopia: Hot Pursuit,1,40
2026-09-19 13:15,2026-09-19 13:12,Adventure Isle,3893,Challenge Trails at Camp Discovery,1,5
2026-09-19 13:15,2026-09-19 13:12,Adventure Isle,16370,Junior Explorers Camp,1,5
2026-09-19 13:15,2026-09-19 13:12,Adventure Isle,2986,Roaring Rapids,1,10
2026-09-19 13:15,2026-09-19 13:12,Adventure Isle,3002,Soaring Over the Horizon,1,25
2026-09-19 13:15,2026-09-19 13:12,Adventure Isle,3901,Vista Trail at Camp Discovery,1,0
2026-09-19 13:15,2026-09-19 13:12,Fantasyland,3080,“Once Upon a Time” Adventure,1,5
2026-09-19 13:15,2026-09-19 13:12,Fantasyland,2987,Alice in Wonderland Maze,1,5
2026-09-19 13:15,2026-09-19 13:12,Fantasyland,2988,Hunny Pot Spin,1,5
2026-09-19 13:15,2026-09-19 13:12,Fantasyland,2989,Peter Pan’s Flight,1,15
2026-09-19 13:15,2026-09-19 13:12,Fantasyland,2990,Seven Dwarfs Mine Train,1,50
2026-09-19 13:15,2026-09-19 13:12,Fantasyland,13818,Seven Dwarfs Mine Train Single Rider,1,0
2026-09-19 13:15,2026-09-19 13:12,Fantasyland,2991,The Many Adventures of Winnie the Pooh,1,15
2026-09-19 13:15,2026-09-19 13:12,Fantasyland,2992,Voyage to the Crystal Grotto,0,0
2026-09-19 13:15,2026-09-19 13:12,Gardens of Imagination,3896,Become Iron Man at the Marvel Universe,1,5
2026-09-19 13:15,2026-09-19 13:12,Gardens of Imagination,2993,Dumbo the Flying Elephant,1,20
2026-09-19 13:15,2026-09-19 13:12,Gardens of Imagination,2994,Fantasia Carousel,1,5
2026-09-19 13:15,2026-09-19 13:12,Gardens of Imagination,3082,Marvel Universe,1,0
2026-09-19 13:15,2026-09-19 13:12,Tomorrowland,2999,Buzz Lightyear Planet Rescue,1,5
2026-09-19 13:15,2026-09-19 13:12,Tomorrowland,3000,Jet Packs,1,20
2026-09-19 13:15,2026-09-19 13:12,Tomorrowland,16392,Pixar Adventurous Journey,1,5
2026-09-19 13:15,2026-09-19 13:12,Tomorrowland,3001,Space Chat With Stitch,1,15
2026-09-19 13:15,2026-09-19 13:12,Tomorrowland,2985,TRON Lightcycle Power Run – Presented by Chevrolet,1,40
2026-09-19 13:15,2026-09-19 13:12,Tomorrowland,4076,"TRON Realm, Chevrolet Digital Challenge",1,0
2026-09-19 13:15,2026-09-19 13:12,Toy Story Land,5633,Rex’s Racer,1,60
2026-09-19 13:15,2026-09-19 13:12,Toy Story Land,5634,Slinky Dog Spin,1,20
2026-09-19 13:15,2026-09-19 13:12,Toy Story Land,5635,Woody’s Roundup,1,20
2026-09-19 13:15,2026-09-19 13:12,Treasure Cove,2995,Explorer Canoes,0,0
2026-09-19 13:15,2026-09-19 13:12,Treasure Cove,2996,Pirates of the Caribbean Battle for the Sunken Treasure,0,0
2026-09-19 13:15,2026-09-19 13:12,Treasure Cove,2997,Shipwreck Shore,1,5
2026-09-19 13:15,2026-09-19 13:12,Treasure Cove,2998,Siren's Revenge,1,5
2026-09-19 13:15,2026-09-19 13:12,Zootopia,13819,Zootopia Hot Pursuit Single Rider,1,0
2026-09-19 13:15,2026-09-19 13:12,Zootopia,12392,Zootopia: Hot Pursuit,1,40
2026-09-19 13:20,2026-09-19 13:17,Adventure Isle,3893,Challenge Trails at Camp Discovery,1,5
2026-09-19 13:20,2026-09-19 13:17,Adventure Isle,16370,Junior Explorers Camp,1,5
2026-09-19 13:20,2026-09-19 13:17,Adventure Isle,2986,Roaring Rapids,1,10
2026-09-19 13:20,2026-09-19 13:17,Adventure Isle,3002,Soaring Over the Horizon,1,30
2026-09-19 13:20,2026-09-19 13:17,Adventure Isle,3901,Vista Trail at Camp Discovery,1,0
2026-09-19 13:20,2026-09-19 13:17,Fantasyland,3080,“Once Upon a Time” Adventure,1,5
2026-09-19 13:20,2026-09-19 13:17,Fantasyland,2987,Alice in Wonderland Maze,1,5
2026-09-19 13:20,2026-09-19 13:17,Fantasyland,2988,Hunny Pot Spin,1,5
2026-09-19 13:20,2026-09-19 13:17,Fantasyland,2989,Peter Pan’s Flight,1,15
2026-09-19 13:20,2026-09-19 13:17,Fantasyland,2990,Seven Dwarfs Mine Train,1,50
2026-09-19 13:20,2026-09-19 13:17,Fantasyland,13818,Seven Dwarfs Mine Train Single Rider,1,0
2026-09-19 13:20,2026-09-19 13:17,Fantasyland,2991,The Many Adventures of Winnie the Pooh,1,15
2026-09-19 13:20,2026-09-19 13:17,Fantasyland,2992,Voyage to the Crystal Grotto,0,0
2026-09-19 13:20,2026-09-19 13:17,Gardens of Imagination,3896,Become Iron Man at the Marvel Universe,1,5
2026-09-19 13:20,2026-09-19 13:17,Gardens of Imagination,2993,Dumbo the Flying Elephant,1,20
2026-09-19 13:20,2026-09-19 13:17,Gardens of Imagination,2994,Fantasia Carousel,1,5
2026-09-19 13:20,2026-09-19 13:17,Gardens of Imagination,3082,Marvel Universe,1,0
2026-09-19 13:20,2026-09-19 13:17,Tomorrowland,2999,Buzz Lightyear Planet Rescue,1,5
2026-09-19 13:20,2026-09-19 13:17,Tomorrowland,3000,Jet Packs,1,20
2026-09-19 13:20,2026-09-19 13:17,Tomorrowland,16392,Pixar Adventurous Journey,1,5
2026-09-19 13:20,2026-09-19 13:17,Tomorrowland,3001,Space Chat With Stitch,1,15
2026-09-19 13:20,2026-09-19 13:17,Tomorrowland,2985,TRON Lightcycle Power Run – Presented by Chevrolet,1,40
2026-09-19 13:20,2026-09-19 13:17,Tomorrowland,4076,"TRON Realm, Chevrolet Digital Challenge",1,0
2026-09-19 13:20,2026-09-19 13:17,Toy Story Land,5633,Rex’s Racer,1,60
2026-09-19 13:20,2026-09-19 13:17,Toy Story Land,5634,Slinky Dog Spin,1,20
2026-09-19 13:20,2026-09-19 13:17,Toy Story Land,5635,Woody’s Roundup,1,20
2026-09-19 13:20,2026-09-19 13:17,Treasure Cove,2995,Explorer Canoes,0,0
2026-09-19 13:20,2026-09-19 13:17,Treasure Cove,2996,Pirates of the Caribbean Battle for the Sunken Treasure,0,0
2026-09-19 13:20,2026-09-19 13:17,Treasure Cove,2997,Shipwreck Shore,1,5
2026-09-19 13:20,2026-09-19 13:17,Treasure Cove,2998,Siren's Revenge,1,5
2026-09-19 13:20,2026-09-19 13:17,Zootopia,13819,Zootopia Hot Pursuit Single Rider,1,0
2026-09-19 13:20,2026-09-19 13:17,Zootopia,12392,Zootopia: Hot Pursuit,1,40
2026-09-19 13:25,2026-09-19 13:22,Adventure Isle,3893,Challenge Trails at Camp Discovery,1,5
2026-09-19 13:25,2026-09-19 13:22,Adventure Isle,16370,Junior Explorers Camp,1,5
2026-09-19 13:25,2026-09-19 13:22,Adventure Isle,2986,Roaring Rapids,1,10
2026-09-19 13:25,2026-09-19 13:22,Adventure Isle,3002,Soaring Over the Horizon,1,30
2026-09-19 13:25,2026-09-19 13:22,Adventure Isle,3901,Vista Trail at Camp Discovery,1,0
2026-09-19 13:25,2026-09-19 13:22,Fantasyland,3080,“Once Upon a Time” Adventure,1,5
2026-09-19 13:25,2026-09-19 13:22,Fantasyland,2987,Alice in Wonderland Maze,1,5
2026-09-19 13:25,2026-09-19 13:22,Fantasyland,2988,Hunny Pot Spin,1,5
2026-09-19 13:25,2026-09-19 13:22,Fantasyland,2989,Peter Pan’s Flight,1,15
2026-09-19 13:25,2026-09-19 13:22,Fantasyland,2990,Seven Dwarfs Mine Train,1,50
2026-09-19 13:25,2026-09-19 13:22,Fantasyland,13818,Seven Dwarfs Mine Train Single Rider,1,0
2026-09-19 13:25,2026-09-19 13:22,Fantasyland,2991,The Many Adventures of Winnie the Pooh,1,15
2026-09-19 13:25,2026-09-19 13:22,Fantasyland,2992,Voyage to the Crystal Grotto,0,0
2026-09-19 13:25,2026-09-19 13:22,Gardens of Imagination,3896,Become Iron Man at the Marvel Universe,1,5
2026-09-19 13:25,2026-09-19 13:22,Gardens of Imagination,2993,Dumbo the Flying Elephant,1,20
2026-09-19 13:25,2026-09-19 13:22,Gardens of Imagination,2994,Fantasia Carousel,1,5
2026-09-19 13:25,2026-09-19 13:22,Gardens of Imagination,3082,Marvel Universe,1,0
2026-09-19 13:25,2026-09-19 13:22,Tomorrowland,2999,Buzz Lightyear Planet Rescue,1,5
2026-09-19 13:25,2026-09-19 13:22,Tomorrowland,3000,Jet Packs,1,30
2026-09-19 13:25,2026-09-19 13:22,Tomorrowland,16392,Pixar Adventurous Journey,1,5
2026-09-19 13:25,2026-09-19 13:22,Tomorrowland,3001,Space Chat With Stitch,1,15
2026-09-19 13:25,2026-09-19 13:22,Tomorrowland,2985,TRON Lightcycle Power Run – Presented by Chevrolet,1,40
2026-09-19 13:25,2026-09-19 13:22,Tomorrowland,4076,"TRON Realm, Chevrolet Digital Challenge",1,0
2026-09-19 13:25,2026-09-19 13:22,Toy Story Land,5633,Rex’s Racer,1,50
2026-09-19 13:25,2026-09-19 13:22,Toy Story Land,5634,Slinky Dog Spin,1,20
2026-09-19 13:25,2026-09-19 13:22,Toy Story Land,5635,Woody’s Roundup,1,30
2026-09-19 13:25,2026-09-19 13:22,Treasure Cove,2995,Explorer Canoes,0,0
2026-09-19 13:25,2026-09-19 13:22,Treasure Cove,2996,Pirates of the Caribbean Battle for the Sunken Treasure,0,0
2026-09-19 13:25,2026-09-19 13:22,Treasure Cove,2997,Shipwreck Shore,1,5
2026-09-19 13:25,2026-09-19 13:22,Treasure Cove,2998,Siren's Revenge,1,5
2026-09-19 13:25,2026-09-19 13:22,Zootopia,13819,Zootopia Hot Pursuit Single Rider,1,0
2026-09-19 13:25,2026-09-19 13:22,Zootopia,12392,Zootopia: Hot Pursuit,1,30
2026-09-19 13:30,2026-09-19 13:27,Adventure Isle,3893,Challenge Trails at Camp Discovery,1,5
2026-09-19 13:30,2026-09-19 13:27,Adventure Isle,16370,Junior Explorers Camp,1,5
2026-09-19 13:30,2026-09-19 13:27,Adventure Isle,2986,Roaring Rapids,1,10
2026-09-19 13:30,2026-09-19 13:27,Adventure Isle,3002,Soaring Over the Horizon,1,35
2026-09-19 13:30,2026-09-19 13:27,Adventure Isle,3901,Vista Trail at Camp Discovery,1,0
2026-09-19 13:30,2026-09-19 13:27,Fantasyland,3080,“Once Upon a Time” Adventure,1,5
2026-09-19 13:30,2026-09-19 13:27,Fantasyland,2987,Alice in Wonderland Maze,1,5
2026-09-19 13:30,2026-09-19 13:27,Fantasyland,2988,Hunny Pot Spin,1,5
2026-09-19 13:30,2026-09-19 13:27,Fantasyland,2989,Peter Pan’s Flight,1,15
2026-09-19 13:30,2026-09-19 13:27,Fantasyland,2990,Seven Dwarfs Mine Train,1,50
2026-09-19 13:30,2026-09-19 13:27,Fantasyland,13818,Seven Dwarfs Mine Train Single Rider,1,0
2026-09-19 13:30,2026-09-19 13:27,Fantasyland,2991,The Many Adventures of Winnie the Pooh,1,15
2026-09-19 13:30,2026-09-19 13:27,Fantasyland,2992,Voyage to the Crystal Grotto,0,0
2026-09-19 13:30,2026-09-19 13:27,Gardens of Imagination,3896,Become Iron Man at the Marvel Universe,1,5
2026-09-19 13:30,2026-09-19 13:27,Gardens of Imagination,2993,Dumbo the Flying Elephant,1,30
2026-09-19 13:30,2026-09-19 13:27,Gardens of Imagination,2994,Fantasia Carousel,1,5
2026-09-19 13:30,2026-09-19 13:27,Gardens of Imagination,3082,Marvel Universe,1,0
2026-09-19 13:30,2026-09-19 13:27,Tomorrowland,2999,Buzz Lightyear Planet Rescue,1,5
2026-09-19 13:30,2026-09-19 13:27,Tomorrowland,3000,Jet Packs,1,30
2026-09-19 13:30,2026-09-19 13:27,Tomorrowland,16392,Pixar Adventurous Journey,1,5
2026-09-19 13:30,2026-09-19 13:27,Tomorrowland,3001,Space Chat With Stitch,1,15
2026-09-19 13:30,2026-09-19 13:27,Tomorrowland,2985,TRON Lightcycle Power Run – Presented by Chevrolet,1,40
2026-09-19 13:30,2026-09-19 13:27,Tomorrowland,4076,"TRON Realm, Chevrolet Digital Challenge",1,0
2026-09-19 13:30,2026-09-19 13:27,Toy Story Land,5633,Rex’s Racer,1,50
2026-09-19 13:30,2026-09-19 13:27,Toy Story Land,5634,Slinky Dog Spin,1,10
2026-09-19 13:30,2026-09-19 13:27,Toy Story Land,5635,Woody’s Roundup,1,40
2026-09-19 13:30,2026-09-19 13:27,Treasure Cove,2995,Explorer Canoes,0,0
2026-09-19 13:30,2026-09-19 13:27,Treasure Cove,2996,Pirates of the Caribbean Battle for the Sunken Treasure,0,0
2026-09-19 13:30,2026-09-19 13:27,Treasure Cove,2997,Shipwreck Shore,1,5
2026-09-19 13:30,2026-09-19 13:27,Treasure Cove,2998,Siren's Revenge,1,5
2026-09-19 13:30,2026-09-19 13:27,Zootopia,13819,Zootopia Hot Pursuit Single Rider,1,0
2026-09-19 13:30,2026-09-19 13:27,Zootopia,12392,Zootopia: Hot Pursuit,1,30
2026-09-19 13:35,2026-09-19 13:32,Adventure Isle,3893,Challenge Trails at Camp Discovery,1,5
2026-09-19 13:35,2026-09-19 13:32,Adventure Isle,16370,Junior Explorers Camp,1,5
2026-09-19 13:35,2026-09-19 13:32,Adventure Isle,2986,Roaring Rapids,1,10
2026-09-19 13:35,2026-09-19 13:32,Adventure Isle,3002,Soaring Over the Horizon,1,35
2026-09-19 13:35,2026-09-19 13:32,Adventure Isle,3901,Vista Trail at Camp Discovery,1,0
2026-09-19 13:35,2026-09-19 13:32,Fantasyland,3080,“Once Upon a Time” Adventure,1,5
2026-09-19 13:35,2026-09-19 13:32,Fantasyland,2987,Alice in Wonderland Maze,1,5
2026-09-19 13:35,2026-09-19 13:32,Fantasyland,2988,Hunny Pot Spin,1,5
2026-09-19 13:35,2026-09-19 13:32,Fantasyland,2989,Peter Pan’s Flight,1,15
2026-09-19 13:35,2026-09-19 13:32,Fantasyland,2990,Seven Dwarfs Mine Train,1,50
2026-09-19 13:35,2026-09-19 13:32,Fantasyland,13818,Seven Dwarfs Mine Train Single Rider,1,0
2026-09-19 13:35,2026-09-19 13:32,Fantasyland,2991,The Many Adventures of Winnie the Pooh,1,15
2026-09-19 13:35,2026-09-19 13:32,Fantasyland,2992,Voyage to the Crystal Grotto,0,0
2026-09-19 13:35,2026-09-19 13:32,Gardens of Imagination,3896,Become Iron Man at the Marvel Universe,1,5
2026-09-19 13:35,2026-09-19 13:32,Gardens of Imagination,2993,Dumbo the Flying Elephant,1,30
2026-09-19 13:35,2026-09-19 13:32,Gardens of Imagination,2994,Fantasia Carousel,1,5
2026-09-19 13:35,2026-09-19 13:32,Gardens of Imagination,3082,Marvel Universe,1,0
2026-09-19 13:35,2026-09-19 13:32,Tomorrowland,2999,Buzz Lightyear Planet Rescue,1,5
2026-09-19 13:35,2026-09-19 13:32,Tomorrowland,3000,Jet Packs,1,20
2026-09-19 13:35,2026-09-19 13:32,Tomorrowland,16392,Pixar Adventurous Journey,1,5
2026-09-19 13:35,2026-09-19 13:32,Tomorrowland,3001,Space Chat With Stitch,1,15
2026-09-19 13:35,2026-09-19 13:32,Tomorrowland,2985,TRON Lightcycle Power Run – Presented by Chevrolet,1,50
2026-09-19 13:35,2026-09-19 13:32,Tomorrowland,4076,"TRON Realm, Chevrolet Digital Challenge",1,0
2026-09-19 13:35,2026-09-19 13:32,Toy Story Land,5633,Rex’s Racer,1,40
2026-09-19 13:35,2026-09-19 13:32,Toy Story Land,5634,Slinky Dog Spin,1,10
2026-09-19 13:35,2026-09-19 13:32,Toy Story Land,5635,Woody’s Roundup,1,40
2026-09-19 13:35,2026-09-19 13:32,Treasure Cove,2995,Explorer Canoes,0,0
2026-09-19 13:35,2026-09-19 13:32,Treasure Cove,2996,Pirates of the Caribbean Battle for the Sunken Treasure,1,5
2026-09-19 13:35,2026-09-19 13:32,Treasure Cove,2997,Shipwreck Shore,1,5
2026-09-19 13:35,2026-09-19 13:32,Treasure Cove,2998,Siren's Revenge,1,5
2026-09-19 13:35,2026-09-19 13:32,Zootopia,13819,Zootopia Hot Pursuit Single Rider,1,0
2026-09-19 13:35,2026-09-19 13:32,Zootopia,12392,Zootopia: Hot Pursuit,1,30
2026-09-19 13:40,2026-09-19 13:37,Adventure Isle,3893,Challenge Trails at Camp Discovery,1,5
2026-09-19 13:40,2026-09-19 13:37,Adventure Isle,16370,Junior Explorers Camp,1,5
2026-09-19 13:40,2026-09-19 13:37,Adventure Isle,2986,Roaring Rapids,1,10
2026-09-19 13:40,2026-09-19 13:37,Adventure Isle,3002,Soaring Over the Horizon,1,30
2026-09-19 13:40,2026-09-19 13:37,Adventure Isle,3901,Vista Trail at Camp Discovery,1,0
2026-09-19 13:40,2026-09-19 13:37,Fantasyland,3080,“Once Upon a Time” Adventure,1,5
2026-09-19 13:40,2026-09-19 13:37,Fantasyland,2987,Alice in Wonderland Maze,1,5
2026-09-19 13:40,2026-09-19 13:37,Fantasyland,2988,Hunny Pot Spin,1,10
2026-09-19 13:40,2026-09-19 13:37,Fantasyland,2989,Peter Pan’s Flight,1,20
2026-09-19 13:40,2026-09-19 13:37,Fantasyland,2990,Seven Dwarfs Mine Train,1,50
2026-09-19 13:40,2026-09-19 13:37,Fantasyland,13818,Seven Dwarfs Mine Train Single Rider,1,0
2026-09-19 13:40,2026-09-19 13:37,Fantasyland,2991,The Many Adventures of Winnie the Pooh,1,20
2026-09-19 13:40,2026-09-19 13:37,Fantasyland,2992,Voyage to the Crystal Grotto,0,0
2026-09-19 13:40,2026-09-19 13:37,Gardens of Imagination,3896,Become Iron Man at the Marvel Universe,1,5
2026-09-19 13:40,2026-09-19 13:37,Gardens of Imagination,2993,Dumbo the Flying Elephant,1,20
2026-09-19 13:40,2026-09-19 13:37,Gardens of Imagination,2994,Fantasia Carousel,1,5
2026-09-19 13:40,2026-09-19 13:37,Gardens of Imagination,3082,Marvel Universe,1,0
2026-09-19 13:40,2026-09-19 13:37,Tomorrowland,2999,Buzz Lightyear Planet Rescue,1,5
2026-09-19 13:40,2026-09-19 13:37,Tomorrowland,3000,Jet Packs,1,20
2026-09-19 13:40,2026-09-19 13:37,Tomorrowland,16392,Pixar Adventurous Journey,1,5
2026-09-19 13:40,2026-09-19 13:37,Tomorrowland,3001,Space Chat With Stitch,1,15
2026-09-19 13:40,2026-09-19 13:37,Tomorrowland,2985,TRON Lightcycle Power Run – Presented by Chevrolet,1,50
2026-09-19 13:40,2026-09-19 13:37,Tomorrowland,4076,"TRON Realm, Chevrolet Digital Challenge",1,0
2026-09-19 13:40,2026-09-19 13:37,Toy Story Land,5633,Rex’s Racer,1,40
2026-09-19 13:40,2026-09-19 13:37,Toy Story Land,5634,Slinky Dog Spin,1,20
2026-09-19 13:40,2026-09-19 13:37,Toy Story Land,5635,Woody’s Roundup,1,50
2026-09-19 13:40,2026-09-19 13:37,Treasure Cove,2995,Explorer Canoes,0,0
2026-09-19 13:40,2026-09-19 13:37,Treasure Cove,2996,Pirates of the Caribbean Battle for the Sunken Treasure,1,5
2026-09-19 13:40,2026-09-19 13:37,Treasure Cove,2997,Shipwreck Shore,1,5
2026-09-19 13:40,2026-09-19 13:37,Treasure Cove,2998,Siren's Revenge,1,5
2026-09-19 13:40,2026-09-19 13:37,Zootopia,13819,Zootopia Hot Pursuit Single Rider,1,0
2026-09-19 13:40,2026-09-19 13:37,Zootopia,12392,Zootopia: Hot Pursuit,1,30
2026-09-19 13:45,2026-09-19 13:42,Adventure Isle,3893,Challenge Trails at Camp Discovery,1,5
2026-09-19 13:45,2026-09-19 13:42,Adventure Isle,16370,Junior Explorers Camp,1,5
2026-09-19 13:45,2026-09-19 13:42,Adventure Isle,2986,Roaring Rapids,1,10
2026-09-19 13:45,2026-09-19 13:42,Adventure Isle,3002,Soaring Over the Horizon,1,40
2026-09-19 13:45,2026-09-19 13:42,Adventure Isle,3901,Vista Trail at Camp Discovery,1,0
2026-09-19 13:45,2026-09-19 13:42,Fantasyland,3080,“Once Upon a Time” Adventure,1,5
2026-09-19 13:45,2026-09-19 13:42,Fantasyland,2987,Alice in Wonderland Maze,1,5
2026-09-19 13:45,2026-09-19 13:42,Fantasyland,2988,Hunny Pot Spin,1,10
2026-09-19 13:45,2026-09-19 13:42,Fantasyland,2989,Peter Pan’s Flight,1,20
2026-09-19 13:45,2026-09-19 13:42,Fantasyland,2990,Seven Dwarfs Mine Train,1,50
2026-09-19 13:45,2026-09-19 13:42,Fantasyland,13818,Seven Dwarfs Mine Train Single Rider,1,0
2026-09-19 13:45,2026-09-19 13:42,Fantasyland,2991,The Many Adventures of Winnie the Pooh,1,20
2026-09-19 13:45,2026-09-19 13:42,Fantasyland,2992,Voyage to the Crystal Grotto,0,0
2026-09-19 13:45,2026-09-19 13:42,Gardens of Imagination,3896,Become Iron Man at the Marvel Universe,1,5
2026-09-19 13:45,2026-09-19 13:42,Gardens of Imagination,2993,Dumbo the Flying Elephant,1,20
2026-09-19 13:45,2026-09-19 13:42,Gardens of Imagination,2994,Fantasia Carousel,1,5
2026-09-19 13:45,2026-09-19 13:42,Gardens of Imagination,3082,Marvel Universe,1,0
2026-09-19 13:45,2026-09-19 13:42,Tomorrowland,2999,Buzz Lightyear Planet Rescue,1,5
2026-09-19 13:45,2026-09-19 13:42,Tomorrowland,3000,Jet Packs,1,30
2026-09-19 13:45,2026-09-19 13:42,Tomorrowland,16392,Pixar Adventurous Journey,1,5
2026-09-19 13:45,2026-09-19 13:42,Tomorrowland,3001,Space Chat With Stitch,1,15
2026-09-19 13:45,2026-09-19 13:42,Tomorrowland,2985,TRON Lightcycle Power Run – Presented by Chevrolet,1,50
2026-09-19 13:45,2026-09-19 13:42,Tomorrowland,4076,"TRON Realm, Chevrolet Digital Challenge",1,0
2026-09-19 13:45,2026-09-19 13:42,Toy Story Land,5633,Rex’s Racer,1,40
2026-09-19 13:45,2026-09-19 13:42,Toy Story Land,5634,Slinky Dog Spin,1,20
2026-09-19 13:45,2026-09-19 13:42,Toy Story Land,5635,Woody’s Roundup,1,50
2026-09-19 13:45,2026-09-19 13:42,Treasure Cove,2995,Explorer Canoes,0,0
2026-09-19 13:45,2026-09-19 13:42,Treasure Cove,2996,Pirates of the Caribbean Battle for the Sunken Treasure,1,5
2026-09-19 13:45,2026-09-19 13:42,Treasure Cove,2997,Shipwreck Shore,1,5
2026-09-19 13:45,2026-09-19 13:42,Treasure Cove,2998,Siren's Revenge,1,5
2026-09-19 13:45,2026-09-19 13:42,Zootopia,13819,Zootopia Hot Pursuit Single Rider,1,0
2026-09-19 13:45,2026-09-19 13:42,Zootopia,12392,Zootopia: Hot Pursuit,1,30
2026-09-19 13:50,2026-09-19 13:47,Adventure Isle,3893,Challenge Trails at Camp Discovery,1,5
2026-09-19 13:50,2026-09-19 13:47,Adventure Isle,16370,Junior Explorers Camp,1,5
2026-09-19 13:50,2026-09-19 13:47,Adventure Isle,2986,Roaring Rapids,1,10
2026-09-19 13:50,2026-09-19 13:47,Adventure Isle,3002,Soaring Over the Horizon,1,50
2026-09-19 13:50,2026-09-19 13:47,Adventure Isle,3901,Vista Trail at Camp Discovery,1,0
2026-09-19 13:50,2026-09-19 13:47,Fantasyland,3080,“Once Upon a Time” Adventure,1,5
2026-09-19 13:50,2026-09-19 13:47,Fantasyland,2987,Alice in Wonderland Maze,1,5
2026-09-19 13:50,2026-09-19 13:47,Fantasyland,2988,Hunny Pot Spin,1,10
2026-09-19 13:50,2026-09-19 13:47,Fantasyland,2989,Peter Pan’s Flight,1,15
2026-09-19 13:50,2026-09-19 13:47,Fantasyland,2990,Seven Dwarfs Mine Train,1,45
2026-09-19 13:50,2026-09-19 13:47,Fantasyland,13818,Seven Dwarfs Mine Train Single Rider,1,0
2026-09-19 13:50,2026-09-19 13:47,Fantasyland,2991,The Many Adventures of Winnie the Pooh,1,20
2026-09-19 13:50,2026-09-19 13:47,Fantasyland,2992,Voyage to the Crystal Grotto,0,0
2026-09-19 13:50,2026-09-19 13:47,Gardens of Imagination,3896,Become Iron Man at the Marvel Universe,1,5
2026-09-19 13:50,2026-09-19 13:47,Gardens of Imagination,2993,Dumbo the Flying Elephant,1,15
2026-09-19 13:50,2026-09-19 13:47,Gardens of Imagination,2994,Fantasia Carousel,1,5
2026-09-19 13:50,2026-09-19 13:47,Gardens of Imagination,3082,Marvel Universe,1,0
2026-09-19 13:50,2026-09-19 13:47,Tomorrowland,2999,Buzz Lightyear Planet Rescue,1,5
2026-09-19 13:50,2026-09-19 13:47,Tomorrowland,3000,Jet Packs,1,30
2026-09-19 13:50,2026-09-19 13:47,Tomorrowland,16392,Pixar Adventurous Journey,1,5
2026-09-19 13:50,2026-09-19 13:47,Tomorrowland,3001,Space Chat With Stitch,1,15
2026-09-19 13:50,2026-09-19 13:47,Tomorrowland,2985,TRON Lightcycle Power Run – Presented by Chevrolet,1,60
2026-09-19 13:50,2026-09-19 13:47,Tomorrowland,4076,"TRON Realm, Chevrolet Digital Challenge",1,0
2026-09-19 13:50,2026-09-19 13:47,Toy Story Land,5633,Rex’s Racer,1,30
2026-09-19 13:50,2026-09-19 13:47,Toy Story Land,5634,Slinky Dog Spin,1,20
2026-09-19 13:50,2026-09-19 13:47,Toy Story Land,5635,Woody’s Roundup,1,50
2026-09-19 13:50,2026-09-19 13:47,Treasure Cove,2995,Explorer Canoes,0,0
2026-09-19 13:50,2026-09-19 13:47,Treasure Cove,2996,Pirates of the Caribbean Battle for the Sunken Treasure,1,10
2026-09-19 13:50,2026-09-19 13:47,Treasure Cove,2997,Shipwreck Shore,1,5
2026-09-19 13:50,2026-09-19 13:47,Treasure Cove,2998,Siren's Revenge,1,5
2026-09-19 13:50,2026-09-19 13:47,Zootopia,13819,Zootopia Hot Pursuit Single Rider,1,0
2026-09-19 13:50,2026-09-19 13:47,Zootopia,12392,Zootopia: Hot Pursuit,1,30
2026-09-19 13:55,2026-09-19 13:52,Adventure Isle,3893,Challenge Trails at Camp Discovery,1,5
2026-09-19 13:55,2026-09-19 13:52,Adventure Isle,16370,Junior Explorers Camp,1,5
2026-09-19 13:55,2026-09-19 13:52,Adventure Isle,2986,Roaring Rapids,1,10
2026-09-19 13:55,2026-09-19 13:52,Adventure Isle,3002,Soaring Over the Horizon,1,50
2026-09-19 13:55,2026-09-19 13:52,Adventure Isle,3901,Vista Trail at Camp Discovery,1,0
2026-09-19 13:55,2026-09-19 13:52,Fantasyland,3080,“Once Upon a Time” Adventure,1,5
2026-09-19 13:55,2026-09-19 13:52,Fantasyland,2987,Alice in Wonderland Maze,1,5
2026-09-19 13:55,2026-09-19 13:52,Fantasyland,2988,Hunny Pot Spin,1,10
2026-09-19 13:55,2026-09-19 13:52,Fantasyland,2989,Peter Pan’s Flight,1,20
2026-09-19 13:55,2026-09-19 13:52,Fantasyland,2990,Seven Dwarfs Mine Train,1,45
2026-09-19 13:55,2026-09-19 13:52,Fantasyland,13818,Seven Dwarfs Mine Train Single Rider,1,0
2026-09-19 13:55,2026-09-19 13:52,Fantasyland,2991,The Many Adventures of Winnie the Pooh,1,20
2026-09-19 13:55,2026-09-19 13:52,Fantasyland,2992,Voyage to the Crystal Grotto,0,0
2026-09-19 13:55,2026-09-19 13:52,Gardens of Imagination,3896,Become Iron Man at the Marvel Universe,1,5
2026-09-19 13:55,2026-09-19 13:52,Gardens of Imagination,2993,Dumbo the Flying Elephant,1,20
2026-09-19 13:55,2026-09-19 13:52,Gardens of Imagination,2994,Fantasia Carousel,1,5
2026-09-19 13:55,2026-09-19 13:52,Gardens of Imagination,3082,Marvel Universe,1,0
2026-09-19 13:55,2026-09-19 13:52,Tomorrowland,2999,Buzz Lightyear Planet Rescue,1,5
2026-09-19 13:55,2026-09-19 13:52,Tomorrowland,3000,Jet Packs,1,30
2026-09-19 13:55,2026-09-19 13:52,Tomorrowland,16392,Pixar Adventurous Journey,1,5
2026-09-19 13:55,2026-09-19 13:52,Tomorrowland,3001,Space Chat With Stitch,1,15
2026-09-19 13:55,2026-09-19 13:52,Tomorrowland,2985,TRON Lightcycle Power Run – Presented by Chevrolet,1,60
2026-09-19 13:55,2026-09-19 13:52,Tomorrowland,4076,"TRON Realm, Chevrolet Digital Challenge",1,0
2026-09-19 13:55,2026-09-19 13:52,Toy Story Land,5633,Rex’s Racer,1,30
2026-09-19 13:55,2026-09-19 13:52,Toy Story Land,5634,Slinky Dog Spin,1,20
2026-09-19 13:55,2026-09-19 13:52,Toy Story Land,5635,Woody’s Roundup,1,40
2026-09-19 13:55,2026-09-19 13:52,Treasure Cove,2995,Explorer Canoes,0,0
2026-09-19 13:55,2026-09-19 13:52,Treasure Cove,2996,Pirates of the Caribbean Battle for the Sunken Treasure,1,10
2026-09-19 13:55,2026-09-19 13:52,Treasure Cove,2997,Shipwreck Shore,1,5
2026-09-19 13:55,2026-09-19 13:52,Treasure Cove,2998,Siren's Revenge,1,5
2026-09-19 13:55,2026-09-19 13:52,Zootopia,13819,Zootopia Hot Pursuit Single Rider,1,0
2026-09-19 13:55,2026-09-19 13:52,Zootopia,12392,Zootopia: Hot Pursuit,1,30
2026-09-19 14:00,2026-09-19 13:57,Adventure Isle,3893,Challenge Trails at Camp Discovery,1,5
2026-09-19 14:00,2026-09-19 13:57,Adventure Isle,16370,Junior Explorers Camp,1,5
2026-09-19 14:00,2026-09-19 13:57,Adventure Isle,2986,Roaring Rapids,1,10
2026-09-19 14:00,2026-09-19 13:57,Adventure Isle,3002,Soaring Over the Horizon,1,50
2026-09-19 14:00,2026-09-19 13:57,Adventure Isle,3901,Vista Trail at Camp Discovery,1,0
2026-09-19 14:00,2026-09-19 13:57,Fantasyland,3080,“Once Upon a Time” Adventure,1,5
2026-09-19 14:00,2026-09-19 13:57,Fantasyland,2987,Alice in Wonderland Maze,1,5
2026-09-19 14:00,2026-09-19 13:57,Fantasyland,2988,Hunny Pot Spin,1,10
2026-09-19 14:00,2026-09-19 13:57,Fantasyland,2989,Peter Pan’s Flight,1,30
2026-09-19 14:00,2026-09-19 13:57,Fantasyland,2990,Seven Dwarfs Mine Train,1,50
2026-09-19 14:00,2026-09-19 13:57,Fantasyland,13818,Seven Dwarfs Mine Train Single Rider,1,0
2026-09-19 14:00,2026-09-19 13:57,Fantasyland,2991,The Many Adventures of Winnie the Pooh,1,20
2026-09-19 14:00,2026-09-19 13:57,Fantasyland,2992,Voyage to the Crystal Grotto,0,0
2026-09-19 14:00,2026-09-19 13:57,Gardens of Imagination,3896,Become Iron Man at the Marvel Universe,1,5
2026-09-19 14:00,2026-09-19 13:57,Gardens of Imagination,2993,Dumbo the Flying Elephant,1,20
2026-09-19 14:00,2026-09-19 13:57,Gardens of Imagination,2994,Fantasia Carousel,1,5
2026-09-19 14:00,2026-09-19 13:57,Gardens of Imagination,3082,Marvel Universe,1,0
2026-09-19 14:00,2026-09-19 13:57,Tomorrowland,2999,Buzz Lightyear Planet Rescue,1,5
2026-09-19 14:00,2026-09-19 13:57,Tomorrowland,3000,Jet Packs,1,30
2026-09-19 14:00,2026-09-19 13:57,Tomorrowland,16392,Pixar Adventurous Journey,1,5
2026-09-19 14:00,2026-09-19 13:57,Tomorrowland,3001,Space Chat With Stitch,1,15
2026-09-19 14:00,2026-09-19 13:57,Tomorrowland,2985,TRON Lightcycle Power Run – Presented by Chevrolet,1,50
2026-09-19 14:00,2026-09-19 13:57,Tomorrowland,4076,"TRON Realm, Chevrolet Digital Challenge",1,0
2026-09-19 14:00,2026-09-19 13:57,Toy Story Land,5633,Rex’s Racer,1,30
2026-09-19 14:00,2026-09-19 13:57,Toy Story Land,5634,Slinky Dog Spin,1,20
2026-09-19 14:00,2026-09-19 13:57,Toy Story Land,5635,Woody’s Roundup,1,40
2026-09-19 14:00,2026-09-19 13:57,Treasure Cove,2995,Explorer Canoes,0,0
2026-09-19 14:00,2026-09-19 13:57,Treasure Cove,2996,Pirates of the Caribbean Battle for the Sunken Treasure,1,10
2026-09-19 14:00,2026-09-19 13:57,Treasure Cove,2997,Shipwreck Shore,1,5
2026-09-19 14:00,2026-09-19 13:57,Treasure Cove,2998,Siren's Revenge,1,5
2026-09-19 14:00,2026-09-19 13:57,Zootopia,13819,Zootopia Hot Pursuit Single Rider,1,0
2026-09-19 14:00,2026-09-19 13:57,Zootopia,12392,Zootopia: Hot Pursuit,1,30
2026-09-19 14:05,2026-09-19 14:02,Adventure Isle,3893,Challenge Trails at Camp Discovery,1,5
2026-09-19 14:05,2026-09-19 14:02,Adventure Isle,16370,Junior Explorers Camp,1,5
2026-09-19 14:05,2026-09-19 14:02,Adventure Isle,2986,Roaring Rapids,1,10
2026-09-19 14:05,2026-09-19 14:02,Adventure Isle,3002,Soaring Over the Horizon,1,50
2026-09-19 14:05,2026-09-19 14:02,Adventure Isle,3901,Vista Trail at Camp Discovery,1,0
2026-09-19 14:05,2026-09-19 14:02,Fantasyland,3080,“Once Upon a Time” Adventure,1,5
2026-09-19 14:05,2026-09-19 14:02,Fantasyland,2987,Alice in Wonderland Maze,1,5
2026-09-19 14:05,2026-09-19 14:02,Fantasyland,2988,Hunny Pot Spin,1,10
2026-09-19 14:05,2026-09-19 14:02,Fantasyland,2989,Peter Pan’s Flight,1,20
2026-09-19 14:05,2026-09-19 14:02,Fantasyland,2990,Seven Dwarfs Mine Train,1,55
2026-09-19 14:05,2026-09-19 14:02,Fantasyland,13818,Seven Dwarfs Mine Train Single Rider,1,0
2026-09-19 14:05,2026-09-19 14:02,Fantasyland,2991,The Many Adventures of Winnie the Pooh,1,20
2026-09-19 14:05,2026-09-19 14:02,Fantasyland,2992,Voyage to the Crystal Grotto,0,0
2026-09-19 14:05,2026-09-19 14:02,Gardens of Imagination,3896,Become Iron Man at the Marvel Universe,1,5
2026-09-19 14:05,2026-09-19 14:02,Gardens of Imagination,2993,Dumbo the Flying Elephant,1,20
2026-09-19 14:05,2026-09-19 14:02,Gardens of Imagination,2994,Fantasia Carousel,1,5
2026-09-19 14:05,2026-09-19 14:02,Gardens of Imagination,3082,Marvel Universe,1,0
2026-09-19 14:05,2026-09-19 14:02,Tomorrowland,2999,Buzz Lightyear Planet Rescue,1,5
2026-09-19 14:05,2026-09-19 14:02,Tomorrowland,3000,Jet Packs,1,30
2026-09-19 14:05,2026-09-19 14:02,Tomorrowland,16392,Pixar Adventurous Journey,1,5
2026-09-19 14:05,2026-09-19 14:02,Tomorrowland,3001,Space Chat With Stitch,1,15
2026-09-19 14:05,2026-09-19 14:02,Tomorrowland,2985,TRON Lightcycle Power Run – Presented by Chevrolet,1,40
2026-09-19 14:05,2026-09-19 14:02,Tomorrowland,4076,"TRON Realm, Chevrolet Digital Challenge",1,0
2026-09-19 14:05,2026-09-19 14:02,Toy Story Land,5633,Rex’s Racer,1,50
2026-09-19 14:05,2026-09-19 14:02,Toy Story Land,5634,Slinky Dog Spin,1,20
2026-09-19 14:05,2026-09-19 14:02,Toy Story Land,5635,Woody’s Roundup,1,40
2026-09-19 14:05,2026-09-19 14:02,Treasure Cove,2995,Explorer Canoes,0,0
2026-09-19 14:05,2026-09-19 14:02,Treasure Cove,2996,Pirates of the Caribbean Battle for the Sunken Treasure,1,10
2026-09-19 14:05,2026-09-19 14:02,Treasure Cove,2997,Shipwreck Shore,1,5
2026-09-19 14:05,2026-09-19 14:02,Treasure Cove,2998,Siren's Revenge,1,5
2026-09-19 14:05,2026-09-19 14:02,Zootopia,13819,Zootopia Hot Pursuit Single Rider,1,0
2026-09-19 14:05,2026-09-19 14:02,Zootopia,12392,Zootopia: Hot Pursuit,1,30
2026-09-19 14:10,2026-09-19 14:07,Adventure Isle,3893,Challenge Trails at Camp Discovery,1,10
2026-09-19 14:10,2026-09-19 14:07,Adventure Isle,16370,Junior Explorers Camp,1,5
2026-09-19 14:10,2026-09-19 14:07,Adventure Isle,2986,Roaring Rapids,1,10
2026-09-19 14:10,2026-09-19 14:07,Adventure Isle,3002,Soaring Over the Horizon,1,40
2026-09-19 14:10,2026-09-19 14:07,Adventure Isle,3901,Vista Trail at Camp Discovery,1,0
2026-09-19 14:10,2026-09-19 14:07,Fantasyland,3080,“Once Upon a Time” Adventure,1,5
2026-09-19 14:10,2026-09-19 14:07,Fantasyland,2987,Alice in Wonderland Maze,1,5
2026-09-19 14:10,2026-09-19 14:07,Fantasyland,2988,Hunny Pot Spin,1,10
2026-09-19 14:10,2026-09-19 14:07,Fantasyland,2989,Peter Pan’s Flight,1,20
2026-09-19 14:10,2026-09-19 14:07,Fantasyland,2990,Seven Dwarfs Mine Train,1,55
2026-09-19 14:10,2026-09-19 14:07,Fantasyland,13818,Seven Dwarfs Mine Train Single Rider,1,0
2026-09-19 14:10,2026-09-19 14:07,Fantasyland,2991,The Many Adventures of Winnie the Pooh,1,20
2026-09-19 14:10,2026-09-19 14:07,Fantasyland,2992,Voyage to the Crystal Grotto,0,0
2026-09-19 14:10,2026-09-19 14:07,Gardens of Imagination,3896,Become Iron Man at the Marvel Universe,1,5
2026-09-19 14:10,2026-09-19 14:07,Gardens of Imagination,2993,Dumbo the Flying Elephant,1,20
2026-09-19 14:10,2026-09-19 14:07,Gardens of Imagination,2994,Fantasia Carousel,1,5
2026-09-19 14:10,2026-09-19 14:07,Gardens of Imagination,3082,Marvel Universe,1,0
2026-09-19 14:10,2026-09-19 14:07,Tomorrowland,2999,Buzz Lightyear Planet Rescue,1,5
2026-09-19 14:10,2026-09-19 14:07,Tomorrowland,3000,Jet Packs,1,30
2026-09-19 14:10,2026-09-19 14:07,Tomorrowland,16392,Pixar Adventurous Journey,1,5
2026-09-19 14:10,2026-09-19 14:07,Tomorrowland,3001,Space Chat With Stitch,1,15
2026-09-19 14:10,2026-09-19 14:07,Tomorrowland,2985,TRON Lightcycle Power Run – Presented by Chevrolet,1,40
2026-09-19 14:10,2026-09-19 14:07,Tomorrowland,4076,"TRON Realm, Chevrolet Digital Challenge",1,0
2026-09-19 14:10,2026-09-19 14:07,Toy Story Land,5633,Rex’s Racer,1,60
2026-09-19 14:10,2026-09-19 14:07,Toy Story Land,5634,Slinky Dog Spin,1,20
2026-09-19 14:10,2026-09-19 14:07,Toy Story Land,5635,Woody’s Roundup,1,40
2026-09-19 14:10,2026-09-19 14:07,Treasure Cove,2995,Explorer Canoes,0,0
2026-09-19 14:10,2026-09-19 14:07,Treasure Cove,2996,Pirates of the Caribbean Battle for the Sunken Treasure,1,10
2026-09-19 14:10,2026-09-19 14:07,Treasure Cove,2997,Shipwreck Shore,1,5
2026-09-19 14:10,2026-09-19 14:07,Treasure Cove,2998,Siren's Revenge,1,5
2026-09-19 14:10,2026-09-19 14:07,Zootopia,13819,Zootopia Hot Pursuit Single Rider,1,0
2026-09-19 14:10,2026-09-19 14:07,Zootopia,12392,Zootopia: Hot Pursuit,1,30
2026-09-19 14:15,2026-09-19 14:12,Adventure Isle,3893,Challenge Trails at Camp Discovery,1,10
2026-09-19 14:15,2026-09-19 14:12,Adventure Isle,16370,Junior Explorers Camp,1,5
2026-09-19 14:15,2026-09-19 14:12,Adventure Isle,2986,Roaring Rapids,1,10
2026-09-19 14:15,2026-09-19 14:12,Adventure Isle,3002,Soaring Over the Horizon,1,30
2026-09-19 14:15,2026-09-19 14:12,Adventure Isle,3901,Vista Trail at Camp Discovery,1,0
2026-09-19 14:15,2026-09-19 14:12,Fantasyland,3080,“Once Upon a Time” Adventure,1,5
2026-09-19 14:15,2026-09-19 14:12,Fantasyland,2987,Alice in Wonderland Maze,1,5
2026-09-19 14:15,2026-09-19 14:12,Fantasyland,2988,Hunny Pot Spin,1,10
2026-09-19 14:15,2026-09-19 14:12,Fantasyland,2989,Peter Pan’s Flight,1,15
2026-09-19 14:15,2026-09-19 14:12,Fantasyland,2990,Seven Dwarfs Mine Train,1,55
2026-09-19 14:15,2026-09-19 14:12,Fantasyland,13818,Seven Dwarfs Mine Train Single Rider,1,0
2026-09-19 14:15,2026-09-19 14:12,Fantasyland,2991,The Many Adventures of Winnie the Pooh,1,20
2026-09-19 14:15,2026-09-19 14:12,Fantasyland,2992,Voyage to the Crystal Grotto,0,0
2026-09-19 14:15,2026-09-19 14:12,Gardens of Imagination,3896,Become Iron Man at the Marvel Universe,1,5
2026-09-19 14:15,2026-09-19 14:12,Gardens of Imagination,2993,Dumbo the Flying Elephant,1,15
2026-09-19 14:15,2026-09-19 14:12,Gardens of Imagination,2994,Fantasia Carousel,1,5
2026-09-19 14:15,2026-09-19 14:12,Gardens of Imagination,3082,Marvel Universe,1,0
2026-09-19 14:15,2026-09-19 14:12,Tomorrowland,2999,Buzz Lightyear Planet Rescue,1,5
2026-09-19 14:15,2026-09-19 14:12,Tomorrowland,3000,Jet Packs,1,30
2026-09-19 14:15,2026-09-19 14:12,Tomorrowland,16392,Pixar Adventurous Journey,1,5
2026-09-19 14:15,2026-09-19 14:12,Tomorrowland,3001,Space Chat With Stitch,1,15
2026-09-19 14:15,2026-09-19 14:12,Tomorrowland,2985,TRON Lightcycle Power Run – Presented by Chevrolet,1,40
2026-09-19 14:15,2026-09-19 14:12,Tomorrowland,4076,"TRON Realm, Chevrolet Digital Challenge",1,0
2026-09-19 14:15,2026-09-19 14:12,Toy Story Land,5633,Rex’s Racer,1,60
2026-09-19 14:15,2026-09-19 14:12,Toy Story Land,5634,Slinky Dog Spin,1,30
2026-09-19 14:15,2026-09-19 14:12,Toy Story Land,5635,Woody’s Roundup,1,40
2026-09-19 14:15,2026-09-19 14:12,Treasure Cove,2995,Explorer Canoes,0,0
2026-09-19 14:15,2026-09-19 14:12,Treasure Cove,2996,Pirates of the Caribbean Battle for the Sunken Treasure,1,10
2026-09-19 14:15,2026-09-19 14:12,Treasure Cove,2997,Shipwreck Shore,1,5
2026-09-19 14:15,2026-09-19 14:12,Treasure Cove,2998,Siren's Revenge,1,5
2026-09-19 14:15,2026-09-19 14:12,Zootopia,13819,Zootopia Hot Pursuit Single Rider,1,0
2026-09-19 14:15,2026-09-19 14:12,Zootopia,12392,Zootopia: Hot Pursuit,1,30
2026-09-19 14:20,2026-09-19 14:17,Adventure Isle,3893,Challenge Trails at Camp Discovery,1,10
2026-09-19 14:20,2026-09-19 14:17,Adventure Isle,16370,Junior Explorers Camp,1,5
2026-09-19 14:20,2026-09-19 14:17,Adventure Isle,2986,Roaring Rapids,1,10
2026-09-19 14:20,2026-09-19 14:17,Adventure Isle,3002,Soaring Over the Horizon,1,30
2026-09-19 14:20,2026-09-19 14:17,Adventure Isle,3901,Vista Trail at Camp Discovery,1,0
2026-09-19 14:20,2026-09-19 14:17,Fantasyland,3080,“Once Upon a Time” Adventure,1,5
2026-09-19 14:20,2026-09-19 14:17,Fantasyland,2987,Alice in Wonderland Maze,1,5
2026-09-19 14:20,2026-09-19 14:17,Fantasyland,2988,Hunny Pot Spin,1,10
2026-09-19 14:20,2026-09-19 14:17,Fantasyland,2989,Peter Pan’s Flight,1,15
2026-09-19 14:20,2026-09-19 14:17,Fantasyland,2990,Seven Dwarfs Mine Train,1,55
2026-09-19 14:20,2026-09-19 14:17,Fantasyland,13818,Seven Dwarfs Mine Train Single Rider,1,0
2026-09-19 14:20,2026-09-19 14:17,Fantasyland,2991,The Many Adventures of Winnie the Pooh,1,20
2026-09-19 14:20,2026-09-19 14:17,Fantasyland,2992,Voyage to the Crystal Grotto,0,0
2026-09-19 14:20,2026-09-19 14:17,Gardens of Imagination,3896,Become Iron Man at the Marvel Universe,1,5
2026-09-19 14:20,2026-09-19 14:17,Gardens of Imagination,2993,Dumbo the Flying Elephant,1,15
2026-09-19 14:20,2026-09-19 14:17,Gardens of Imagination,2994,Fantasia Carousel,1,5
2026-09-19 14:20,2026-09-19 14:17,Gardens of Imagination,3082,Marvel Universe,1,0
2026-09-19 14:20,2026-09-19 14:17,Tomorrowland,2999,Buzz Lightyear Planet Rescue,1,5
2026-09-19 14:20,2026-09-19 14:17,Tomorrowland,3000,Jet Packs,1,30
2026-09-19 14:20,2026-09-19 14:17,Tomorrowland,16392,Pixar Adventurous Journey,1,5
2026-09-19 14:20,2026-09-19 14:17,Tomorrowland,3001,Space Chat With Stitch,1,15
2026-09-19 14:20,2026-09-19 14:17,Tomorrowland,2985,TRON Lightcycle Power Run – Presented by Chevrolet,1,40
2026-09-19 14:20,2026-09-19 14:17,Tomorrowland,4076,"TRON Realm, Chevrolet Digital Challenge",1,0
2026-09-19 14:20,2026-09-19 14:17,Toy Story Land,5633,Rex’s Racer,1,60
2026-09-19 14:20,2026-09-19 14:17,Toy Story Land,5634,Slinky Dog Spin,1,30
2026-09-19 14:20,2026-09-19 14:17,Toy Story Land,5635,Woody’s Roundup,1,30
2026-09-19 14:20,2026-09-19 14:17,Treasure Cove,2995,Explorer Canoes,0,0
2026-09-19 14:20,2026-09-19 14:17,Treasure Cove,2996,Pirates of the Caribbean Battle for the Sunken Treasure,1,10
2026-09-19 14:20,2026-09-19 14:17,Treasure Cove,2997,Shipwreck Shore,1,5
2026-09-19 14:20,2026-09-19 14:17,Treasure Cove,2998,Siren's Revenge,1,5
2026-09-19 14:20,2026-09-19 14:17,Zootopia,13819,Zootopia Hot Pursuit Single Rider,1,0
2026-09-19 14:20,2026-09-19 14:17,Zootopia,12392,Zootopia: Hot Pursuit,1,30
2026-09-19 14:25,2026-09-19 14:22,Adventure Isle,3893,Challenge Trails at Camp Discovery,1,10
2026-09-19 14:25,2026-09-19 14:22,Adventure Isle,16370,Junior Explorers Camp,1,5
2026-09-19 14:25,2026-09-19 14:22,Adventure Isle,2986,Roaring Rapids,1,10
2026-09-19 14:25,2026-09-19 14:22,Adventure Isle,3002,Soaring Over the Horizon,1,20
2026-09-19 14:25,2026-09-19 14:22,Adventure Isle,3901,Vista Trail at Camp Discovery,1,0
2026-09-19 14:25,2026-09-19 14:22,Fantasyland,3080,“Once Upon a Time” Adventure,1,5
2026-09-19 14:25,2026-09-19 14:22,Fantasyland,2987,Alice in Wonderland Maze,1,5
2026-09-19 14:25,2026-09-19 14:22,Fantasyland,2988,Hunny Pot Spin,1,10
2026-09-19 14:25,2026-09-19 14:22,Fantasyland,2989,Peter Pan’s Flight,1,15
2026-09-19 14:25,2026-09-19 14:22,Fantasyland,2990,Seven Dwarfs Mine Train,1,55
2026-09-19 14:25,2026-09-19 14:22,Fantasyland,13818,Seven Dwarfs Mine Train Single Rider,1,0
2026-09-19 14:25,2026-09-19 14:22,Fantasyland,2991,The Many Adventures of Winnie the Pooh,1,20
2026-09-19 14:25,2026-09-19 14:22,Fantasyland,2992,Voyage to the Crystal Grotto,0,0
2026-09-19 14:25,2026-09-19 14:22,Gardens of Imagination,3896,Become Iron Man at the Marvel Universe,1,5
2026-09-19 14:25,2026-09-19 14:22,Gardens of Imagination,2993,Dumbo the Flying Elephant,1,40
2026-09-19 14:25,2026-09-19 14:22,Gardens of Imagination,2994,Fantasia Carousel,1,5
2026-09-19 14:25,2026-09-19 14:22,Gardens of Imagination,3082,Marvel Universe,1,0
2026-09-19 14:25,2026-09-19 14:22,Tomorrowland,2999,Buzz Lightyear Planet Rescue,1,5
2026-09-19 14:25,2026-09-19 14:22,Tomorrowland,3000,Jet Packs,1,30
2026-09-19 14:25,2026-09-19 14:22,Tomorrowland,16392,Pixar Adventurous Journey,1,5
2026-09-19 14:25,2026-09-19 14:22,Tomorrowland,3001,Space Chat With Stitch,1,15
2026-09-19 14:25,2026-09-19 14:22,Tomorrowland,2985,TRON Lightcycle Power Run – Presented by Chevrolet,1,40
2026-09-19 14:25,2026-09-19 14:22,Tomorrowland,4076,"TRON Realm, Chevrolet Digital Challenge",1,0
2026-09-19 14:25,2026-09-19 14:22,Toy Story Land,5633,Rex’s Racer,1,60
2026-09-19 14:25,2026-09-19 14:22,Toy Story Land,5634,Slinky Dog Spin,1,30
2026-09-19 14:25,2026-09-19 14:22,Toy Story Land,5635,Woody’s Roundup,1,30
2026-09-19 14:25,2026-09-19 14:22,Treasure Cove,2995,Explorer Canoes,0,0
2026-09-19 14:25,2026-09-19 14:22,Treasure Cove,2996,Pirates of the Caribbean Battle for the Sunken Treasure,1,10
2026-09-19 14:25,2026-09-19 14:22,Treasure Cove,2997,Shipwreck Shore,1,5
2026-09-19 14:25,2026-09-19 14:22,Treasure Cove,2998,Siren's Revenge,1,5
2026-09-19 14:25,2026-09-19 14:22,Zootopia,13819,Zootopia Hot Pursuit Single Rider,1,0
2026-09-19 14:25,2026-09-19 14:22,Zootopia,12392,Zootopia: Hot Pursuit,1,30
2026-09-19 14:30,2026-09-19 14:27,Adventure Isle,3893,Challenge Trails at Camp Discovery,1,10
2026-09-19 14:30,2026-09-19 14:27,Adventure Isle,16370,Junior Explorers Camp,1,5
2026-09-19 14:30,2026-09-19 14:27,Adventure Isle,2986,Roaring Rapids,1,10
2026-09-19 14:30,2026-09-19 14:27,Adventure Isle,3002,Soaring Over the Horizon,1,20
2026-09-19 14:30,2026-09-19 14:27,Adventure Isle,3901,Vista Trail at Camp Discovery,1,0
2026-09-19 14:30,2026-09-19 14:27,Fantasyland,3080,“Once Upon a Time” Adventure,1,5
2026-09-19 14:30,2026-09-19 14:27,Fantasyland,2987,Alice in Wonderland Maze,1,5
2026-09-19 14:30,2026-09-19 14:27,Fantasyland,2988,Hunny Pot Spin,1,10
2026-09-19 14:30,2026-09-19 14:27,Fantasyland,2989,Peter Pan’s Flight,1,15
2026-09-19 14:30,2026-09-19 14:27,Fantasyland,2990,Seven Dwarfs Mine Train,1,55
2026-09-19 14:30,2026-09-19 14:27,Fantasyland,13818,Seven Dwarfs Mine Train Single Rider,1,0
2026-09-19 14:30,2026-09-19 14:27,Fantasyland,2991,The Many Adventures of Winnie the Pooh,1,25
2026-09-19 14:30,2026-09-19 14:27,Fantasyland,2992,Voyage to the Crystal Grotto,0,0
2026-09-19 14:30,2026-09-19 14:27,Gardens of Imagination,3896,Become Iron Man at the Marvel Universe,1,5
2026-09-19 14:30,2026-09-19 14:27,Gardens of Imagination,2993,Dumbo the Flying Elephant,1,40
2026-09-19 14:30,2026-09-19 14:27,Gardens of Imagination,2994,Fantasia Carousel,1,5
2026-09-19 14:30,2026-09-19 14:27,Gardens of Imagination,3082,Marvel Universe,1,0
2026-09-19 14:30,2026-09-19 14:27,Tomorrowland,2999,Buzz Lightyear Planet Rescue,1,5
2026-09-19 14:30,2026-09-19 14:27,Tomorrowland,3000,Jet Packs,1,30
2026-09-19 14:30,2026-09-19 14:27,Tomorrowland,16392,Pixar Adventurous Journey,1,5
2026-09-19 14:30,2026-09-19 14:27,Tomorrowland,3001,Space Chat With Stitch,1,15
2026-09-19 14:30,2026-09-19 14:27,Tomorrowland,2985,TRON Lightcycle Power Run – Presented by Chevrolet,1,60
2026-09-19 14:30,2026-09-19 14:27,Tomorrowland,4076,"TRON Realm, Chevrolet Digital Challenge",1,0
2026-09-19 14:30,2026-09-19 14:27,Toy Story Land,5633,Rex’s Racer,1,60
2026-09-19 14:30,2026-09-19 14:27,Toy Story Land,5634,Slinky Dog Spin,1,30
2026-09-19 14:30,2026-09-19 14:27,Toy Story Land,5635,Woody’s Roundup,1,30
2026-09-19 14:30,2026-09-19 14:27,Treasure Cove,2995,Explorer Canoes,0,0
2026-09-19 14:30,2026-09-19 14:27,Treasure Cove,2996,Pirates of the Caribbean Battle for the Sunken Treasure,1,10
2026-09-19 14:30,2026-09-19 14:27,Treasure Cove,2997,Shipwreck Shore,1,5
2026-09-19 14:30,2026-09-19 14:27,Treasure Cove,2998,Siren's Revenge,1,5
2026-09-19 14:30,2026-09-19 14:27,Zootopia,13819,Zootopia Hot Pursuit Single Rider,1,0
2026-09-19 14:30,2026-09-19 14:27,Zootopia,12392,Zootopia: Hot Pursuit,1,30
2026-09-19 14:35,2026-09-19 14:32,Adventure Isle,3893,Challenge Trails at Camp Discovery,1,10
2026-09-19 14:35,2026-09-19 14:32,Adventure Isle,16370,Junior Explorers Camp,1,5
2026-09-19 14:35,2026-09-19 14:32,Adventure Isle,2986,Roaring Rapids,1,10
2026-09-19 14:35,2026-09-19 14:32,Adventure Isle,3002,Soaring Over the Horizon,1,25
2026-09-19 14:35,2026-09-19 14:32,Adventure Isle,3901,Vista Trail at Camp Discovery,1,0
2026-09-19 14:35,2026-09-19 14:32,Fantasyland,3080,“Once Upon a Time” Adventure,1,5
2026-09-19 14:35,2026-09-19 14:32,Fantasyland,2987,Alice in Wonderland Maze,1,5
2026-09-19 14:35,2026-09-19 14:32,Fantasyland,2988,Hunny Pot Spin,1,10
2026-09-19 14:35,2026-09-19 14:32,Fantasyland,2989,Peter Pan’s Flight,1,15
2026-09-19 14:35,2026-09-19 14:32,Fantasyland,2990,Seven Dwarfs Mine Train,1,55
2026-09-19 14:35,2026-09-19 14:32,Fantasyland,13818,Seven Dwarfs Mine Train Single Rider,1,0
2026-09-19 14:35,2026-09-19 14:32,Fantasyland,2991,The Many Adventures of Winnie the Pooh,1,25
2026-09-19 14:35,2026-09-19 14:32,Fantasyland,2992,Voyage to the Crystal Grotto,0,0
2026-09-19 14:35,2026-09-19 14:32,Gardens of Imagination,3896,Become Iron Man at the Marvel Universe,1,5
2026-09-19 14:35,2026-09-19 14:32,Gardens of Imagination,2993,Dumbo the Flying Elephant,1,30
2026-09-19 14:35,2026-09-19 14:32,Gardens of Imagination,2994,Fantasia Carousel,1,5
2026-09-19 14:35,2026-09-19 14:32,Gardens of Imagination,3082,Marvel Universe,1,0
2026-09-19 14:35,2026-09-19 14:32,Tomorrowland,2999,Buzz Lightyear Planet Rescue,1,5
2026-09-19 14:35,2026-09-19 14:32,Tomorrowland,3000,Jet Packs,1,30
2026-09-19 14:35,2026-09-19 14:32,Tomorrowland,16392,Pixar Adventurous Journey,1,5
2026-09-19 14:35,2026-09-19 14:32,Tomorrowland,3001,Space Chat With Stitch,1,15
2026-09-19 14:35,2026-09-19 14:32,Tomorrowland,2985,TRON Lightcycle Power Run – Presented by Chevrolet,1,75
2026-09-19 14:35,2026-09-19 14:32,Tomorrowland,4076,"TRON Realm, Chevrolet Digital Challenge",1,0
2026-09-19 14:35,2026-09-19 14:32,Toy Story Land,5633,Rex’s Racer,1,60
2026-09-19 14:35,2026-09-19 14:32,Toy Story Land,5634,Slinky Dog Spin,1,30
2026-09-19 14:35,2026-09-19 14:32,Toy Story Land,5635,Woody’s Roundup,1,30
2026-09-19 14:35,2026-09-19 14:32,Treasure Cove,2995,Explorer Canoes,0,0
2026-09-19 14:35,2026-09-19 14:32,Treasure Cove,2996,Pirates of the Caribbean Battle for the Sunken Treasure,1,10
2026-09-19 14:35,2026-09-19 14:32,Treasure Cove,2997,Shipwreck Shore,1,5
2026-09-19 14:35,2026-09-19 14:32,Treasure Cove,2998,Siren's Revenge,1,5
2026-09-19 14:35,2026-09-19 14:32,Zootopia,13819,Zootopia Hot Pursuit Single Rider,1,0
2026-09-19 14:35,2026-09-19 14:32,Zootopia,12392,Zootopia: Hot Pursuit,1,30
2026-09-19 14:40,2026-09-19 14:37,Adventure Isle,3893,Challenge Trails at Camp Discovery,1,10
2026-09-19 14:40,2026-09-19 14:37,Adventure Isle,16370,Junior Explorers Camp,1,5
2026-09-19 14:40,2026-09-19 14:37,Adventure Isle,2986,Roaring Rapids,1,10
2026-09-19 14:40,2026-09-19 14:37,Adventure Isle,3002,Soaring Over the Horizon,1,35
2026-09-19 14:40,2026-09-19 14:37,Adventure Isle,3901,Vista Trail at Camp Discovery,1,0
2026-09-19 14:40,2026-09-19 14:37,Fantasyland,3080,“Once Upon a Time” Adventure,1,5
2026-09-19 14:40,2026-09-19 14:37,Fantasyland,2987,Alice in Wonderland Maze,1,5
2026-09-19 14:40,2026-09-19 14:37,Fantasyland,2988,Hunny Pot Spin,1,10
2026-09-19 14:40,2026-09-19 14:37,Fantasyland,2989,Peter Pan’s Flight,1,15
2026-09-19 14:40,2026-09-19 14:37,Fantasyland,2990,Seven Dwarfs Mine Train,1,55
2026-09-19 14:40,2026-09-19 14:37,Fantasyland,13818,Seven Dwarfs Mine Train Single Rider,1,0
2026-09-19 14:40,2026-09-19 14:37,Fantasyland,2991,The Many Adventures of Winnie the Pooh,1,25
2026-09-19 14:40,2026-09-19 14:37,Fantasyland,2992,Voyage to the Crystal Grotto,0,0
2026-09-19 14:40,2026-09-19 14:37,Gardens of Imagination,3896,Become Iron Man at the Marvel Universe,1,5
2026-09-19 14:40,2026-09-19 14:37,Gardens of Imagination,2993,Dumbo the Flying Elephant,1,30
2026-09-19 14:40,2026-09-19 14:37,Gardens of Imagination,2994,Fantasia Carousel,1,5
2026-09-19 14:40,2026-09-19 14:37,Gardens of Imagination,3082,Marvel Universe,1,0
2026-09-19 14:40,2026-09-19 14:37,Tomorrowland,2999,Buzz Lightyear Planet Rescue,1,5
2026-09-19 14:40,2026-09-19 14:37,Tomorrowland,3000,Jet Packs,1,20
2026-09-19 14:40,2026-09-19 14:37,Tomorrowland,16392,Pixar Adventurous Journey,1,5
2026-09-19 14:40,2026-09-19 14:37,Tomorrowland,3001,Space Chat With Stitch,1,15
2026-09-19 14:40,2026-09-19 14:37,Tomorrowland,2985,TRON Lightcycle Power Run – Presented by Chevrolet,1,75
2026-09-19 14:40,2026-09-19 14:37,Tomorrowland,4076,"TRON Realm, Chevrolet Digital Challenge",1,0
2026-09-19 14:40,2026-09-19 14:37,Toy Story Land,5633,Rex’s Racer,1,60
2026-09-19 14:40,2026-09-19 14:37,Toy Story Land,5634,Slinky Dog Spin,1,30
2026-09-19 14:40,2026-09-19 14:37,Toy Story Land,5635,Woody’s Roundup,1,30
2026-09-19 14:40,2026-09-19 14:37,Treasure Cove,2995,Explorer Canoes,0,0
2026-09-19 14:40,2026-09-19 14:37,Treasure Cove,2996,Pirates of the Caribbean Battle for the Sunken Treasure,1,10
2026-09-19 14:40,2026-09-19 14:37,Treasure Cove,2997,Shipwreck Shore,1,5
2026-09-19 14:40,2026-09-19 14:37,Treasure Cove,2998,Siren's Revenge,1,5
2026-09-19 14:40,2026-09-19 14:37,Zootopia,13819,Zootopia Hot Pursuit Single Rider,1,0
2026-09-19 14:40,2026-09-19 14:37,Zootopia,12392,Zootopia: Hot Pursuit,1,30
2026-09-19 14:45,2026-09-19 14:42,Adventure Isle,3893,Challenge Trails at Camp Discovery,1,10
2026-09-19 14:45,2026-09-19 14:42,Adventure Isle,16370,Junior Explorers Camp,1,5
2026-09-19 14:45,2026-09-19 14:42,Adventure Isle,2986,Roaring Rapids,1,10
2026-09-19 14:45,2026-09-19 14:42,Adventure Isle,3002,Soaring Over the Horizon,1,45
2026-09-19 14:45,2026-09-19 14:42,Adventure Isle,3901,Vista Trail at Camp Discovery,1,0
2026-09-19 14:45,2026-09-19 14:42,Fantasyland,3080,“Once Upon a Time” Adventure,1,5
2026-09-19 14:45,2026-09-19 14:42,Fantasyland,2987,Alice in Wonderland Maze,1,5
2026-09-19 14:45,2026-09-19 14:42,Fantasyland,2988,Hunny Pot Spin,1,10
2026-09-19 14:45,2026-09-19 14:42,Fantasyland,2989,Peter Pan’s Flight,1,30
2026-09-19 14:45,2026-09-19 14:42,Fantasyland,2990,Seven Dwarfs Mine Train,1,55
2026-09-19 14:45,2026-09-19 14:42,Fantasyland,13818,Seven Dwarfs Mine Train Single Rider,1,0
2026-09-19 14:45,2026-09-19 14:42,Fantasyland,2991,The Many Adventures of Winnie the Pooh,1,30
2026-09-19 14:45,2026-09-19 14:42,Fantasyland,2992,Voyage to the Crystal Grotto,0,0
2026-09-19 14:45,2026-09-19 14:42,Gardens of Imagination,3896,Become Iron Man at the Marvel Universe,1,5
2026-09-19 14:45,2026-09-19 14:42,Gardens of Imagination,2993,Dumbo the Flying Elephant,1,20
2026-09-19 14:45,2026-09-19 14:42,Gardens of Imagination,2994,Fantasia Carousel,1,5
2026-09-19 14:45,2026-09-19 14:42,Gardens of Imagination,3082,Marvel Universe,1,0
2026-09-19 14:45,2026-09-19 14:42,Tomorrowland,2999,Buzz Lightyear Planet Rescue,1,5
2026-09-19 14:45,2026-09-19 14:42,Tomorrowland,3000,Jet Packs,1,30
2026-09-19 14:45,2026-09-19 14:42,Tomorrowland,16392,Pixar Adventurous Journey,1,5
2026-09-19 14:45,2026-09-19 14:42,Tomorrowland,3001,Space Chat With Stitch,1,15
2026-09-19 14:45,2026-09-19 14:42,Tomorrowland,2985,TRON Lightcycle Power Run – Presented by Chevrolet,1,75
2026-09-19 14:45,2026-09-19 14:42,Tomorrowland,4076,"TRON Realm, Chevrolet Digital Challenge",1,0
2026-09-19 14:45,2026-09-19 14:42,Toy Story Land,5633,Rex’s Racer,1,60
2026-09-19 14:45,2026-09-19 14:42,Toy Story Land,5634,Slinky Dog Spin,1,30
2026-09-19 14:45,2026-09-19 14:42,Toy Story Land,5635,Woody’s Roundup,1,40
2026-09-19 14:45,2026-09-19 14:42,Treasure Cove,2995,Explorer Canoes,0,0
2026-09-19 14:45,2026-09-19 14:42,Treasure Cove,2996,Pirates of the Caribbean Battle for the Sunken Treasure,1,10
2026-09-19 14:45,2026-09-19 14:42,Treasure Cove,2997,Shipwreck Shore,1,5
2026-09-19 14:45,2026-09-19 14:42,Treasure Cove,2998,Siren's Revenge,1,5
2026-09-19 14:45,2026-09-19 14:42,Zootopia,13819,Zootopia Hot Pursuit Single Rider,1,0
2026-09-19 14:45,2026-09-19 14:42,Zootopia,12392,Zootopia: Hot Pursuit,1,30
2026-09-19 15:39,2026-09-19 15:37,Adventure Isle,3893,Challenge Trails at Camp Discovery,1,10
2026-09-19 15:39,2026-09-19 15:37,Adventure Isle,16370,Junior Explorers Camp,1,5
2026-09-19 15:39,2026-09-19 15:37,Adventure Isle,2986,Roaring Rapids,1,10
2026-09-19 15:39,2026-09-19 15:37,Adventure Isle,3002,Soaring Over the Horizon,1,30
2026-09-19 15:39,2026-09-19 15:37,Adventure Isle,3901,Vista Trail at Camp Discovery,1,0
2026-09-19 15:39,2026-09-19 15:37,Fantasyland,3080,“Once Upon a Time” Adventure,1,5
2026-09-19 15:39,2026-09-19 15:37,Fantasyland,2987,Alice in Wonderland Maze,1,5
2026-09-19 15:39,2026-09-19 15:37,Fantasyland,2988,Hunny Pot Spin,1,10
2026-09-19 15:39,2026-09-19 15:37,Fantasyland,2989,Peter Pan’s Flight,1,15
2026-09-19 15:39,2026-09-19 15:37,Fantasyland,2990,Seven Dwarfs Mine Train,1,50
2026-09-19 15:39,2026-09-19 15:37,Fantasyland,13818,Seven Dwarfs Mine Train Single Rider,1,0
2026-09-19 15:39,2026-09-19 15:37,Fantasyland,2991,The Many Adventures of Winnie the Pooh,1,20
2026-09-19 15:39,2026-09-19 15:37,Fantasyland,2992,Voyage to the Crystal Grotto,0,0
2026-09-19 15:39,2026-09-19 15:37,Gardens of Imagination,3896,Become Iron Man at the Marvel Universe,1,5
2026-09-19 15:39,2026-09-19 15:37,Gardens of Imagination,2993,Dumbo the Flying Elephant,1,30
2026-09-19 15:39,2026-09-19 15:37,Gardens of Imagination,2994,Fantasia Carousel,1,5
2026-09-19 15:39,2026-09-19 15:37,Gardens of Imagination,3082,Marvel Universe,1,0
2026-09-19 15:39,2026-09-19 15:37,Tomorrowland,2999,Buzz Lightyear Planet Rescue,1,5
2026-09-19 15:39,2026-09-19 15:37,Tomorrowland,3000,Jet Packs,1,20
2026-09-19 15:39,2026-09-19 15:37,Tomorrowland,16392,Pixar Adventurous Journey,1,5
2026-09-19 15:39,2026-09-19 15:37,Tomorrowland,3001,Space Chat With Stitch,1,15
2026-09-19 15:39,2026-09-19 15:37,Tomorrowland,2985,TRON Lightcycle Power Run – Presented by Chevrolet,1,30
2026-09-19 15:39,2026-09-19 15:37,Tomorrowland,4076,"TRON Realm, Chevrolet Digital Challenge",1,0
2026-09-19 15:39,2026-09-19 15:37,Toy Story Land,5633,Rex’s Racer,1,40
2026-09-19 15:39,2026-09-19 15:37,Toy Story Land,5634,Slinky Dog Spin,1,10
2026-09-19 15:39,2026-09-19 15:37,Toy Story Land,5635,Woody’s Roundup,1,30
2026-09-19 15:39,2026-09-19 15:37,Treasure Cove,2995,Explorer Canoes,0,0
2026-09-19 15:39,2026-09-19 15:37,Treasure Cove,2996,Pirates of the Caribbean Battle for the Sunken Treasure,1,10
2026-09-19 15:39,2026-09-19 15:37,Treasure Cove,2997,Shipwreck Shore,1,5
2026-09-19 15:39,2026-09-19 15:37,Treasure Cove,2998,Siren's Revenge,1,5
2026-09-19 15:39,2026-09-19 15:37,Zootopia,13819,Zootopia Hot Pursuit Single Rider,1,0
2026-09-19 15:39,2026-09-19 15:37,Zootopia,12392,Zootopia: Hot Pursuit,1,20
2026-09-19 15:45,2026-09-19 15:42,Adventure Isle,3893,Challenge Trails at Camp Discovery,1,10
2026-09-19 15:45,2026-09-19 15:42,Adventure Isle,16370,Junior Explorers Camp,1,5
2026-09-19 15:45,2026-09-19 15:42,Adventure Isle,2986,Roaring Rapids,1,10
2026-09-19 15:45,2026-09-19 15:42,Adventure Isle,3002,Soaring Over the Horizon,1,30
2026-09-19 15:45,2026-09-19 15:42,Adventure Isle,3901,Vista Trail at Camp Discovery,1,0
2026-09-19 15:45,2026-09-19 15:42,Fantasyland,3080,“Once Upon a Time” Adventure,1,5
2026-09-19 15:45,2026-09-19 15:42,Fantasyland,2987,Alice in Wonderland Maze,1,5
2026-09-19 15:45,2026-09-19 15:42,Fantasyland,2988,Hunny Pot Spin,1,5
2026-09-19 15:45,2026-09-19 15:42,Fantasyland,2989,Peter Pan’s Flight,1,15
2026-09-19 15:45,2026-09-19 15:42,Fantasyland,2990,Seven Dwarfs Mine Train,1,60
2026-09-19 15:45,2026-09-19 15:42,Fantasyland,13818,Seven Dwarfs Mine Train Single Rider,1,0
2026-09-19 15:45,2026-09-19 15:42,Fantasyland,2991,The Many Adventures of Winnie the Pooh,1,10
2026-09-19 15:45,2026-09-19 15:42,Fantasyland,2992,Voyage to the Crystal Grotto,0,0
2026-09-19 15:45,2026-09-19 15:42,Gardens of Imagination,3896,Become Iron Man at the Marvel Universe,1,5
2026-09-19 15:45,2026-09-19 15:42,Gardens of Imagination,2993,Dumbo the Flying Elephant,1,30
2026-09-19 15:45,2026-09-19 15:42,Gardens of Imagination,2994,Fantasia Carousel,1,5
2026-09-19 15:45,2026-09-19 15:42,Gardens of Imagination,3082,Marvel Universe,1,0
2026-09-19 15:45,2026-09-19 15:42,Tomorrowland,2999,Buzz Lightyear Planet Rescue,1,5
2026-09-19 15:45,2026-09-19 15:42,Tomorrowland,3000,Jet Packs,1,20
2026-09-19 15:45,2026-09-19 15:42,Tomorrowland,16392,Pixar Adventurous Journey,1,5
2026-09-19 15:45,2026-09-19 15:42,Tomorrowland,3001,Space Chat With Stitch,1,15
2026-09-19 15:45,2026-09-19 15:42,Tomorrowland,2985,TRON Lightcycle Power Run – Presented by Chevrolet,1,30
2026-09-19 15:45,2026-09-19 15:42,Tomorrowland,4076,"TRON Realm, Chevrolet Digital Challenge",1,0
2026-09-19 15:45,2026-09-19 15:42,Toy Story Land,5633,Rex’s Racer,1,40
2026-09-19 15:45,2026-09-19 15:42,Toy Story Land,5634,Slinky Dog Spin,1,5
2026-09-19 15:45,2026-09-19 15:42,Toy Story Land,5635,Woody’s Roundup,1,30
2026-09-19 15:45,2026-09-19 15:42,Treasure Cove,2995,Explorer Canoes,0,0
2026-09-19 15:45,2026-09-19 15:42,Treasure Cove,2996,Pirates of the Caribbean Battle for the Sunken Treasure,1,10
2026-09-19 15:45,2026-09-19 15:42,Treasure Cove,2997,Shipwreck Shore,1,5
2026-09-19 15:45,2026-09-19 15:42,Treasure Cove,2998,Siren's Revenge,1,5
2026-09-19 15:45,2026-09-19 15:42,Zootopia,13819,Zootopia Hot Pursuit Single Rider,1,0
2026-09-19 15:45,2026-09-19 15:42,Zootopia,12392,Zootopia: Hot Pursuit,1,20
2026-09-19 15:50,2026-09-19 15:47,Adventure Isle,3893,Challenge Trails at Camp Discovery,1,10
2026-09-19 15:50,2026-09-19 15:47,Adventure Isle,16370,Junior Explorers Camp,1,5
2026-09-19 15:50,2026-09-19 15:47,Adventure Isle,2986,Roaring Rapids,1,10
2026-09-19 15:50,2026-09-19 15:47,Adventure Isle,3002,Soaring Over the Horizon,1,30
2026-09-19 15:50,2026-09-19 15:47,Adventure Isle,3901,Vista Trail at Camp Discovery,1,0
2026-09-19 15:50,2026-09-19 15:47,Fantasyland,3080,“Once Upon a Time” Adventure,1,5
2026-09-19 15:50,2026-09-19 15:47,Fantasyland,2987,Alice in Wonderland Maze,1,5
2026-09-19 15:50,2026-09-19 15:47,Fantasyland,2988,Hunny Pot Spin,1,5
2026-09-19 15:50,2026-09-19 15:47,Fantasyland,2989,Peter Pan’s Flight,1,10
2026-09-19 15:50,2026-09-19 15:47,Fantasyland,2990,Seven Dwarfs Mine Train,1,50
2026-09-19 15:50,2026-09-19 15:47,Fantasyland,13818,Seven Dwarfs Mine Train Single Rider,1,0
2026-09-19 15:50,2026-09-19 15:47,Fantasyland,2991,The Many Adventures of Winnie the Pooh,1,10
2026-09-19 15:50,2026-09-19 15:47,Fantasyland,2992,Voyage to the Crystal Grotto,0,0
2026-09-19 15:50,2026-09-19 15:47,Gardens of Imagination,3896,Become Iron Man at the Marvel Universe,1,5
2026-09-19 15:50,2026-09-19 15:47,Gardens of Imagination,2993,Dumbo the Flying Elephant,1,20
2026-09-19 15:50,2026-09-19 15:47,Gardens of Imagination,2994,Fantasia Carousel,1,5
2026-09-19 15:50,2026-09-19 15:47,Gardens of Imagination,3082,Marvel Universe,1,0
2026-09-19 15:50,2026-09-19 15:47,Tomorrowland,2999,Buzz Lightyear Planet Rescue,1,5
2026-09-19 15:50,2026-09-19 15:47,Tomorrowland,3000,Jet Packs,1,20
2026-09-19 15:50,2026-09-19 15:47,Tomorrowland,16392,Pixar Adventurous Journey,1,5
2026-09-19 15:50,2026-09-19 15:47,Tomorrowland,3001,Space Chat With Stitch,1,15
2026-09-19 15:50,2026-09-19 15:47,Tomorrowland,2985,TRON Lightcycle Power Run – Presented by Chevrolet,1,30
2026-09-19 15:50,2026-09-19 15:47,Tomorrowland,4076,"TRON Realm, Chevrolet Digital Challenge",1,0
2026-09-19 15:50,2026-09-19 15:47,Toy Story Land,5633,Rex’s Racer,1,40
2026-09-19 15:50,2026-09-19 15:47,Toy Story Land,5634,Slinky Dog Spin,1,5
2026-09-19 15:50,2026-09-19 15:47,Toy Story Land,5635,Woody’s Roundup,1,30
2026-09-19 15:50,2026-09-19 15:47,Treasure Cove,2995,Explorer Canoes,0,0
2026-09-19 15:50,2026-09-19 15:47,Treasure Cove,2996,Pirates of the Caribbean Battle for the Sunken Treasure,1,10
2026-09-19 15:50,2026-09-19 15:47,Treasure Cove,2997,Shipwreck Shore,1,5
2026-09-19 15:50,2026-09-19 15:47,Treasure Cove,2998,Siren's Revenge,1,5
2026-09-19 15:50,2026-09-19 15:47,Zootopia,13819,Zootopia Hot Pursuit Single Rider,1,0
2026-09-19 15:50,2026-09-19 15:47,Zootopia,12392,Zootopia: Hot Pursuit,1,30
2026-09-19 15:55,2026-09-19 15:52,Adventure Isle,3893,Challenge Trails at Camp Discovery,1,10
2026-09-19 15:55,2026-09-19 15:52,Adventure Isle,16370,Junior Explorers Camp,1,5
2026-09-19 15:55,2026-09-19 15:52,Adventure Isle,2986,Roaring Rapids,1,10
2026-09-19 15:55,2026-09-19 15:52,Adventure Isle,3002,Soaring Over the Horizon,1,40
2026-09-19 15:55,2026-09-19 15:52,Adventure Isle,3901,Vista Trail at Camp Discovery,1,0
2026-09-19 15:55,2026-09-19 15:52,Fantasyland,3080,“Once Upon a Time” Adventure,1,5
2026-09-19 15:55,2026-09-19 15:52,Fantasyland,2987,Alice in Wonderland Maze,1,5
2026-09-19 15:55,2026-09-19 15:52,Fantasyland,2988,Hunny Pot Spin,1,5
2026-09-19 15:55,2026-09-19 15:52,Fantasyland,2989,Peter Pan’s Flight,1,10
2026-09-19 15:55,2026-09-19 15:52,Fantasyland,2990,Seven Dwarfs Mine Train,1,40
2026-09-19 15:55,2026-09-19 15:52,Fantasyland,13818,Seven Dwarfs Mine Train Single Rider,1,0
2026-09-19 15:55,2026-09-19 15:52,Fantasyland,2991,The Many Adventures of Winnie the Pooh,1,10
2026-09-19 15:55,2026-09-19 15:52,Fantasyland,2992,Voyage to the Crystal Grotto,0,0
2026-09-19 15:55,2026-09-19 15:52,Gardens of Imagination,3896,Become Iron Man at the Marvel Universe,1,5
2026-09-19 15:55,2026-09-19 15:52,Gardens of Imagination,2993,Dumbo the Flying Elephant,1,20
2026-09-19 15:55,2026-09-19 15:52,Gardens of Imagination,2994,Fantasia Carousel,1,5
2026-09-19 15:55,2026-09-19 15:52,Gardens of Imagination,3082,Marvel Universe,1,0
2026-09-19 15:55,2026-09-19 15:52,Tomorrowland,2999,Buzz Lightyear Planet Rescue,1,5
2026-09-19 15:55,2026-09-19 15:52,Tomorrowland,3000,Jet Packs,1,20
2026-09-19 15:55,2026-09-19 15:52,Tomorrowland,16392,Pixar Adventurous Journey,1,5
2026-09-19 15:55,2026-09-19 15:52,Tomorrowland,3001,Space Chat With Stitch,1,15
2026-09-19 15:55,2026-09-19 15:52,Tomorrowland,2985,TRON Lightcycle Power Run – Presented by Chevrolet,1,40
2026-09-19 15:55,2026-09-19 15:52,Tomorrowland,4076,"TRON Realm, Chevrolet Digital Challenge",1,0
2026-09-19 15:55,2026-09-19 15:52,Toy Story Land,5633,Rex’s Racer,1,30
2026-09-19 15:55,2026-09-19 15:52,Toy Story Land,5634,Slinky Dog Spin,1,5
2026-09-19 15:55,2026-09-19 15:52,Toy Story Land,5635,Woody’s Roundup,1,30
2026-09-19 15:55,2026-09-19 15:52,Treasure Cove,2995,Explorer Canoes,0,0
2026-09-19 15:55,2026-09-19 15:52,Treasure Cove,2996,Pirates of the Caribbean Battle for the Sunken Treasure,1,10
2026-09-19 15:55,2026-09-19 15:52,Treasure Cove,2997,Shipwreck Shore,1,5
2026-09-19 15:55,2026-09-19 15:52,Treasure Cove,2998,Siren's Revenge,1,5
2026-09-19 15:55,2026-09-19 15:52,Zootopia,13819,Zootopia Hot Pursuit Single Rider,1,0
2026-09-19 15:55,2026-09-19 15:52,Zootopia,12392,Zootopia: Hot Pursuit,1,30
2026-09-19 16:00,2026-09-19 15:57,Adventure Isle,3893,Challenge Trails at Camp Discovery,1,10
2026-09-19 16:00,2026-09-19 15:57,Adventure Isle,16370,Junior Explorers Camp,1,5
2026-09-19 16:00,2026-09-19 15:57,Adventure Isle,2986,Roaring Rapids,1,10
2026-09-19 16:00,2026-09-19 15:57,Adventure Isle,3002,Soaring Over the Horizon,1,40
2026-09-19 16:00,2026-09-19 15:57,Adventure Isle,3901,Vista Trail at Camp Discovery,1,0
2026-09-19 16:00,2026-09-19 15:57,Fantasyland,3080,“Once Upon a Time” Adventure,1,5
2026-09-19 16:00,2026-09-19 15:57,Fantasyland,2987,Alice in Wonderland Maze,1,5
2026-09-19 16:00,2026-09-19 15:57,Fantasyland,2988,Hunny Pot Spin,1,5
2026-09-19 16:00,2026-09-19 15:57,Fantasyland,2989,Peter Pan’s Flight,1,10
2026-09-19 16:00,2026-09-19 15:57,Fantasyland,2990,Seven Dwarfs Mine Train,1,40
2026-09-19 16:00,2026-09-19 15:57,Fantasyland,13818,Seven Dwarfs Mine Train Single Rider,1,0
2026-09-19 16:00,2026-09-19 15:57,Fantasyland,2991,The Many Adventures of Winnie the Pooh,1,10
2026-09-19 16:00,2026-09-19 15:57,Fantasyland,2992,Voyage to the Crystal Grotto,0,0
2026-09-19 16:00,2026-09-19 15:57,Gardens of Imagination,3896,Become Iron Man at the Marvel Universe,1,5
2026-09-19 16:00,2026-09-19 15:57,Gardens of Imagination,2993,Dumbo the Flying Elephant,1,10
2026-09-19 16:00,2026-09-19 15:57,Gardens of Imagination,2994,Fantasia Carousel,1,5
2026-09-19 16:00,2026-09-19 15:57,Gardens of Imagination,3082,Marvel Universe,1,0
2026-09-19 16:00,2026-09-19 15:57,Tomorrowland,2999,Buzz Lightyear Planet Rescue,1,5
2026-09-19 16:00,2026-09-19 15:57,Tomorrowland,3000,Jet Packs,1,20
2026-09-19 16:00,2026-09-19 15:57,Tomorrowland,16392,Pixar Adventurous Journey,1,5
2026-09-19 16:00,2026-09-19 15:57,Tomorrowland,3001,Space Chat With Stitch,1,15
2026-09-19 16:00,2026-09-19 15:57,Tomorrowland,2985,TRON Lightcycle Power Run – Presented by Chevrolet,1,40
2026-09-19 16:00,2026-09-19 15:57,Tomorrowland,4076,"TRON Realm, Chevrolet Digital Challenge",1,0
2026-09-19 16:00,2026-09-19 15:57,Toy Story Land,5633,Rex’s Racer,1,30
2026-09-19 16:00,2026-09-19 15:57,Toy Story Land,5634,Slinky Dog Spin,1,5
2026-09-19 16:00,2026-09-19 15:57,Toy Story Land,5635,Woody’s Roundup,1,30
2026-09-19 16:00,2026-09-19 15:57,Treasure Cove,2995,Explorer Canoes,0,0
2026-09-19 16:00,2026-09-19 15:57,Treasure Cove,2996,Pirates of the Caribbean Battle for the Sunken Treasure,1,10
2026-09-19 16:00,2026-09-19 15:57,Treasure Cove,2997,Shipwreck Shore,1,5
2026-09-19 16:00,2026-09-19 15:57,Treasure Cove,2998,Siren's Revenge,1,5
2026-09-19 16:00,2026-09-19 15:57,Zootopia,13819,Zootopia Hot Pursuit Single Rider,1,0
2026-09-19 16:00,2026-09-19 15:57,Zootopia,12392,Zootopia: Hot Pursuit,1,30
2026-09-19 16:05,2026-09-19 16:02,Adventure Isle,3893,Challenge Trails at Camp Discovery,1,10
2026-09-19 16:05,2026-09-19 16:02,Adventure Isle,16370,Junior Explorers Camp,1,5
2026-09-19 16:05,2026-09-19 16:02,Adventure Isle,2986,Roaring Rapids,1,10
2026-09-19 16:05,2026-09-19 16:02,Adventure Isle,3002,Soaring Over the Horizon,1,50
2026-09-19 16:05,2026-09-19 16:02,Adventure Isle,3901,Vista Trail at Camp Discovery,1,0
2026-09-19 16:05,2026-09-19 16:02,Fantasyland,3080,“Once Upon a Time” Adventure,1,5
2026-09-19 16:05,2026-09-19 16:02,Fantasyland,2987,Alice in Wonderland Maze,1,5
2026-09-19 16:05,2026-09-19 16:02,Fantasyland,2988,Hunny Pot Spin,1,10
2026-09-19 16:05,2026-09-19 16:02,Fantasyland,2989,Peter Pan’s Flight,1,10
2026-09-19 16:05,2026-09-19 16:02,Fantasyland,2990,Seven Dwarfs Mine Train,1,40
2026-09-19 16:05,2026-09-19 16:02,Fantasyland,13818,Seven Dwarfs Mine Train Single Rider,1,0
2026-09-19 16:05,2026-09-19 16:02,Fantasyland,2991,The Many Adventures of Winnie the Pooh,1,10
2026-09-19 16:05,2026-09-19 16:02,Fantasyland,2992,Voyage to the Crystal Grotto,0,0
2026-09-19 16:05,2026-09-19 16:02,Gardens of Imagination,3896,Become Iron Man at the Marvel Universe,1,5
2026-09-19 16:05,2026-09-19 16:02,Gardens of Imagination,2993,Dumbo the Flying Elephant,1,10
2026-09-19 16:05,2026-09-19 16:02,Gardens of Imagination,2994,Fantasia Carousel,1,5
2026-09-19 16:05,2026-09-19 16:02,Gardens of Imagination,3082,Marvel Universe,1,0
2026-09-19 16:05,2026-09-19 16:02,Tomorrowland,2999,Buzz Lightyear Planet Rescue,1,5
2026-09-19 16:05,2026-09-19 16:02,Tomorrowland,3000,Jet Packs,1,10
2026-09-19 16:05,2026-09-19 16:02,Tomorrowland,16392,Pixar Adventurous Journey,1,5
2026-09-19 16:05,2026-09-19 16:02,Tomorrowland,3001,Space Chat With Stitch,1,15
2026-09-19 16:05,2026-09-19 16:02,Tomorrowland,2985,TRON Lightcycle Power Run – Presented by Chevrolet,1,40
2026-09-19 16:05,2026-09-19 16:02,Tomorrowland,4076,"TRON Realm, Chevrolet Digital Challenge",1,0
2026-09-19 16:05,2026-09-19 16:02,Toy Story Land,5633,Rex’s Racer,1,30
2026-09-19 16:05,2026-09-19 16:02,Toy Story Land,5634,Slinky Dog Spin,1,5
2026-09-19 16:05,2026-09-19 16:02,Toy Story Land,5635,Woody’s Roundup,1,30
2026-09-19 16:05,2026-09-19 16:02,Treasure Cove,2995,Explorer Canoes,0,0
2026-09-19 16:05,2026-09-19 16:02,Treasure Cove,2996,Pirates of the Caribbean Battle for the Sunken Treasure,1,10
2026-09-19 16:05,2026-09-19 16:02,Treasure Cove,2997,Shipwreck Shore,1,5
2026-09-19 16:05,2026-09-19 16:02,Treasure Cove,2998,Siren's Revenge,1,5
2026-09-19 16:05,2026-09-19 16:02,Zootopia,13819,Zootopia Hot Pursuit Single Rider,1,0
2026-09-19 16:05,2026-09-19 16:02,Zootopia,12392,Zootopia: Hot Pursuit,1,20
2026-09-19 16:10,2026-09-19 16:07,Adventure Isle,3893,Challenge Trails at Camp Discovery,1,10
2026-09-19 16:10,2026-09-19 16:07,Adventure Isle,16370,Junior Explorers Camp,1,5
2026-09-19 16:10,2026-09-19 16:07,Adventure Isle,2986,Roaring Rapids,1,10
2026-09-19 16:10,2026-09-19 16:07,Adventure Isle,3002,Soaring Over the Horizon,1,50
2026-09-19 16:10,2026-09-19 16:07,Adventure Isle,3901,Vista Trail at Camp Discovery,1,0
2026-09-19 16:10,2026-09-19 16:07,Fantasyland,3080,“Once Upon a Time” Adventure,1,5
2026-09-19 16:10,2026-09-19 16:07,Fantasyland,2987,Alice in Wonderland Maze,1,5
2026-09-19 16:10,2026-09-19 16:07,Fantasyland,2988,Hunny Pot Spin,1,15
2026-09-19 16:10,2026-09-19 16:07,Fantasyland,2989,Peter Pan’s Flight,1,10
2026-09-19 16:10,2026-09-19 16:07,Fantasyland,2990,Seven Dwarfs Mine Train,1,40
2026-09-19 16:10,2026-09-19 16:07,Fantasyland,13818,Seven Dwarfs Mine Train Single Rider,1,0
2026-09-19 16:10,2026-09-19 16:07,Fantasyland,2991,The Many Adventures of Winnie the Pooh,1,10
2026-09-19 16:10,2026-09-19 16:07,Fantasyland,2992,Voyage to the Crystal Grotto,0,0
2026-09-19 16:10,2026-09-19 16:07,Gardens of Imagination,3896,Become Iron Man at the Marvel Universe,1,5
2026-09-19 16:10,2026-09-19 16:07,Gardens of Imagination,2993,Dumbo the Flying Elephant,1,5
2026-09-19 16:10,2026-09-19 16:07,Gardens of Imagination,2994,Fantasia Carousel,1,5
2026-09-19 16:10,2026-09-19 16:07,Gardens of Imagination,3082,Marvel Universe,1,0
2026-09-19 16:10,2026-09-19 16:07,Tomorrowland,2999,Buzz Lightyear Planet Rescue,1,5
2026-09-19 16:10,2026-09-19 16:07,Tomorrowland,3000,Jet Packs,1,10
2026-09-19 16:10,2026-09-19 16:07,Tomorrowland,16392,Pixar Adventurous Journey,1,5
2026-09-19 16:10,2026-09-19 16:07,Tomorrowland,3001,Space Chat With Stitch,1,15
2026-09-19 16:10,2026-09-19 16:07,Tomorrowland,2985,TRON Lightcycle Power Run – Presented by Chevrolet,1,40
2026-09-19 16:10,2026-09-19 16:07,Tomorrowland,4076,"TRON Realm, Chevrolet Digital Challenge",1,0
2026-09-19 16:10,2026-09-19 16:07,Toy Story Land,5633,Rex’s Racer,1,30
2026-09-19 16:10,2026-09-19 16:07,Toy Story Land,5634,Slinky Dog Spin,1,5
2026-09-19 16:10,2026-09-19 16:07,Toy Story Land,5635,Woody’s Roundup,1,30
2026-09-19 16:10,2026-09-19 16:07,Treasure Cove,2995,Explorer Canoes,0,0
2026-09-19 16:10,2026-09-19 16:07,Treasure Cove,2996,Pirates of the Caribbean Battle for the Sunken Treasure,1,10
2026-09-19 16:10,2026-09-19 16:07,Treasure Cove,2997,Shipwreck Shore,1,5
2026-09-19 16:10,2026-09-19 16:07,Treasure Cove,2998,Siren's Revenge,1,5
2026-09-19 16:10,2026-09-19 16:07,Zootopia,13819,Zootopia Hot Pursuit Single Rider,1,0
2026-09-19 16:10,2026-09-19 16:07,Zootopia,12392,Zootopia: Hot Pursuit,1,20
2026-09-19 16:15,2026-09-19 16:12,Adventure Isle,3893,Challenge Trails at Camp Discovery,1,10
2026-09-19 16:15,2026-09-19 16:12,Adventure Isle,16370,Junior Explorers Camp,1,5
2026-09-19 16:15,2026-09-19 16:12,Adventure Isle,2986,Roaring Rapids,1,10
2026-09-19 16:15,2026-09-19 16:12,Adventure Isle,3002,Soaring Over the Horizon,1,50
2026-09-19 16:15,2026-09-19 16:12,Adventure Isle,3901,Vista Trail at Camp Discovery,1,0
2026-09-19 16:15,2026-09-19 16:12,Fantasyland,3080,“Once Upon a Time” Adventure,1,5
2026-09-19 16:15,2026-09-19 16:12,Fantasyland,2987,Alice in Wonderland Maze,1,5
2026-09-19 16:15,2026-09-19 16:12,Fantasyland,2988,Hunny Pot Spin,1,15
2026-09-19 16:15,2026-09-19 16:12,Fantasyland,2989,Peter Pan’s Flight,1,20
2026-09-19 16:15,2026-09-19 16:12,Fantasyland,2990,Seven Dwarfs Mine Train,1,40
2026-09-19 16:15,2026-09-19 16:12,Fantasyland,13818,Seven Dwarfs Mine Train Single Rider,1,0
2026-09-19 16:15,2026-09-19 16:12,Fantasyland,2991,The Many Adventures of Winnie the Pooh,1,10
2026-09-19 16:15,2026-09-19 16:12,Fantasyland,2992,Voyage to the Crystal Grotto,0,0
2026-09-19 16:15,2026-09-19 16:12,Gardens of Imagination,3896,Become Iron Man at the Marvel Universe,1,5
2026-09-19 16:15,2026-09-19 16:12,Gardens of Imagination,2993,Dumbo the Flying Elephant,1,5
2026-09-19 16:15,2026-09-19 16:12,Gardens of Imagination,2994,Fantasia Carousel,1,5
2026-09-19 16:15,2026-09-19 16:12,Gardens of Imagination,3082,Marvel Universe,1,0
2026-09-19 16:15,2026-09-19 16:12,Tomorrowland,2999,Buzz Lightyear Planet Rescue,1,5
2026-09-19 16:15,2026-09-19 16:12,Tomorrowland,3000,Jet Packs,1,10
2026-09-19 16:15,2026-09-19 16:12,Tomorrowland,16392,Pixar Adventurous Journey,1,5
2026-09-19 16:15,2026-09-19 16:12,Tomorrowland,3001,Space Chat With Stitch,1,15
2026-09-19 16:15,2026-09-19 16:12,Tomorrowland,2985,TRON Lightcycle Power Run – Presented by Chevrolet,1,90
2026-09-19 16:15,2026-09-19 16:12,Tomorrowland,4076,"TRON Realm, Chevrolet Digital Challenge",1,0
2026-09-19 16:15,2026-09-19 16:12,Toy Story Land,5633,Rex’s Racer,1,30
2026-09-19 16:15,2026-09-19 16:12,Toy Story Land,5634,Slinky Dog Spin,1,20
2026-09-19 16:15,2026-09-19 16:12,Toy Story Land,5635,Woody’s Roundup,1,20
2026-09-19 16:15,2026-09-19 16:12,Treasure Cove,2995,Explorer Canoes,0,0
2026-09-19 16:15,2026-09-19 16:12,Treasure Cove,2996,Pirates of the Caribbean Battle for the Sunken Treasure,1,10
2026-09-19 16:15,2026-09-19 16:12,Treasure Cove,2997,Shipwreck Shore,1,5
2026-09-19 16:15,2026-09-19 16:12,Treasure Cove,2998,Siren's Revenge,1,5
2026-09-19 16:15,2026-09-19 16:12,Zootopia,13819,Zootopia Hot Pursuit Single Rider,1,0
2026-09-19 16:15,2026-09-19 16:12,Zootopia,12392,Zootopia: Hot Pursuit,1,20
2026-09-19 16:20,2026-09-19 16:17,Adventure Isle,3893,Challenge Trails at Camp Discovery,1,10
2026-09-19 16:20,2026-09-19 16:17,Adventure Isle,16370,Junior Explorers Camp,1,5
2026-09-19 16:20,2026-09-19 16:17,Adventure Isle,2986,Roaring Rapids,1,10
2026-09-19 16:20,2026-09-19 16:17,Adventure Isle,3002,Soaring Over the Horizon,1,30
2026-09-19 16:20,2026-09-19 16:17,Adventure Isle,3901,Vista Trail at Camp Discovery,1,0
2026-09-19 16:20,2026-09-19 16:17,Fantasyland,3080,“Once Upon a Time” Adventure,1,5
2026-09-19 16:20,2026-09-19 16:17,Fantasyland,2987,Alice in Wonderland Maze,1,5
2026-09-19 16:20,2026-09-19 16:17,Fantasyland,2988,Hunny Pot Spin,1,10
2026-09-19 16:20,2026-09-19 16:17,Fantasyland,2989,Peter Pan’s Flight,1,20
2026-09-19 16:20,2026-09-19 16:17,Fantasyland,2990,Seven Dwarfs Mine Train,1,35
2026-09-19 16:20,2026-09-19 16:17,Fantasyland,13818,Seven Dwarfs Mine Train Single Rider,1,0
2026-09-19 16:20,2026-09-19 16:17,Fantasyland,2991,The Many Adventures of Winnie the Pooh,1,10
2026-09-19 16:20,2026-09-19 16:17,Fantasyland,2992,Voyage to the Crystal Grotto,0,0
2026-09-19 16:20,2026-09-19 16:17,Gardens of Imagination,3896,Become Iron Man at the Marvel Universe,1,5
2026-09-19 16:20,2026-09-19 16:17,Gardens of Imagination,2993,Dumbo the Flying Elephant,1,10
2026-09-19 16:20,2026-09-19 16:17,Gardens of Imagination,2994,Fantasia Carousel,1,10
2026-09-19 16:20,2026-09-19 16:17,Gardens of Imagination,3082,Marvel Universe,1,0
2026-09-19 16:20,2026-09-19 16:17,Tomorrowland,2999,Buzz Lightyear Planet Rescue,1,5
2026-09-19 16:20,2026-09-19 16:17,Tomorrowland,3000,Jet Packs,1,10
2026-09-19 16:20,2026-09-19 16:17,Tomorrowland,16392,Pixar Adventurous Journey,1,5
2026-09-19 16:20,2026-09-19 16:17,Tomorrowland,3001,Space Chat With Stitch,1,15
2026-09-19 16:20,2026-09-19 16:17,Tomorrowland,2985,TRON Lightcycle Power Run – Presented by Chevrolet,1,90
2026-09-19 16:20,2026-09-19 16:17,Tomorrowland,4076,"TRON Realm, Chevrolet Digital Challenge",1,0
2026-09-19 16:20,2026-09-19 16:17,Toy Story Land,5633,Rex’s Racer,1,30
2026-09-19 16:20,2026-09-19 16:17,Toy Story Land,5634,Slinky Dog Spin,1,20
2026-09-19 16:20,2026-09-19 16:17,Toy Story Land,5635,Woody’s Roundup,1,10
2026-09-19 16:20,2026-09-19 16:17,Treasure Cove,2995,Explorer Canoes,0,0
2026-09-19 16:20,2026-09-19 16:17,Treasure Cove,2996,Pirates of the Caribbean Battle for the Sunken Treasure,1,10
2026-09-19 16:20,2026-09-19 16:17,Treasure Cove,2997,Shipwreck Shore,1,5
2026-09-19 16:20,2026-09-19 16:17,Treasure Cove,2998,Siren's Revenge,1,5
2026-09-19 16:20,2026-09-19 16:17,Zootopia,13819,Zootopia Hot Pursuit Single Rider,1,0
2026-09-19 16:20,2026-09-19 16:17,Zootopia,12392,Zootopia: Hot Pursuit,1,15
2026-09-19 16:25,2026-09-19 16:22,Adventure Isle,3893,Challenge Trails at Camp Discovery,1,10
2026-09-19 16:25,2026-09-19 16:22,Adventure Isle,16370,Junior Explorers Camp,1,5
2026-09-19 16:25,2026-09-19 16:22,Adventure Isle,2986,Roaring Rapids,1,10
2026-09-19 16:25,2026-09-19 16:22,Adventure Isle,3002,Soaring Over the Horizon,1,20
2026-09-19 16:25,2026-09-19 16:22,Adventure Isle,3901,Vista Trail at Camp Discovery,1,0
2026-09-19 16:25,2026-09-19 16:22,Fantasyland,3080,“Once Upon a Time” Adventure,1,5
2026-09-19 16:25,2026-09-19 16:22,Fantasyland,2987,Alice in Wonderland Maze,1,5
2026-09-19 16:25,2026-09-19 16:22,Fantasyland,2988,Hunny Pot Spin,1,10
2026-09-19 16:25,2026-09-19 16:22,Fantasyland,2989,Peter Pan’s Flight,1,20
2026-09-19 16:25,2026-09-19 16:22,Fantasyland,2990,Seven Dwarfs Mine Train,1,40
2026-09-19 16:25,2026-09-19 16:22,Fantasyland,13818,Seven Dwarfs Mine Train Single Rider,1,0
2026-09-19 16:25,2026-09-19 16:22,Fantasyland,2991,The Many Adventures of Winnie the Pooh,1,10
2026-09-19 16:25,2026-09-19 16:22,Fantasyland,2992,Voyage to the Crystal Grotto,0,0
2026-09-19 16:25,2026-09-19 16:22,Gardens of Imagination,3896,Become Iron Man at the Marvel Universe,1,5
2026-09-19 16:25,2026-09-19 16:22,Gardens of Imagination,2993,Dumbo the Flying Elephant,1,5
2026-09-19 16:25,2026-09-19 16:22,Gardens of Imagination,2994,Fantasia Carousel,1,10
2026-09-19 16:25,2026-09-19 16:22,Gardens of Imagination,3082,Marvel Universe,1,0
2026-09-19 16:25,2026-09-19 16:22,Tomorrowland,2999,Buzz Lightyear Planet Rescue,1,10
2026-09-19 16:25,2026-09-19 16:22,Tomorrowland,3000,Jet Packs,1,10
2026-09-19 16:25,2026-09-19 16:22,Tomorrowland,16392,Pixar Adventurous Journey,1,5
2026-09-19 16:25,2026-09-19 16:22,Tomorrowland,3001,Space Chat With Stitch,1,15
2026-09-19 16:25,2026-09-19 16:22,Tomorrowland,2985,TRON Lightcycle Power Run – Presented by Chevrolet,1,90
2026-09-19 16:25,2026-09-19 16:22,Tomorrowland,4076,"TRON Realm, Chevrolet Digital Challenge",1,0
2026-09-19 16:25,2026-09-19 16:22,Toy Story Land,5633,Rex’s Racer,1,30
2026-09-19 16:25,2026-09-19 16:22,Toy Story Land,5634,Slinky Dog Spin,1,20
2026-09-19 16:25,2026-09-19 16:22,Toy Story Land,5635,Woody’s Roundup,1,10
2026-09-19 16:25,2026-09-19 16:22,Treasure Cove,2995,Explorer Canoes,0,0
2026-09-19 16:25,2026-09-19 16:22,Treasure Cove,2996,Pirates of the Caribbean Battle for the Sunken Treasure,1,10
2026-09-19 16:25,2026-09-19 16:22,Treasure Cove,2997,Shipwreck Shore,1,5
2026-09-19 16:25,2026-09-19 16:22,Treasure Cove,2998,Siren's Revenge,1,5
2026-09-19 16:25,2026-09-19 16:22,Zootopia,13819,Zootopia Hot Pursuit Single Rider,1,0
2026-09-19 16:25,2026-09-19 16:22,Zootopia,12392,Zootopia: Hot Pursuit,1,15
2026-09-19 16:30,2026-09-19 16:27,Adventure Isle,3893,Challenge Trails at Camp Discovery,1,10
2026-09-19 16:30,2026-09-19 16:27,Adventure Isle,16370,Junior Explorers Camp,1,5
2026-09-19 16:30,2026-09-19 16:27,Adventure Isle,2986,Roaring Rapids,1,10
2026-09-19 16:30,2026-09-19 16:27,Adventure Isle,3002,Soaring Over the Horizon,1,30
2026-09-19 16:30,2026-09-19 16:27,Adventure Isle,3901,Vista Trail at Camp Discovery,1,0
2026-09-19 16:30,2026-09-19 16:27,Fantasyland,3080,“Once Upon a Time” Adventure,1,5
2026-09-19 16:30,2026-09-19 16:27,Fantasyland,2987,Alice in Wonderland Maze,1,5
2026-09-19 16:30,2026-09-19 16:27,Fantasyland,2988,Hunny Pot Spin,1,10
2026-09-19 16:30,2026-09-19 16:27,Fantasyland,2989,Peter Pan’s Flight,1,20
2026-09-19 16:30,2026-09-19 16:27,Fantasyland,2990,Seven Dwarfs Mine Train,1,40
2026-09-19 16:30,2026-09-19 16:27,Fantasyland,13818,Seven Dwarfs Mine Train Single Rider,1,0
2026-09-19 16:30,2026-09-19 16:27,Fantasyland,2991,The Many Adventures of Winnie the Pooh,1,15
2026-09-19 16:30,2026-09-19 16:27,Fantasyland,2992,Voyage to the Crystal Grotto,0,0
2026-09-19 16:30,2026-09-19 16:27,Gardens of Imagination,3896,Become Iron Man at the Marvel Universe,1,5
2026-09-19 16:30,2026-09-19 16:27,Gardens of Imagination,2993,Dumbo the Flying Elephant,1,5
2026-09-19 16:30,2026-09-19 16:27,Gardens of Imagination,2994,Fantasia Carousel,1,10
2026-09-19 16:30,2026-09-19 16:27,Gardens of Imagination,3082,Marvel Universe,1,0
2026-09-19 16:30,2026-09-19 16:27,Tomorrowland,2999,Buzz Lightyear Planet Rescue,1,10
2026-09-19 16:30,2026-09-19 16:27,Tomorrowland,3000,Jet Packs,1,20
2026-09-19 16:30,2026-09-19 16:27,Tomorrowland,16392,Pixar Adventurous Journey,1,5
2026-09-19 16:30,2026-09-19 16:27,Tomorrowland,3001,Space Chat With Stitch,1,15
2026-09-19 16:30,2026-09-19 16:27,Tomorrowland,2985,TRON Lightcycle Power Run – Presented by Chevrolet,1,75
2026-09-19 16:30,2026-09-19 16:27,Tomorrowland,4076,"TRON Realm, Chevrolet Digital Challenge",1,0
2026-09-19 16:30,2026-09-19 16:27,Toy Story Land,5633,Rex’s Racer,1,50
2026-09-19 16:30,2026-09-19 16:27,Toy Story Land,5634,Slinky Dog Spin,1,20
2026-09-19 16:30,2026-09-19 16:27,Toy Story Land,5635,Woody’s Roundup,1,10
2026-09-19 16:30,2026-09-19 16:27,Treasure Cove,2995,Explorer Canoes,0,0
2026-09-19 16:30,2026-09-19 16:27,Treasure Cove,2996,Pirates of the Caribbean Battle for the Sunken Treasure,1,20
2026-09-19 16:30,2026-09-19 16:27,Treasure Cove,2997,Shipwreck Shore,1,5
2026-09-19 16:30,2026-09-19 16:27,Treasure Cove,2998,Siren's Revenge,1,5
2026-09-19 16:30,2026-09-19 16:27,Zootopia,13819,Zootopia Hot Pursuit Single Rider,1,0
2026-09-19 16:30,2026-09-19 16:27,Zootopia,12392,Zootopia: Hot Pursuit,1,30
2026-09-19 16:35,2026-09-19 16:32,Adventure Isle,3893,Challenge Trails at Camp Discovery,1,10
2026-09-19 16:35,2026-09-19 16:32,Adventure Isle,16370,Junior Explorers Camp,1,5
2026-09-19 16:35,2026-09-19 16:32,Adventure Isle,2986,Roaring Rapids,1,10
2026-09-19 16:35,2026-09-19 16:32,Adventure Isle,3002,Soaring Over the Horizon,1,35
2026-09-19 16:35,2026-09-19 16:32,Adventure Isle,3901,Vista Trail at Camp Discovery,1,0
2026-09-19 16:35,2026-09-19 16:32,Fantasyland,3080,“Once Upon a Time” Adventure,1,5
2026-09-19 16:35,2026-09-19 16:32,Fantasyland,2987,Alice in Wonderland Maze,1,5
2026-09-19 16:35,2026-09-19 16:32,Fantasyland,2988,Hunny Pot Spin,1,15
2026-09-19 16:35,2026-09-19 16:32,Fantasyland,2989,Peter Pan’s Flight,1,20
2026-09-19 16:35,2026-09-19 16:32,Fantasyland,2990,Seven Dwarfs Mine Train,1,40
2026-09-19 16:35,2026-09-19 16:32,Fantasyland,13818,Seven Dwarfs Mine Train Single Rider,1,0
2026-09-19 16:35,2026-09-19 16:32,Fantasyland,2991,The Many Adventures of Winnie the Pooh,1,15
2026-09-19 16:35,2026-09-19 16:32,Fantasyland,2992,Voyage to the Crystal Grotto,0,0
2026-09-19 16:35,2026-09-19 16:32,Gardens of Imagination,3896,Become Iron Man at the Marvel Universe,1,5
2026-09-19 16:35,2026-09-19 16:32,Gardens of Imagination,2993,Dumbo the Flying Elephant,1,10
2026-09-19 16:35,2026-09-19 16:32,Gardens of Imagination,2994,Fantasia Carousel,1,10
2026-09-19 16:35,2026-09-19 16:32,Gardens of Imagination,3082,Marvel Universe,1,0
2026-09-19 16:35,2026-09-19 16:32,Tomorrowland,2999,Buzz Lightyear Planet Rescue,1,5
2026-09-19 16:35,2026-09-19 16:32,Tomorrowland,3000,Jet Packs,1,20
2026-09-19 16:35,2026-09-19 16:32,Tomorrowland,16392,Pixar Adventurous Journey,1,5
2026-09-19 16:35,2026-09-19 16:32,Tomorrowland,3001,Space Chat With Stitch,1,15
2026-09-19 16:35,2026-09-19 16:32,Tomorrowland,2985,TRON Lightcycle Power Run – Presented by Chevrolet,1,75
2026-09-19 16:35,2026-09-19 16:32,Tomorrowland,4076,"TRON Realm, Chevrolet Digital Challenge",1,0
2026-09-19 16:35,2026-09-19 16:32,Toy Story Land,5633,Rex’s Racer,1,50
2026-09-19 16:35,2026-09-19 16:32,Toy Story Land,5634,Slinky Dog Spin,1,20
2026-09-19 16:35,2026-09-19 16:32,Toy Story Land,5635,Woody’s Roundup,1,20
2026-09-19 16:35,2026-09-19 16:32,Treasure Cove,2995,Explorer Canoes,0,0
2026-09-19 16:35,2026-09-19 16:32,Treasure Cove,2996,Pirates of the Caribbean Battle for the Sunken Treasure,1,20
2026-09-19 16:35,2026-09-19 16:32,Treasure Cove,2997,Shipwreck Shore,1,5
2026-09-19 16:35,2026-09-19 16:32,Treasure Cove,2998,Siren's Revenge,1,5
2026-09-19 16:35,2026-09-19 16:32,Zootopia,13819,Zootopia Hot Pursuit Single Rider,1,0
2026-09-19 16:35,2026-09-19 16:32,Zootopia,12392,Zootopia: Hot Pursuit,1,30
