fetched_at_cst,updated_at_cst,land,ride_id,ride,is_open,wait_time
2026-09-21 08:57,2026-09-21 08:52,Adventure Isle,3893,Challenge Trails at Camp Discovery,0,0
2026-09-21 08:57,2026-09-21 08:52,Adventure Isle,16370,Junior Explorers Camp,1,5
2026-09-21 08:57,2026-09-21 08:52,Adventure Isle,2986,Roaring Rapids,1,10
2026-09-21 08:57,2026-09-21 08:52,Adventure Isle,3002,Soaring Over the Horizon,1,10
2026-09-21 08:57,2026-09-21 08:52,Adventure Isle,3901,Vista Trail at Camp Discovery,0,0
2026-09-21 08:57,2026-09-21 08:52,Fantasyland,3080,“Once Upon a Time” Adventure,0,0
2026-09-21 08:57,2026-09-21 08:52,Fantasyland,2987,Alice in Wonderland Maze,1,5
2026-09-21 08:57,2026-09-21 08:52,Fantasyland,2988,Hunny Pot Spin,1,5
2026-09-21 08:57,2026-09-21 08:52,Fantasyland,2989,Peter Pan’s Flight,1,5
2026-09-21 08:57,2026-09-21 08:52,Fantasyland,2990,Seven Dwarfs Mine Train,1,40
2026-09-21 08:57,2026-09-21 08:52,Fantasyland,13818,Seven Dwarfs Mine Train Single Rider,1,0
2026-09-21 08:57,2026-09-21 08:52,Fantasyland,2991,The Many Adventures of Winnie the Pooh,1,5
2026-09-21 08:57,2026-09-21 08:52,Fantasyland,2992,Voyage to the Crystal Grotto,0,0
2026-09-21 08:57,2026-09-21 08:52,Gardens of Imagination,3896,Become Iron Man at the Marvel Universe,0,0
2026-09-21 08:57,2026-09-21 08:52,Gardens of Imagination,2993,Dumbo the Flying Elephant,1,10
2026-09-21 08:57,2026-09-21 08:52,Gardens of Imagination,2994,Fantasia Carousel,1,5
2026-09-21 08:57,2026-09-21 08:52,Gardens of Imagination,3082,Marvel Universe,0,0
2026-09-21 08:57,2026-09-21 08:52,Tomorrowland,2999,Buzz Lightyear Planet Rescue,1,5
2026-09-21 08:57,2026-09-21 08:52,Tomorrowland,3000,Jet Packs,1,5
2026-09-21 08:57,2026-09-21 08:52,Tomorrowland,16392,Pixar Adventurous Journey,0,0
2026-09-21 08:57,2026-09-21 08:52,Tomorrowland,3001,Space Chat With Stitch,0,0
2026-09-21 08:57,2026-09-21 08:52,Tomorrowland,2985,TRON Lightcycle Power Run – Presented by Chevrolet,1,40
2026-09-21 08:57,2026-09-21 08:52,Tomorrowland,4076,"TRON Realm, Chevrolet Digital Challenge",0,0
2026-09-21 08:57,2026-09-21 08:52,Toy Story Land,5633,Rex’s Racer,1,5
2026-09-21 08:57,2026-09-21 08:52,Toy Story Land,5634,Slinky Dog Spin,1,5
2026-09-21 08:57,2026-09-21 08:52,Toy Story Land,5635,Woody’s Roundup,1,5
2026-09-21 08:57,2026-09-21 08:52,Treasure Cove,2995,Explorer Canoes,0,0
2026-09-21 08:57,2026-09-21 08:52,Treasure Cove,2996,Pirates of the Caribbean Battle for the Sunken Treasure,1,5
2026-09-21 08:57,2026-09-21 08:52,Treasure Cove,2997,Shipwreck Shore,1,5
2026-09-21 08:57,2026-09-21 08:52,Treasure Cove,2998,Siren's Revenge,1,5
2026-09-21 08:57,2026-09-21 08:52,Zootopia,13819,Zootopia Hot Pursuit Single Rider,1,0
2026-09-21 08:57,2026-09-21 08:52,Zootopia,12392,Zootopia: Hot Pursuit,1,50
2026-09-21 09:00,2026-09-21 08:57,Adventure Isle,3893,Challenge Trails at Camp Discovery,0,0
2026-09-21 09:00,2026-09-21 08:57,Adventure Isle,16370,Junior Explorers Camp,1,5
2026-09-21 09:00,2026-09-21 08:57,Adventure Isle,2986,Roaring Rapids,1,10
2026-09-21 09:00,2026-09-21 08:57,Adventure Isle,3002,Soaring Over the Horizon,1,20
2026-09-21 09:00,2026-09-21 08:57,Adventure Isle,3901,Vista Trail at Camp Discovery,0,0
2026-09-21 09:00,2026-09-21 08:57,Fantasyland,3080,“Once Upon a Time” Adventure,0,0
2026-09-21 09:00,2026-09-21 08:57,Fantasyland,2987,Alice in Wonderland Maze,1,5
2026-09-21 09:00,2026-09-21 08:57,Fantasyland,2988,Hunny Pot Spin,1,5
2026-09-21 09:00,2026-09-21 08:57,Fantasyland,2989,Peter Pan’s Flight,1,5
2026-09-21 09:00,2026-09-21 08:57,Fantasyland,2990,Seven Dwarfs Mine Train,1,40
2026-09-21 09:00,2026-09-21 08:57,Fantasyland,13818,Seven Dwarfs Mine Train Single Rider,1,0
2026-09-21 09:00,2026-09-21 08:57,Fantasyland,2991,The Many Adventures of Winnie the Pooh,1,5
2026-09-21 09:00,2026-09-21 08:57,Fantasyland,2992,Voyage to the Crystal Grotto,0,0
2026-09-21 09:00,2026-09-21 08:57,Gardens of Imagination,3896,Become Iron Man at the Marvel Universe,0,0
2026-09-21 09:00,2026-09-21 08:57,Gardens of Imagination,2993,Dumbo the Flying Elephant,1,10
2026-09-21 09:00,2026-09-21 08:57,Gardens of Imagination,2994,Fantasia Carousel,1,5
2026-09-21 09:00,2026-09-21 08:57,Gardens of Imagination,3082,Marvel Universe,0,0
2026-09-21 09:00,2026-09-21 08:57,Tomorrowland,2999,Buzz Lightyear Planet Rescue,1,5
2026-09-21 09:00,2026-09-21 08:57,Tomorrowland,3000,Jet Packs,1,5
2026-09-21 09:00,2026-09-21 08:57,Tomorrowland,16392,Pixar Adventurous Journey,0,0
2026-09-21 09:00,2026-09-21 08:57,Tomorrowland,3001,Space Chat With Stitch,0,0
2026-09-21 09:00,2026-09-21 08:57,Tomorrowland,2985,TRON Lightcycle Power Run – Presented by Chevrolet,1,40
2026-09-21 09:00,2026-09-21 08:57,Tomorrowland,4076,"TRON Realm, Chevrolet Digital Challenge",0,0
2026-09-21 09:00,2026-09-21 08:57,Toy Story Land,5633,Rex’s Racer,1,5
2026-09-21 09:00,2026-09-21 08:57,Toy Story Land,5634,Slinky Dog Spin,1,5
2026-09-21 09:00,2026-09-21 08:57,Toy Story Land,5635,Woody’s Roundup,1,5
2026-09-21 09:00,2026-09-21 08:57,Treasure Cove,2995,Explorer Canoes,0,0
2026-09-21 09:00,2026-09-21 08:57,Treasure Cove,2996,Pirates of the Caribbean Battle for the Sunken Treasure,1,5
2026-09-21 09:00,2026-09-21 08:57,Treasure Cove,2997,Shipwreck Shore,1,5
2026-09-21 09:00,2026-09-21 08:57,Treasure Cove,2998,Siren's Revenge,1,5
2026-09-21 09:00,2026-09-21 08:57,Zootopia,13819,Zootopia Hot Pursuit Single Rider,1,0
2026-09-21 09:00,2026-09-21 08:57,Zootopia,12392,Zootopia: Hot Pursuit,1,45
2026-09-21 09:05,2026-09-21 09:03,Adventure Isle,3893,Challenge Trails at Camp Discovery,0,0
2026-09-21 09:05,2026-09-21 09:03,Adventure Isle,16370,Junior Explorers Camp,1,5
2026-09-21 09:05,2026-09-21 09:03,Adventure Isle,2986,Roaring Rapids,1,10
2026-09-21 09:05,2026-09-21 09:03,Adventure Isle,3002,Soaring Over the Horizon,1,30
2026-09-21 09:05,2026-09-21 09:03,Adventure Isle,3901,Vista Trail at Camp Discovery,0,0
2026-09-21 09:05,2026-09-21 09:03,Fantasyland,3080,“Once Upon a Time” Adventure,0,0
2026-09-21 09:05,2026-09-21 09:03,Fantasyland,2987,Alice in Wonderland Maze,1,5
2026-09-21 09:05,2026-09-21 09:03,Fantasyland,2988,Hunny Pot Spin,1,5
2026-09-21 09:05,2026-09-21 09:03,Fantasyland,2989,Peter Pan’s Flight,1,5
2026-09-21 09:05,2026-09-21 09:03,Fantasyland,2990,Seven Dwarfs Mine Train,1,40
2026-09-21 09:05,2026-09-21 09:03,Fantasyland,13818,Seven Dwarfs Mine Train Single Rider,1,0
2026-09-21 09:05,2026-09-21 09:03,Fantasyland,2991,The Many Adventures of Winnie the Pooh,1,5
2026-09-21 09:05,2026-09-21 09:03,Fantasyland,2992,Voyage to the Crystal Grotto,0,0
2026-09-21 09:05,2026-09-21 09:03,Gardens of Imagination,3896,Become Iron Man at the Marvel Universe,0,0
2026-09-21 09:05,2026-09-21 09:03,Gardens of Imagination,2993,Dumbo the Flying Elephant,1,10
2026-09-21 09:05,2026-09-21 09:03,Gardens of Imagination,2994,Fantasia Carousel,1,5
2026-09-21 09:05,2026-09-21 09:03,Gardens of Imagination,3082,Marvel Universe,0,0
2026-09-21 09:05,2026-09-21 09:03,Tomorrowland,2999,Buzz Lightyear Planet Rescue,1,5
2026-09-21 09:05,2026-09-21 09:03,Tomorrowland,3000,Jet Packs,1,5
2026-09-21 09:05,2026-09-21 09:03,Tomorrowland,16392,Pixar Adventurous Journey,0,0
2026-09-21 09:05,2026-09-21 09:03,Tomorrowland,3001,Space Chat With Stitch,0,0
2026-09-21 09:05,2026-09-21 09:03,Tomorrowland,2985,TRON Lightcycle Power Run – Presented by Chevrolet,1,40
2026-09-21 09:05,2026-09-21 09:03,Tomorrowland,4076,"TRON Realm, Chevrolet Digital Challenge",0,0
2026-09-21 09:05,2026-09-21 09:03,Toy Story Land,5633,Rex’s Racer,1,5
2026-09-21 09:05,2026-09-21 09:03,Toy Story Land,5634,Slinky Dog Spin,1,5
2026-09-21 09:05,2026-09-21 09:03,Toy Story Land,5635,Woody’s Roundup,1,5
2026-09-21 09:05,2026-09-21 09:03,Treasure Cove,2995,Explorer Canoes,0,0
2026-09-21 09:05,2026-09-21 09:03,Treasure Cove,2996,Pirates of the Caribbean Battle for the Sunken Treasure,1,5
2026-09-21 09:05,2026-09-21 09:03,Treasure Cove,2997,Shipwreck Shore,1,5
2026-09-21 09:05,2026-09-21 09:03,Treasure Cove,2998,Siren's Revenge,1,5
2026-09-21 09:05,2026-09-21 09:03,Zootopia,13819,Zootopia Hot Pursuit Single Rider,1,0
2026-09-21 09:05,2026-09-21 09:03,Zootopia,12392,Zootopia: Hot Pursuit,1,50
2026-09-21 09:10,2026-09-21 09:07,Adventure Isle,3893,Challenge Trails at Camp Discovery,0,0
2026-09-21 09:10,2026-09-21 09:07,Adventure Isle,16370,Junior Explorers Camp,1,5
2026-09-21 09:10,2026-09-21 09:07,Adventure Isle,2986,Roaring Rapids,1,10
2026-09-21 09:10,2026-09-21 09:07,Adventure Isle,3002,Soaring Over the Horizon,1,30
2026-09-21 09:10,2026-09-21 09:07,Adventure Isle,3901,Vista Trail at Camp Discovery,0,0
2026-09-21 09:10,2026-09-21 09:07,Fantasyland,3080,“Once Upon a Time” Adventure,0,0
2026-09-21 09:10,2026-09-21 09:07,Fantasyland,2987,Alice in Wonderland Maze,1,5
2026-09-21 09:10,2026-09-21 09:07,Fantasyland,2988,Hunny Pot Spin,1,5
2026-09-21 09:10,2026-09-21 09:07,Fantasyland,2989,Peter Pan’s Flight,1,5
2026-09-21 09:10,2026-09-21 09:07,Fantasyland,2990,Seven Dwarfs Mine Train,1,40
2026-09-21 09:10,2026-09-21 09:07,Fantasyland,13818,Seven Dwarfs Mine Train Single Rider,1,0
2026-09-21 09:10,2026-09-21 09:07,Fantasyland,2991,The Many Adventures of Winnie the Pooh,1,5
2026-09-21 09:10,2026-09-21 09:07,Fantasyland,2992,Voyage to the Crystal Grotto,0,0
2026-09-21 09:10,2026-09-21 09:07,Gardens of Imagination,3896,Become Iron Man at the Marvel Universe,0,0
2026-09-21 09:10,2026-09-21 09:07,Gardens of Imagination,2993,Dumbo the Flying Elephant,1,10
2026-09-21 09:10,2026-09-21 09:07,Gardens of Imagination,2994,Fantasia Carousel,1,5
2026-09-21 09:10,2026-09-21 09:07,Gardens of Imagination,3082,Marvel Universe,0,0
2026-09-21 09:10,2026-09-21 09:07,Tomorrowland,2999,Buzz Lightyear Planet Rescue,1,5
2026-09-21 09:10,2026-09-21 09:07,Tomorrowland,3000,Jet Packs,1,5
2026-09-21 09:10,2026-09-21 09:07,Tomorrowland,16392,Pixar Adventurous Journey,0,0
2026-09-21 09:10,2026-09-21 09:07,Tomorrowland,3001,Space Chat With Stitch,0,0
2026-09-21 09:10,2026-09-21 09:07,Tomorrowland,2985,TRON Lightcycle Power Run – Presented by Chevrolet,1,60
2026-09-21 09:10,2026-09-21 09:07,Tomorrowland,4076,"TRON Realm, Chevrolet Digital Challenge",0,0
2026-09-21 09:10,2026-09-21 09:07,Toy Story Land,5633,Rex’s Racer,1,5
2026-09-21 09:10,2026-09-21 09:07,Toy Story Land,5634,Slinky Dog Spin,1,5
2026-09-21 09:10,2026-09-21 09:07,Toy Story Land,5635,Woody’s Roundup,1,5
2026-09-21 09:10,2026-09-21 09:07,Treasure Cove,2995,Explorer Canoes,0,0
2026-09-21 09:10,2026-09-21 09:07,Treasure Cove,2996,Pirates of the Caribbean Battle for the Sunken Treasure,1,5
2026-09-21 09:10,2026-09-21 09:07,Treasure Cove,2997,Shipwreck Shore,1,5
2026-09-21 09:10,2026-09-21 09:07,Treasure Cove,2998,Siren's Revenge,1,5
2026-09-21 09:10,2026-09-21 09:07,Zootopia,13819,Zootopia Hot Pursuit Single Rider,1,0
2026-09-21 09:10,2026-09-21 09:07,Zootopia,12392,Zootopia: Hot Pursuit,1,50
2026-09-21 09:15,2026-09-21 09:12,Adventure Isle,3893,Challenge Trails at Camp Discovery,0,0
2026-09-21 09:15,2026-09-21 09:12,Adventure Isle,16370,Junior Explorers Camp,1,5
2026-09-21 09:15,2026-09-21 09:12,Adventure Isle,2986,Roaring Rapids,1,10
2026-09-21 09:15,2026-09-21 09:12,Adventure Isle,3002,Soaring Over the Horizon,1,30
2026-09-21 09:15,2026-09-21 09:12,Adventure Isle,3901,Vista Trail at Camp Discovery,0,0
2026-09-21 09:15,2026-09-21 09:12,Fantasyland,3080,“Once Upon a Time” Adventure,0,0
2026-09-21 09:15,2026-09-21 09:12,Fantasyland,2987,Alice in Wonderland Maze,1,5
2026-09-21 09:15,2026-09-21 09:12,Fantasyland,2988,Hunny Pot Spin,1,5
2026-09-21 09:15,2026-09-21 09:12,Fantasyland,2989,Peter Pan’s Flight,1,5
2026-09-21 09:15,2026-09-21 09:12,Fantasyland,2990,Seven Dwarfs Mine Train,1,40
2026-09-21 09:15,2026-09-21 09:12,Fantasyland,13818,Seven Dwarfs Mine Train Single Rider,1,0
2026-09-21 09:15,2026-09-21 09:12,Fantasyland,2991,The Many Adventures of Winnie the Pooh,1,5
2026-09-21 09:15,2026-09-21 09:12,Fantasyland,2992,Voyage to the Crystal Grotto,0,0
2026-09-21 09:15,2026-09-21 09:12,Gardens of Imagination,3896,Become Iron Man at the Marvel Universe,0,0
2026-09-21 09:15,2026-09-21 09:12,Gardens of Imagination,2993,Dumbo the Flying Elephant,1,10
2026-09-21 09:15,2026-09-21 09:12,Gardens of Imagination,2994,Fantasia Carousel,1,5
2026-09-21 09:15,2026-09-21 09:12,Gardens of Imagination,3082,Marvel Universe,0,0
2026-09-21 09:15,2026-09-21 09:12,Tomorrowland,2999,Buzz Lightyear Planet Rescue,1,5
2026-09-21 09:15,2026-09-21 09:12,Tomorrowland,3000,Jet Packs,1,5
2026-09-21 09:15,2026-09-21 09:12,Tomorrowland,16392,Pixar Adventurous Journey,0,0
2026-09-21 09:15,2026-09-21 09:12,Tomorrowland,3001,Space Chat With Stitch,0,0
2026-09-21 09:15,2026-09-21 09:12,Tomorrowland,2985,TRON Lightcycle Power Run – Presented by Chevrolet,1,50
2026-09-21 09:15,2026-09-21 09:12,Tomorrowland,4076,"TRON Realm, Chevrolet Digital Challenge",0,0
2026-09-21 09:15,2026-09-21 09:12,Toy Story Land,5633,Rex’s Racer,1,5
2026-09-21 09:15,2026-09-21 09:12,Toy Story Land,5634,Slinky Dog Spin,1,5
2026-09-21 09:15,2026-09-21 09:12,Toy Story Land,5635,Woody’s Roundup,1,10
2026-09-21 09:15,2026-09-21 09:12,Treasure Cove,2995,Explorer Canoes,0,0
2026-09-21 09:15,2026-09-21 09:12,Treasure Cove,2996,Pirates of the Caribbean Battle for the Sunken Treasure,1,10
2026-09-21 09:15,2026-09-21 09:12,Treasure Cove,2997,Shipwreck Shore,1,5
2026-09-21 09:15,2026-09-21 09:12,Treasure Cove,2998,Siren's Revenge,1,5
2026-09-21 09:15,2026-09-21 09:12,Zootopia,13819,Zootopia Hot Pursuit Single Rider,1,0
2026-09-21 09:15,2026-09-21 09:12,Zootopia,12392,Zootopia: Hot Pursuit,1,50
2026-09-21 09:20,2026-09-21 09:17,Adventure Isle,3893,Challenge Trails at Camp Discovery,0,0
2026-09-21 09:20,2026-09-21 09:17,Adventure Isle,16370,Junior Explorers Camp,1,5
2026-09-21 09:20,2026-09-21 09:17,Adventure Isle,2986,Roaring Rapids,1,10
2026-09-21 09:20,2026-09-21 09:17,Adventure Isle,3002,Soaring Over the Horizon,1,30
2026-09-21 09:20,2026-09-21 09:17,Adventure Isle,3901,Vista Trail at Camp Discovery,0,0
2026-09-21 09:20,2026-09-21 09:17,Fantasyland,3080,“Once Upon a Time” Adventure,0,0
2026-09-21 09:20,2026-09-21 09:17,Fantasyland,2987,Alice in Wonderland Maze,1,5
2026-09-21 09:20,2026-09-21 09:17,Fantasyland,2988,Hunny Pot Spin,1,5
2026-09-21 09:20,2026-09-21 09:17,Fantasyland,2989,Peter Pan’s Flight,1,5
2026-09-21 09:20,2026-09-21 09:17,Fantasyland,2990,Seven Dwarfs Mine Train,1,40
2026-09-21 09:20,2026-09-21 09:17,Fantasyland,13818,Seven Dwarfs Mine Train Single Rider,1,0
2026-09-21 09:20,2026-09-21 09:17,Fantasyland,2991,The Many Adventures of Winnie the Pooh,1,5
2026-09-21 09:20,2026-09-21 09:17,Fantasyland,2992,Voyage to the Crystal Grotto,0,0
2026-09-21 09:20,2026-09-21 09:17,Gardens of Imagination,3896,Become Iron Man at the Marvel Universe,0,0
2026-09-21 09:20,2026-09-21 09:17,Gardens of Imagination,2993,Dumbo the Flying Elephant,1,10
2026-09-21 09:20,2026-09-21 09:17,Gardens of Imagination,2994,Fantasia Carousel,1,5
2026-09-21 09:20,2026-09-21 09:17,Gardens of Imagination,3082,Marvel Universe,0,0
2026-09-21 09:20,2026-09-21 09:17,Tomorrowland,2999,Buzz Lightyear Planet Rescue,1,5
2026-09-21 09:20,2026-09-21 09:17,Tomorrowland,3000,Jet Packs,1,5
2026-09-21 09:20,2026-09-21 09:17,Tomorrowland,16392,Pixar Adventurous Journey,0,0
2026-09-21 09:20,2026-09-21 09:17,Tomorrowland,3001,Space Chat With Stitch,0,0
2026-09-21 09:20,2026-09-21 09:17,Tomorrowland,2985,TRON Lightcycle Power Run – Presented by Chevrolet,1,50
2026-09-21 09:20,2026-09-21 09:17,Tomorrowland,4076,"TRON Realm, Chevrolet Digital Challenge",0,0
2026-09-21 09:20,2026-09-21 09:17,Toy Story Land,5633,Rex’s Racer,1,5
2026-09-21 09:20,2026-09-21 09:17,Toy Story Land,5634,Slinky Dog Spin,1,5
2026-09-21 09:20,2026-09-21 09:17,Toy Story Land,5635,Woody’s Roundup,1,10
2026-09-21 09:20,2026-09-21 09:17,Treasure Cove,2995,Explorer Canoes,0,0
2026-09-21 09:20,2026-09-21 09:17,Treasure Cove,2996,Pirates of the Caribbean Battle for the Sunken Treasure,1,10
2026-09-21 09:20,2026-09-21 09:17,Treasure Cove,2997,Shipwreck Shore,1,5
2026-09-21 09:20,2026-09-21 09:17,Treasure Cove,2998,Siren's Revenge,1,5
2026-09-21 09:20,2026-09-21 09:17,Zootopia,13819,Zootopia Hot Pursuit Single Rider,1,0
2026-09-21 09:20,2026-09-21 09:17,Zootopia,12392,Zootopia: Hot Pursuit,1,50
2026-09-21 09:25,2026-09-21 09:22,Adventure Isle,3893,Challenge Trails at Camp Discovery,1,5
2026-09-21 09:25,2026-09-21 09:22,Adventure Isle,16370,Junior Explorers Camp,1,5
2026-09-21 09:25,2026-09-21 09:22,Adventure Isle,2986,Roaring Rapids,1,10
2026-09-21 09:25,2026-09-21 09:22,Adventure Isle,3002,Soaring Over the Horizon,1,30
2026-09-21 09:25,2026-09-21 09:22,Adventure Isle,3901,Vista Trail at Camp Discovery,1,0
2026-09-21 09:25,2026-09-21 09:22,Fantasyland,3080,“Once Upon a Time” Adventure,0,0
2026-09-21 09:25,2026-09-21 09:22,Fantasyland,2987,Alice in Wonderland Maze,1,5
2026-09-21 09:25,2026-09-21 09:22,Fantasyland,2988,Hunny Pot Spin,1,5
2026-09-21 09:25,2026-09-21 09:22,Fantasyland,2989,Peter Pan’s Flight,1,5
2026-09-21 09:25,2026-09-21 09:22,Fantasyland,2990,Seven Dwarfs Mine Train,1,50
2026-09-21 09:25,2026-09-21 09:22,Fantasyland,13818,Seven Dwarfs Mine Train Single Rider,1,0
2026-09-21 09:25,2026-09-21 09:22,Fantasyland,2991,The Many Adventures of Winnie the Pooh,1,5
2026-09-21 09:25,2026-09-21 09:22,Fantasyland,2992,Voyage to the Crystal Grotto,0,0
2026-09-21 09:25,2026-09-21 09:22,Gardens of Imagination,3896,Become Iron Man at the Marvel Universe,0,0
2026-09-21 09:25,2026-09-21 09:22,Gardens of Imagination,2993,Dumbo the Flying Elephant,1,10
2026-09-21 09:25,2026-09-21 09:22,Gardens of Imagination,2994,Fantasia Carousel,1,5
2026-09-21 09:25,2026-09-21 09:22,Gardens of Imagination,3082,Marvel Universe,0,0
2026-09-21 09:25,2026-09-21 09:22,Tomorrowland,2999,Buzz Lightyear Planet Rescue,1,5
2026-09-21 09:25,2026-09-21 09:22,Tomorrowland,3000,Jet Packs,1,5
2026-09-21 09:25,2026-09-21 09:22,Tomorrowland,16392,Pixar Adventurous Journey,0,0
2026-09-21 09:25,2026-09-21 09:22,Tomorrowland,3001,Space Chat With Stitch,0,0
2026-09-21 09:25,2026-09-21 09:22,Tomorrowland,2985,TRON Lightcycle Power Run – Presented by Chevrolet,1,40
2026-09-21 09:25,2026-09-21 09:22,Tomorrowland,4076,"TRON Realm, Chevrolet Digital Challenge",0,0
2026-09-21 09:25,2026-09-21 09:22,Toy Story Land,5633,Rex’s Racer,1,10
2026-09-21 09:25,2026-09-21 09:22,Toy Story Land,5634,Slinky Dog Spin,1,5
2026-09-21 09:25,2026-09-21 09:22,Toy Story Land,5635,Woody’s Roundup,1,10
2026-09-21 09:25,2026-09-21 09:22,Treasure Cove,2995,Explorer Canoes,0,0
2026-09-21 09:25,2026-09-21 09:22,Treasure Cove,2996,Pirates of the Caribbean Battle for the Sunken Treasure,1,10
2026-09-21 09:25,2026-09-21 09:22,Treasure Cove,2997,Shipwreck Shore,1,5
2026-09-21 09:25,2026-09-21 09:22,Treasure Cove,2998,Siren's Revenge,1,5
2026-09-21 09:25,2026-09-21 09:22,Zootopia,13819,Zootopia Hot Pursuit Single Rider,1,0
2026-09-21 09:25,2026-09-21 09:22,Zootopia,12392,Zootopia: Hot Pursuit,1,50
2026-09-21 09:30,2026-09-21 09:27,Adventure Isle,3893,Challenge Trails at Camp Discovery,1,5
2026-09-21 09:30,2026-09-21 09:27,Adventure Isle,16370,Junior Explorers Camp,1,5
2026-09-21 09:30,2026-09-21 09:27,Adventure Isle,2986,Roaring Rapids,1,10
2026-09-21 09:30,2026-09-21 09:27,Adventure Isle,3002,Soaring Over the Horizon,1,20
2026-09-21 09:30,2026-09-21 09:27,Adventure Isle,3901,Vista Trail at Camp Discovery,1,0
2026-09-21 09:30,2026-09-21 09:27,Fantasyland,3080,“Once Upon a Time” Adventure,0,0
2026-09-21 09:30,2026-09-21 09:27,Fantasyland,2987,Alice in Wonderland Maze,1,5
2026-09-21 09:30,2026-09-21 09:27,Fantasyland,2988,Hunny Pot Spin,1,5
2026-09-21 09:30,2026-09-21 09:27,Fantasyland,2989,Peter Pan’s Flight,1,5
2026-09-21 09:30,2026-09-21 09:27,Fantasyland,2990,Seven Dwarfs Mine Train,1,50
2026-09-21 09:30,2026-09-21 09:27,Fantasyland,13818,Seven Dwarfs Mine Train Single Rider,1,0
2026-09-21 09:30,2026-09-21 09:27,Fantasyland,2991,The Many Adventures of Winnie the Pooh,1,10
2026-09-21 09:30,2026-09-21 09:27,Fantasyland,2992,Voyage to the Crystal Grotto,0,0
2026-09-21 09:30,2026-09-21 09:27,Gardens of Imagination,3896,Become Iron Man at the Marvel Universe,0,0
2026-09-21 09:30,2026-09-21 09:27,Gardens of Imagination,2993,Dumbo the Flying Elephant,1,10
2026-09-21 09:30,2026-09-21 09:27,Gardens of Imagination,2994,Fantasia Carousel,1,5
2026-09-21 09:30,2026-09-21 09:27,Gardens of Imagination,3082,Marvel Universe,0,0
2026-09-21 09:30,2026-09-21 09:27,Tomorrowland,2999,Buzz Lightyear Planet Rescue,1,5
2026-09-21 09:30,2026-09-21 09:27,Tomorrowland,3000,Jet Packs,1,10
2026-09-21 09:30,2026-09-21 09:27,Tomorrowland,16392,Pixar Adventurous Journey,0,0
2026-09-21 09:30,2026-09-21 09:27,Tomorrowland,3001,Space Chat With Stitch,0,0
2026-09-21 09:30,2026-09-21 09:27,Tomorrowland,2985,TRON Lightcycle Power Run – Presented by Chevrolet,1,40
2026-09-21 09:30,2026-09-21 09:27,Tomorrowland,4076,"TRON Realm, Chevrolet Digital Challenge",0,0
2026-09-21 09:30,2026-09-21 09:27,Toy Story Land,5633,Rex’s Racer,1,20
2026-09-21 09:30,2026-09-21 09:27,Toy Story Land,5634,Slinky Dog Spin,1,5
2026-09-21 09:30,2026-09-21 09:27,Toy Story Land,5635,Woody’s Roundup,1,10
2026-09-21 09:30,2026-09-21 09:27,Treasure Cove,2995,Explorer Canoes,0,0
2026-09-21 09:30,2026-09-21 09:27,Treasure Cove,2996,Pirates of the Caribbean Battle for the Sunken Treasure,1,10
2026-09-21 09:30,2026-09-21 09:27,Treasure Cove,2997,Shipwreck Shore,1,5
2026-09-21 09:30,2026-09-21 09:27,Treasure Cove,2998,Siren's Revenge,1,5
2026-09-21 09:30,2026-09-21 09:27,Zootopia,13819,Zootopia Hot Pursuit Single Rider,1,0
2026-09-21 09:30,2026-09-21 09:27,Zootopia,12392,Zootopia: Hot Pursuit,1,50
2026-09-21 09:35,2026-09-21 09:32,Adventure Isle,3893,Challenge Trails at Camp Discovery,1,5
2026-09-21 09:35,2026-09-21 09:32,Adventure Isle,16370,Junior Explorers Camp,1,5
2026-09-21 09:35,2026-09-21 09:32,Adventure Isle,2986,Roaring Rapids,1,10
2026-09-21 09:35,2026-09-21 09:32,Adventure Isle,3002,Soaring Over the Horizon,1,20
2026-09-21 09:35,2026-09-21 09:32,Adventure Isle,3901,Vista Trail at Camp Discovery,1,0
2026-09-21 09:35,2026-09-21 09:32,Fantasyland,3080,“Once Upon a Time” Adventure,0,0
2026-09-21 09:35,2026-09-21 09:32,Fantasyland,2987,Alice in Wonderland Maze,1,5
2026-09-21 09:35,2026-09-21 09:32,Fantasyland,2988,Hunny Pot Spin,1,5
2026-09-21 09:35,2026-09-21 09:32,Fantasyland,2989,Peter Pan’s Flight,1,5
2026-09-21 09:35,2026-09-21 09:32,Fantasyland,2990,Seven Dwarfs Mine Train,1,60
2026-09-21 09:35,2026-09-21 09:32,Fantasyland,13818,Seven Dwarfs Mine Train Single Rider,1,0
2026-09-21 09:35,2026-09-21 09:32,Fantasyland,2991,The Many Adventures of Winnie the Pooh,1,15
2026-09-21 09:35,2026-09-21 09:32,Fantasyland,2992,Voyage to the Crystal Grotto,0,0
2026-09-21 09:35,2026-09-21 09:32,Gardens of Imagination,3896,Become Iron Man at the Marvel Universe,0,0
2026-09-21 09:35,2026-09-21 09:32,Gardens of Imagination,2993,Dumbo the Flying Elephant,1,15
2026-09-21 09:35,2026-09-21 09:32,Gardens of Imagination,2994,Fantasia Carousel,1,5
2026-09-21 09:35,2026-09-21 09:32,Gardens of Imagination,3082,Marvel Universe,0,0
2026-09-21 09:35,2026-09-21 09:32,Tomorrowland,2999,Buzz Lightyear Planet Rescue,1,5
2026-09-21 09:35,2026-09-21 09:32,Tomorrowland,3000,Jet Packs,1,10
2026-09-21 09:35,2026-09-21 09:32,Tomorrowland,16392,Pixar Adventurous Journey,0,0
2026-09-21 09:35,2026-09-21 09:32,Tomorrowland,3001,Space Chat With Stitch,0,0
2026-09-21 09:35,2026-09-21 09:32,Tomorrowland,2985,TRON Lightcycle Power Run – Presented by Chevrolet,1,40
2026-09-21 09:35,2026-09-21 09:32,Tomorrowland,4076,"TRON Realm, Chevrolet Digital Challenge",0,0
2026-09-21 09:35,2026-09-21 09:32,Toy Story Land,5633,Rex’s Racer,1,20
2026-09-21 09:35,2026-09-21 09:32,Toy Story Land,5634,Slinky Dog Spin,1,5
2026-09-21 09:35,2026-09-21 09:32,Toy Story Land,5635,Woody’s Roundup,1,10
2026-09-21 09:35,2026-09-21 09:32,Treasure Cove,2995,Explorer Canoes,0,0
2026-09-21 09:35,2026-09-21 09:32,Treasure Cove,2996,Pirates of the Caribbean Battle for the Sunken Treasure,1,10
2026-09-21 09:35,2026-09-21 09:32,Treasure Cove,2997,Shipwreck Shore,1,5
2026-09-21 09:35,2026-09-21 09:32,Treasure Cove,2998,Siren's Revenge,1,5
2026-09-21 09:35,2026-09-21 09:32,Zootopia,13819,Zootopia Hot Pursuit Single Rider,1,0
2026-09-21 09:35,2026-09-21 09:32,Zootopia,12392,Zootopia: Hot Pursuit,1,50
2026-09-21 09:40,2026-09-21 09:37,Adventure Isle,3893,Challenge Trails at Camp Discovery,1,5
2026-09-21 09:40,2026-09-21 09:37,Adventure Isle,16370,Junior Explorers Camp,1,5
2026-09-21 09:40,2026-09-21 09:37,Adventure Isle,2986,Roaring Rapids,1,10
2026-09-21 09:40,2026-09-21 09:37,Adventure Isle,3002,Soaring Over the Horizon,1,20
2026-09-21 09:40,2026-09-21 09:37,Adventure Isle,3901,Vista Trail at Camp Discovery,1,0
2026-09-21 09:40,2026-09-21 09:37,Fantasyland,3080,“Once Upon a Time” Adventure,1,5
2026-09-21 09:40,2026-09-21 09:37,Fantasyland,2987,Alice in Wonderland Maze,1,5
2026-09-21 09:40,2026-09-21 09:37,Fantasyland,2988,Hunny Pot Spin,1,5
2026-09-21 09:40,2026-09-21 09:37,Fantasyland,2989,Peter Pan’s Flight,1,5
2026-09-21 09:40,2026-09-21 09:37,Fantasyland,2990,Seven Dwarfs Mine Train,1,60
2026-09-21 09:40,2026-09-21 09:37,Fantasyland,13818,Seven Dwarfs Mine Train Single Rider,1,0
2026-09-21 09:40,2026-09-21 09:37,Fantasyland,2991,The Many Adventures of Winnie the Pooh,1,20
2026-09-21 09:40,2026-09-21 09:37,Fantasyland,2992,Voyage to the Crystal Grotto,0,0
2026-09-21 09:40,2026-09-21 09:37,Gardens of Imagination,3896,Become Iron Man at the Marvel Universe,1,5
2026-09-21 09:40,2026-09-21 09:37,Gardens of Imagination,2993,Dumbo the Flying Elephant,1,20
2026-09-21 09:40,2026-09-21 09:37,Gardens of Imagination,2994,Fantasia Carousel,1,5
2026-09-21 09:40,2026-09-21 09:37,Gardens of Imagination,3082,Marvel Universe,1,0
2026-09-21 09:40,2026-09-21 09:37,Tomorrowland,2999,Buzz Lightyear Planet Rescue,1,5
2026-09-21 09:40,2026-09-21 09:37,Tomorrowland,3000,Jet Packs,1,10
2026-09-21 09:40,2026-09-21 09:37,Tomorrowland,16392,Pixar Adventurous Journey,0,0
2026-09-21 09:40,2026-09-21 09:37,Tomorrowland,3001,Space Chat With Stitch,0,0
2026-09-21 09:40,2026-09-21 09:37,Tomorrowland,2985,TRON Lightcycle Power Run – Presented by Chevrolet,1,40
2026-09-21 09:40,2026-09-21 09:37,Tomorrowland,4076,"TRON Realm, Chevrolet Digital Challenge",0,0
2026-09-21 09:40,2026-09-21 09:37,Toy Story Land,5633,Rex’s Racer,1,20
2026-09-21 09:40,2026-09-21 09:37,Toy Story Land,5634,Slinky Dog Spin,1,5
2026-09-21 09:40,2026-09-21 09:37,Toy Story Land,5635,Woody’s Roundup,1,10
2026-09-21 09:40,2026-09-21 09:37,Treasure Cove,2995,Explorer Canoes,0,0
2026-09-21 09:40,2026-09-21 09:37,Treasure Cove,2996,Pirates of the Caribbean Battle for the Sunken Treasure,1,10
2026-09-21 09:40,2026-09-21 09:37,Treasure Cove,2997,Shipwreck Shore,1,5
2026-09-21 09:40,2026-09-21 09:37,Treasure Cove,2998,Siren's Revenge,1,5
2026-09-21 09:40,2026-09-21 09:37,Zootopia,13819,Zootopia Hot Pursuit Single Rider,1,0
2026-09-21 09:40,2026-09-21 09:37,Zootopia,12392,Zootopia: Hot Pursuit,1,50
2026-09-21 09:45,2026-09-21 09:42,Adventure Isle,3893,Challenge Trails at Camp Discovery,1,5
2026-09-21 09:45,2026-09-21 09:42,Adventure Isle,16370,Junior Explorers Camp,1,5
2026-09-21 09:45,2026-09-21 09:42,Adventure Isle,2986,Roaring Rapids,1,10
2026-09-21 09:45,2026-09-21 09:42,Adventure Isle,3002,Soaring Over the Horizon,1,20
2026-09-21 09:45,2026-09-21 09:42,Adventure Isle,3901,Vista Trail at Camp Discovery,1,0
2026-09-21 09:45,2026-09-21 09:42,Fantasyland,3080,“Once Upon a Time” Adventure,1,5
2026-09-21 09:45,2026-09-21 09:42,Fantasyland,2987,Alice in Wonderland Maze,1,5
2026-09-21 09:45,2026-09-21 09:42,Fantasyland,2988,Hunny Pot Spin,1,5
2026-09-21 09:45,2026-09-21 09:42,Fantasyland,2989,Peter Pan’s Flight,1,5
2026-09-21 09:45,2026-09-21 09:42,Fantasyland,2990,Seven Dwarfs Mine Train,1,60
2026-09-21 09:45,2026-09-21 09:42,Fantasyland,13818,Seven Dwarfs Mine Train Single Rider,1,0
2026-09-21 09:45,2026-09-21 09:42,Fantasyland,2991,The Many Adventures of Winnie the Pooh,1,20
2026-09-21 09:45,2026-09-21 09:42,Fantasyland,2992,Voyage to the Crystal Grotto,0,0
2026-09-21 09:45,2026-09-21 09:42,Gardens of Imagination,3896,Become Iron Man at the Marvel Universe,1,5
2026-09-21 09:45,2026-09-21 09:42,Gardens of Imagination,2993,Dumbo the Flying Elephant,1,20
2026-09-21 09:45,2026-09-21 09:42,Gardens of Imagination,2994,Fantasia Carousel,1,5
2026-09-21 09:45,2026-09-21 09:42,Gardens of Imagination,3082,Marvel Universe,1,0
2026-09-21 09:45,2026-09-21 09:42,Tomorrowland,2999,Buzz Lightyear Planet Rescue,1,5
2026-09-21 09:45,2026-09-21 09:42,Tomorrowland,3000,Jet Packs,1,10
2026-09-21 09:45,2026-09-21 09:42,Tomorrowland,16392,Pixar Adventurous Journey,0,0
2026-09-21 09:45,2026-09-21 09:42,Tomorrowland,3001,Space Chat With Stitch,0,0
2026-09-21 09:45,2026-09-21 09:42,Tomorrowland,2985,TRON Lightcycle Power Run – Presented by Chevrolet,1,40
2026-09-21 09:45,2026-09-21 09:42,Tomorrowland,4076,"TRON Realm, Chevrolet Digital Challenge",0,0
2026-09-21 09:45,2026-09-21 09:42,Toy Story Land,5633,Rex’s Racer,1,30
2026-09-21 09:45,2026-09-21 09:42,Toy Story Land,5634,Slinky Dog Spin,1,5
2026-09-21 09:45,2026-09-21 09:42,Toy Story Land,5635,Woody’s Roundup,1,10
2026-09-21 09:45,2026-09-21 09:42,Treasure Cove,2995,Explorer Canoes,0,0
2026-09-21 09:45,2026-09-21 09:42,Treasure Cove,2996,Pirates of the Caribbean Battle for the Sunken Treasure,1,10
2026-09-21 09:45,2026-09-21 09:42,Treasure Cove,2997,Shipwreck Shore,1,5
2026-09-21 09:45,2026-09-21 09:42,Treasure Cove,2998,Siren's Revenge,1,5
2026-09-21 09:45,2026-09-21 09:42,Zootopia,13819,Zootopia Hot Pursuit Single Rider,1,0
2026-09-21 09:45,2026-09-21 09:42,Zootopia,12392,Zootopia: Hot Pursuit,1,50
2026-09-21 09:50,2026-09-21 09:47,Adventure Isle,3893,Challenge Trails at Camp Discovery,1,5
2026-09-21 09:50,2026-09-21 09:47,Adventure Isle,16370,Junior Explorers Camp,1,5
2026-09-21 09:50,2026-09-21 09:47,Adventure Isle,2986,Roaring Rapids,1,10
2026-09-21 09:50,2026-09-21 09:47,Adventure Isle,3002,Soaring Over the Horizon,1,20
2026-09-21 09:50,2026-09-21 09:47,Adventure Isle,3901,Vista Trail at Camp Discovery,1,0
2026-09-21 09:50,2026-09-21 09:47,Fantasyland,3080,“Once Upon a Time” Adventure,1,5
2026-09-21 09:50,2026-09-21 09:47,Fantasyland,2987,Alice in Wonderland Maze,1,5
2026-09-21 09:50,2026-09-21 09:47,Fantasyland,2988,Hunny Pot Spin,1,5
2026-09-21 09:50,2026-09-21 09:47,Fantasyland,2989,Peter Pan’s Flight,1,5
2026-09-21 09:50,2026-09-21 09:47,Fantasyland,2990,Seven Dwarfs Mine Train,1,60
2026-09-21 09:50,2026-09-21 09:47,Fantasyland,13818,Seven Dwarfs Mine Train Single Rider,1,0
2026-09-21 09:50,2026-09-21 09:47,Fantasyland,2991,The Many Adventures of Winnie the Pooh,1,25
2026-09-21 09:50,2026-09-21 09:47,Fantasyland,2992,Voyage to the Crystal Grotto,0,0
2026-09-21 09:50,2026-09-21 09:47,Gardens of Imagination,3896,Become Iron Man at the Marvel Universe,1,5
2026-09-21 09:50,2026-09-21 09:47,Gardens of Imagination,2993,Dumbo the Flying Elephant,1,20
2026-09-21 09:50,2026-09-21 09:47,Gardens of Imagination,2994,Fantasia Carousel,1,10
2026-09-21 09:50,2026-09-21 09:47,Gardens of Imagination,3082,Marvel Universe,1,0
2026-09-21 09:50,2026-09-21 09:47,Tomorrowland,2999,Buzz Lightyear Planet Rescue,1,5
2026-09-21 09:50,2026-09-21 09:47,Tomorrowland,3000,Jet Packs,1,10
2026-09-21 09:50,2026-09-21 09:47,Tomorrowland,16392,Pixar Adventurous Journey,0,0
2026-09-21 09:50,2026-09-21 09:47,Tomorrowland,3001,Space Chat With Stitch,0,0
2026-09-21 09:50,2026-09-21 09:47,Tomorrowland,2985,TRON Lightcycle Power Run – Presented by Chevrolet,1,40
2026-09-21 09:50,2026-09-21 09:47,Tomorrowland,4076,"TRON Realm, Chevrolet Digital Challenge",0,0
2026-09-21 09:50,2026-09-21 09:47,Toy Story Land,5633,Rex’s Racer,1,30
2026-09-21 09:50,2026-09-21 09:47,Toy Story Land,5634,Slinky Dog Spin,1,5
2026-09-21 09:50,2026-09-21 09:47,Toy Story Land,5635,Woody’s Roundup,1,10
2026-09-21 09:50,2026-09-21 09:47,Treasure Cove,2995,Explorer Canoes,0,0
2026-09-21 09:50,2026-09-21 09:47,Treasure Cove,2996,Pirates of the Caribbean Battle for the Sunken Treasure,1,15
2026-09-21 09:50,2026-09-21 09:47,Treasure Cove,2997,Shipwreck Shore,1,5
2026-09-21 09:50,2026-09-21 09:47,Treasure Cove,2998,Siren's Revenge,1,5
2026-09-21 09:50,2026-09-21 09:47,Zootopia,13819,Zootopia Hot Pursuit Single Rider,1,0
2026-09-21 09:50,2026-09-21 09:47,Zootopia,12392,Zootopia: Hot Pursuit,1,50
2026-09-21 09:55,2026-09-21 09:52,Adventure Isle,3893,Challenge Trails at Camp Discovery,1,5
2026-09-21 09:55,2026-09-21 09:52,Adventure Isle,16370,Junior Explorers Camp,1,5
2026-09-21 09:55,2026-09-21 09:52,Adventure Isle,2986,Roaring Rapids,1,10
2026-09-21 09:55,2026-09-21 09:52,Adventure Isle,3002,Soaring Over the Horizon,1,20
2026-09-21 09:55,2026-09-21 09:52,Adventure Isle,3901,Vista Trail at Camp Discovery,1,0
2026-09-21 09:55,2026-09-21 09:52,Fantasyland,3080,“Once Upon a Time” Adventure,1,5
2026-09-21 09:55,2026-09-21 09:52,Fantasyland,2987,Alice in Wonderland Maze,1,5
2026-09-21 09:55,2026-09-21 09:52,Fantasyland,2988,Hunny Pot Spin,1,5
2026-09-21 09:55,2026-09-21 09:52,Fantasyland,2989,Peter Pan’s Flight,1,5
2026-09-21 09:55,2026-09-21 09:52,Fantasyland,2990,Seven Dwarfs Mine Train,1,60
2026-09-21 09:55,2026-09-21 09:52,Fantasyland,13818,Seven Dwarfs Mine Train Single Rider,1,0
2026-09-21 09:55,2026-09-21 09:52,Fantasyland,2991,The Many Adventures of Winnie the Pooh,1,25
2026-09-21 09:55,2026-09-21 09:52,Fantasyland,2992,Voyage to the Crystal Grotto,0,0
2026-09-21 09:55,2026-09-21 09:52,Gardens of Imagination,3896,Become Iron Man at the Marvel Universe,1,5
2026-09-21 09:55,2026-09-21 09:52,Gardens of Imagination,2993,Dumbo the Flying Elephant,1,20
2026-09-21 09:55,2026-09-21 09:52,Gardens of Imagination,2994,Fantasia Carousel,1,10
2026-09-21 09:55,2026-09-21 09:52,Gardens of Imagination,3082,Marvel Universe,1,0
2026-09-21 09:55,2026-09-21 09:52,Tomorrowland,2999,Buzz Lightyear Planet Rescue,1,5
2026-09-21 09:55,2026-09-21 09:52,Tomorrowland,3000,Jet Packs,1,20
2026-09-21 09:55,2026-09-21 09:52,Tomorrowland,16392,Pixar Adventurous Journey,0,0
2026-09-21 09:55,2026-09-21 09:52,Tomorrowland,3001,Space Chat With Stitch,0,0
2026-09-21 09:55,2026-09-21 09:52,Tomorrowland,2985,TRON Lightcycle Power Run – Presented by Chevrolet,1,50
2026-09-21 09:55,2026-09-21 09:52,Tomorrowland,4076,"TRON Realm, Chevrolet Digital Challenge",0,0
2026-09-21 09:55,2026-09-21 09:52,Toy Story Land,5633,Rex’s Racer,1,30
2026-09-21 09:55,2026-09-21 09:52,Toy Story Land,5634,Slinky Dog Spin,1,5
2026-09-21 09:55,2026-09-21 09:52,Toy Story Land,5635,Woody’s Roundup,1,10
2026-09-21 09:55,2026-09-21 09:52,Treasure Cove,2995,Explorer Canoes,0,0
2026-09-21 09:55,2026-09-21 09:52,Treasure Cove,2996,Pirates of the Caribbean Battle for the Sunken Treasure,1,15
2026-09-21 09:55,2026-09-21 09:52,Treasure Cove,2997,Shipwreck Shore,1,5
2026-09-21 09:55,2026-09-21 09:52,Treasure Cove,2998,Siren's Revenge,1,5
2026-09-21 09:55,2026-09-21 09:52,Zootopia,13819,Zootopia Hot Pursuit Single Rider,1,0
2026-09-21 09:55,2026-09-21 09:52,Zootopia,12392,Zootopia: Hot Pursuit,1,50
2026-09-21 10:00,2026-09-21 09:57,Adventure Isle,3893,Challenge Trails at Camp Discovery,1,5
2026-09-21 10:00,2026-09-21 09:57,Adventure Isle,16370,Junior Explorers Camp,1,5
2026-09-21 10:00,2026-09-21 09:57,Adventure Isle,2986,Roaring Rapids,1,10
2026-09-21 10:00,2026-09-21 09:57,Adventure Isle,3002,Soaring Over the Horizon,1,25
2026-09-21 10:00,2026-09-21 09:57,Adventure Isle,3901,Vista Trail at Camp Discovery,1,0
2026-09-21 10:00,2026-09-21 09:57,Fantasyland,3080,“Once Upon a Time” Adventure,1,5
2026-09-21 10:00,2026-09-21 09:57,Fantasyland,2987,Alice in Wonderland Maze,1,5
2026-09-21 10:00,2026-09-21 09:57,Fantasyland,2988,Hunny Pot Spin,1,5
2026-09-21 10:00,2026-09-21 09:57,Fantasyland,2989,Peter Pan’s Flight,1,5
2026-09-21 10:00,2026-09-21 09:57,Fantasyland,2990,Seven Dwarfs Mine Train,1,60
2026-09-21 10:00,2026-09-21 09:57,Fantasyland,13818,Seven Dwarfs Mine Train Single Rider,1,0
2026-09-21 10:00,2026-09-21 09:57,Fantasyland,2991,The Many Adventures of Winnie the Pooh,1,20
2026-09-21 10:00,2026-09-21 09:57,Fantasyland,2992,Voyage to the Crystal Grotto,0,0
2026-09-21 10:00,2026-09-21 09:57,Gardens of Imagination,3896,Become Iron Man at the Marvel Universe,1,5
2026-09-21 10:00,2026-09-21 09:57,Gardens of Imagination,2993,Dumbo the Flying Elephant,1,20
2026-09-21 10:00,2026-09-21 09:57,Gardens of Imagination,2994,Fantasia Carousel,1,10
2026-09-21 10:00,2026-09-21 09:57,Gardens of Imagination,3082,Marvel Universe,1,0
2026-09-21 10:00,2026-09-21 09:57,Tomorrowland,2999,Buzz Lightyear Planet Rescue,1,5
2026-09-21 10:00,2026-09-21 09:57,Tomorrowland,3000,Jet Packs,1,20
2026-09-21 10:00,2026-09-21 09:57,Tomorrowland,16392,Pixar Adventurous Journey,0,0
2026-09-21 10:00,2026-09-21 09:57,Tomorrowland,3001,Space Chat With Stitch,0,0
2026-09-21 10:00,2026-09-21 09:57,Tomorrowland,2985,TRON Lightcycle Power Run – Presented by Chevrolet,1,60
2026-09-21 10:00,2026-09-21 09:57,Tomorrowland,4076,"TRON Realm, Chevrolet Digital Challenge",0,0
2026-09-21 10:00,2026-09-21 09:57,Toy Story Land,5633,Rex’s Racer,1,30
2026-09-21 10:00,2026-09-21 09:57,Toy Story Land,5634,Slinky Dog Spin,1,10
2026-09-21 10:00,2026-09-21 09:57,Toy Story Land,5635,Woody’s Roundup,1,10
2026-09-21 10:00,2026-09-21 09:57,Treasure Cove,2995,Explorer Canoes,0,0
2026-09-21 10:00,2026-09-21 09:57,Treasure Cove,2996,Pirates of the Caribbean Battle for the Sunken Treasure,1,15
2026-09-21 10:00,2026-09-21 09:57,Treasure Cove,2997,Shipwreck Shore,1,5
2026-09-21 10:00,2026-09-21 09:57,Treasure Cove,2998,Siren's Revenge,1,5
2026-09-21 10:00,2026-09-21 09:57,Zootopia,13819,Zootopia Hot Pursuit Single Rider,1,0
2026-09-21 10:00,2026-09-21 09:57,Zootopia,12392,Zootopia: Hot Pursuit,1,50
2026-09-21 10:05,2026-09-21 10:02,Adventure Isle,3893,Challenge Trails at Camp Discovery,1,5
2026-09-21 10:05,2026-09-21 10:02,Adventure Isle,16370,Junior Explorers Camp,1,5
2026-09-21 10:05,2026-09-21 10:02,Adventure Isle,2986,Roaring Rapids,1,10
2026-09-21 10:05,2026-09-21 10:02,Adventure Isle,3002,Soaring Over the Horizon,1,35
2026-09-21 10:05,2026-09-21 10:02,Adventure Isle,3901,Vista Trail at Camp Discovery,1,0
2026-09-21 10:05,2026-09-21 10:02,Fantasyland,3080,“Once Upon a Time” Adventure,1,5
2026-09-21 10:05,2026-09-21 10:02,Fantasyland,2987,Alice in Wonderland Maze,1,5
2026-09-21 10:05,2026-09-21 10:02,Fantasyland,2988,Hunny Pot Spin,1,10
2026-09-21 10:05,2026-09-21 10:02,Fantasyland,2989,Peter Pan’s Flight,1,5
2026-09-21 10:05,2026-09-21 10:02,Fantasyland,2990,Seven Dwarfs Mine Train,1,60
2026-09-21 10:05,2026-09-21 10:02,Fantasyland,13818,Seven Dwarfs Mine Train Single Rider,1,0
2026-09-21 10:05,2026-09-21 10:02,Fantasyland,2991,The Many Adventures of Winnie the Pooh,1,20
2026-09-21 10:05,2026-09-21 10:02,Fantasyland,2992,Voyage to the Crystal Grotto,0,0
2026-09-21 10:05,2026-09-21 10:02,Gardens of Imagination,3896,Become Iron Man at the Marvel Universe,1,5
2026-09-21 10:05,2026-09-21 10:02,Gardens of Imagination,2993,Dumbo the Flying Elephant,1,30
2026-09-21 10:05,2026-09-21 10:02,Gardens of Imagination,2994,Fantasia Carousel,1,5
2026-09-21 10:05,2026-09-21 10:02,Gardens of Imagination,3082,Marvel Universe,1,0
2026-09-21 10:05,2026-09-21 10:02,Tomorrowland,2999,Buzz Lightyear Planet Rescue,1,5
2026-09-21 10:05,2026-09-21 10:02,Tomorrowland,3000,Jet Packs,1,20
2026-09-21 10:05,2026-09-21 10:02,Tomorrowland,16392,Pixar Adventurous Journey,0,0
2026-09-21 10:05,2026-09-21 10:02,Tomorrowland,3001,Space Chat With Stitch,0,0
2026-09-21 10:05,2026-09-21 10:02,Tomorrowland,2985,TRON Lightcycle Power Run – Presented by Chevrolet,1,60
2026-09-21 10:05,2026-09-21 10:02,Tomorrowland,4076,"TRON Realm, Chevrolet Digital Challenge",0,0
2026-09-21 10:05,2026-09-21 10:02,Toy Story Land,5633,Rex’s Racer,1,30
2026-09-21 10:05,2026-09-21 10:02,Toy Story Land,5634,Slinky Dog Spin,1,10
2026-09-21 10:05,2026-09-21 10:02,Toy Story Land,5635,Woody’s Roundup,1,10
2026-09-21 10:05,2026-09-21 10:02,Treasure Cove,2995,Explorer Canoes,0,0
2026-09-21 10:05,2026-09-21 10:02,Treasure Cove,2996,Pirates of the Caribbean Battle for the Sunken Treasure,1,15
2026-09-21 10:05,2026-09-21 10:02,Treasure Cove,2997,Shipwreck Shore,1,5
2026-09-21 10:05,2026-09-21 10:02,Treasure Cove,2998,Siren's Revenge,1,5
2026-09-21 10:05,2026-09-21 10:02,Zootopia,13819,Zootopia Hot Pursuit Single Rider,1,0
2026-09-21 10:05,2026-09-21 10:02,Zootopia,12392,Zootopia: Hot Pursuit,1,50
2026-09-21 10:10,2026-09-21 10:07,Adventure Isle,3893,Challenge Trails at Camp Discovery,1,5
2026-09-21 10:10,2026-09-21 10:07,Adventure Isle,16370,Junior Explorers Camp,1,5
2026-09-21 10:10,2026-09-21 10:07,Adventure Isle,2986,Roaring Rapids,1,10
2026-09-21 10:10,2026-09-21 10:07,Adventure Isle,3002,Soaring Over the Horizon,1,35
2026-09-21 10:10,2026-09-21 10:07,Adventure Isle,3901,Vista Trail at Camp Discovery,1,0
2026-09-21 10:10,2026-09-21 10:07,Fantasyland,3080,“Once Upon a Time” Adventure,1,5
2026-09-21 10:10,2026-09-21 10:07,Fantasyland,2987,Alice in Wonderland Maze,1,5
2026-09-21 10:10,2026-09-21 10:07,Fantasyland,2988,Hunny Pot Spin,1,10
2026-09-21 10:10,2026-09-21 10:07,Fantasyland,2989,Peter Pan’s Flight,1,5
2026-09-21 10:10,2026-09-21 10:07,Fantasyland,2990,Seven Dwarfs Mine Train,1,60
2026-09-21 10:10,2026-09-21 10:07,Fantasyland,13818,Seven Dwarfs Mine Train Single Rider,1,0
2026-09-21 10:10,2026-09-21 10:07,Fantasyland,2991,The Many Adventures of Winnie the Pooh,1,20
2026-09-21 10:10,2026-09-21 10:07,Fantasyland,2992,Voyage to the Crystal Grotto,0,0
2026-09-21 10:10,2026-09-21 10:07,Gardens of Imagination,3896,Become Iron Man at the Marvel Universe,1,5
2026-09-21 10:10,2026-09-21 10:07,Gardens of Imagination,2993,Dumbo the Flying Elephant,1,30
2026-09-21 10:10,2026-09-21 10:07,Gardens of Imagination,2994,Fantasia Carousel,1,5
2026-09-21 10:10,2026-09-21 10:07,Gardens of Imagination,3082,Marvel Universe,1,0
2026-09-21 10:10,2026-09-21 10:07,Tomorrowland,2999,Buzz Lightyear Planet Rescue,1,5
2026-09-21 10:10,2026-09-21 10:07,Tomorrowland,3000,Jet Packs,1,20
2026-09-21 10:10,2026-09-21 10:07,Tomorrowland,16392,Pixar Adventurous Journey,1,5
2026-09-21 10:10,2026-09-21 10:07,Tomorrowland,3001,Space Chat With Stitch,0,0
2026-09-21 10:10,2026-09-21 10:07,Tomorrowland,2985,TRON Lightcycle Power Run – Presented by Chevrolet,1,60
2026-09-21 10:10,2026-09-21 10:07,Tomorrowland,4076,"TRON Realm, Chevrolet Digital Challenge",1,0
2026-09-21 10:10,2026-09-21 10:07,Toy Story Land,5633,Rex’s Racer,1,30
2026-09-21 10:10,2026-09-21 10:07,Toy Story Land,5634,Slinky Dog Spin,1,10
2026-09-21 10:10,2026-09-21 10:07,Toy Story Land,5635,Woody’s Roundup,1,10
2026-09-21 10:10,2026-09-21 10:07,Treasure Cove,2995,Explorer Canoes,0,0
2026-09-21 10:10,2026-09-21 10:07,Treasure Cove,2996,Pirates of the Caribbean Battle for the Sunken Treasure,1,15
2026-09-21 10:10,2026-09-21 10:07,Treasure Cove,2997,Shipwreck Shore,1,5
2026-09-21 10:10,2026-09-21 10:07,Treasure Cove,2998,Siren's Revenge,1,5
2026-09-21 10:10,2026-09-21 10:07,Zootopia,13819,Zootopia Hot Pursuit Single Rider,1,0
2026-09-21 10:10,2026-09-21 10:07,Zootopia,12392,Zootopia: Hot Pursuit,1,50
2026-09-21 10:15,2026-09-21 10:12,Adventure Isle,3893,Challenge Trails at Camp Discovery,1,5
2026-09-21 10:15,2026-09-21 10:12,Adventure Isle,16370,Junior Explorers Camp,1,5
2026-09-21 10:15,2026-09-21 10:12,Adventure Isle,2986,Roaring Rapids,1,10
2026-09-21 10:15,2026-09-21 10:12,Adventure Isle,3002,Soaring Over the Horizon,1,40
2026-09-21 10:15,2026-09-21 10:12,Adventure Isle,3901,Vista Trail at Camp Discovery,1,0
2026-09-21 10:15,2026-09-21 10:12,Fantasyland,3080,“Once Upon a Time” Adventure,1,5
2026-09-21 10:15,2026-09-21 10:12,Fantasyland,2987,Alice in Wonderland Maze,1,5
2026-09-21 10:15,2026-09-21 10:12,Fantasyland,2988,Hunny Pot Spin,1,10
2026-09-21 10:15,2026-09-21 10:12,Fantasyland,2989,Peter Pan’s Flight,1,5
2026-09-21 10:15,2026-09-21 10:12,Fantasyland,2990,Seven Dwarfs Mine Train,1,60
2026-09-21 10:15,2026-09-21 10:12,Fantasyland,13818,Seven Dwarfs Mine Train Single Rider,1,0
2026-09-21 10:15,2026-09-21 10:12,Fantasyland,2991,The Many Adventures of Winnie the Pooh,1,20
2026-09-21 10:15,2026-09-21 10:12,Fantasyland,2992,Voyage to the Crystal Grotto,0,0
2026-09-21 10:15,2026-09-21 10:12,Gardens of Imagination,3896,Become Iron Man at the Marvel Universe,1,5
2026-09-21 10:15,2026-09-21 10:12,Gardens of Imagination,2993,Dumbo the Flying Elephant,1,30
2026-09-21 10:15,2026-09-21 10:12,Gardens of Imagination,2994,Fantasia Carousel,1,10
2026-09-21 10:15,2026-09-21 10:12,Gardens of Imagination,3082,Marvel Universe,1,0
2026-09-21 10:15,2026-09-21 10:12,Tomorrowland,2999,Buzz Lightyear Planet Rescue,1,5
2026-09-21 10:15,2026-09-21 10:12,Tomorrowland,3000,Jet Packs,1,20
2026-09-21 10:15,2026-09-21 10:12,Tomorrowland,16392,Pixar Adventurous Journey,1,5
2026-09-21 10:15,2026-09-21 10:12,Tomorrowland,3001,Space Chat With Stitch,0,0
2026-09-21 10:15,2026-09-21 10:12,Tomorrowland,2985,TRON Lightcycle Power Run – Presented by Chevrolet,1,60
2026-09-21 10:15,2026-09-21 10:12,Tomorrowland,4076,"TRON Realm, Chevrolet Digital Challenge",1,0
2026-09-21 10:15,2026-09-21 10:12,Toy Story Land,5633,Rex’s Racer,1,30
2026-09-21 10:15,2026-09-21 10:12,Toy Story Land,5634,Slinky Dog Spin,1,20
2026-09-21 10:15,2026-09-21 10:12,Toy Story Land,5635,Woody’s Roundup,1,20
2026-09-21 10:15,2026-09-21 10:12,Treasure Cove,2995,Explorer Canoes,0,0
2026-09-21 10:15,2026-09-21 10:12,Treasure Cove,2996,Pirates of the Caribbean Battle for the Sunken Treasure,1,15
2026-09-21 10:15,2026-09-21 10:12,Treasure Cove,2997,Shipwreck Shore,1,5
2026-09-21 10:15,2026-09-21 10:12,Treasure Cove,2998,Siren's Revenge,1,5
2026-09-21 10:15,2026-09-21 10:12,Zootopia,13819,Zootopia Hot Pursuit Single Rider,1,0
2026-09-21 10:15,2026-09-21 10:12,Zootopia,12392,Zootopia: Hot Pursuit,1,45
2026-09-21 10:20,2026-09-21 10:17,Adventure Isle,3893,Challenge Trails at Camp Discovery,1,5
2026-09-21 10:20,2026-09-21 10:17,Adventure Isle,16370,Junior Explorers Camp,1,5
2026-09-21 10:20,2026-09-21 10:17,Adventure Isle,2986,Roaring Rapids,1,10
2026-09-21 10:20,2026-09-21 10:17,Adventure Isle,3002,Soaring Over the Horizon,1,45
2026-09-21 10:20,2026-09-21 10:17,Adventure Isle,3901,Vista Trail at Camp Discovery,1,0
2026-09-21 10:20,2026-09-21 10:17,Fantasyland,3080,“Once Upon a Time” Adventure,1,5
2026-09-21 10:20,2026-09-21 10:17,Fantasyland,2987,Alice in Wonderland Maze,1,5
2026-09-21 10:20,2026-09-21 10:17,Fantasyland,2988,Hunny Pot Spin,1,10
2026-09-21 10:20,2026-09-21 10:17,Fantasyland,2989,Peter Pan’s Flight,1,5
2026-09-21 10:20,2026-09-21 10:17,Fantasyland,2990,Seven Dwarfs Mine Train,1,70
2026-09-21 10:20,2026-09-21 10:17,Fantasyland,13818,Seven Dwarfs Mine Train Single Rider,1,0
2026-09-21 10:20,2026-09-21 10:17,Fantasyland,2991,The Many Adventures of Winnie the Pooh,1,25
2026-09-21 10:20,2026-09-21 10:17,Fantasyland,2992,Voyage to the Crystal Grotto,0,0
2026-09-21 10:20,2026-09-21 10:17,Gardens of Imagination,3896,Become Iron Man at the Marvel Universe,1,5
2026-09-21 10:20,2026-09-21 10:17,Gardens of Imagination,2993,Dumbo the Flying Elephant,1,30
2026-09-21 10:20,2026-09-21 10:17,Gardens of Imagination,2994,Fantasia Carousel,1,10
2026-09-21 10:20,2026-09-21 10:17,Gardens of Imagination,3082,Marvel Universe,1,0
2026-09-21 10:20,2026-09-21 10:17,Tomorrowland,2999,Buzz Lightyear Planet Rescue,1,5
2026-09-21 10:20,2026-09-21 10:17,Tomorrowland,3000,Jet Packs,1,10
2026-09-21 10:20,2026-09-21 10:17,Tomorrowland,16392,Pixar Adventurous Journey,1,5
2026-09-21 10:20,2026-09-21 10:17,Tomorrowland,3001,Space Chat With Stitch,0,0
2026-09-21 10:20,2026-09-21 10:17,Tomorrowland,2985,TRON Lightcycle Power Run – Presented by Chevrolet,1,60
2026-09-21 10:20,2026-09-21 10:17,Tomorrowland,4076,"TRON Realm, Chevrolet Digital Challenge",1,0
2026-09-21 10:20,2026-09-21 10:17,Toy Story Land,5633,Rex’s Racer,1,30
2026-09-21 10:20,2026-09-21 10:17,Toy Story Land,5634,Slinky Dog Spin,1,20
2026-09-21 10:20,2026-09-21 10:17,Toy Story Land,5635,Woody’s Roundup,1,20
2026-09-21 10:20,2026-09-21 10:17,Treasure Cove,2995,Explorer Canoes,0,0
2026-09-21 10:20,2026-09-21 10:17,Treasure Cove,2996,Pirates of the Caribbean Battle for the Sunken Treasure,1,15
2026-09-21 10:20,2026-09-21 10:17,Treasure Cove,2997,Shipwreck Shore,1,5
2026-09-21 10:20,2026-09-21 10:17,Treasure Cove,2998,Siren's Revenge,1,5
2026-09-21 10:20,2026-09-21 10:17,Zootopia,13819,Zootopia Hot Pursuit Single Rider,1,0
2026-09-21 10:20,2026-09-21 10:17,Zootopia,12392,Zootopia: Hot Pursuit,1,50
2026-09-21 10:25,2026-09-21 10:22,Adventure Isle,3893,Challenge Trails at Camp Discovery,1,5
2026-09-21 10:25,2026-09-21 10:22,Adventure Isle,16370,Junior Explorers Camp,1,5
2026-09-21 10:25,2026-09-21 10:22,Adventure Isle,2986,Roaring Rapids,1,10
2026-09-21 10:25,2026-09-21 10:22,Adventure Isle,3002,Soaring Over the Horizon,1,45
2026-09-21 10:25,2026-09-21 10:22,Adventure Isle,3901,Vista Trail at Camp Discovery,1,0
2026-09-21 10:25,2026-09-21 10:22,Fantasyland,3080,“Once Upon a Time” Adventure,1,5
2026-09-21 10:25,2026-09-21 10:22,Fantasyland,2987,Alice in Wonderland Maze,1,5
2026-09-21 10:25,2026-09-21 10:22,Fantasyland,2988,Hunny Pot Spin,1,5
2026-09-21 10:25,2026-09-21 10:22,Fantasyland,2989,Peter Pan’s Flight,1,5
2026-09-21 10:25,2026-09-21 10:22,Fantasyland,2990,Seven Dwarfs Mine Train,1,70
2026-09-21 10:25,2026-09-21 10:22,Fantasyland,13818,Seven Dwarfs Mine Train Single Rider,1,0
2026-09-21 10:25,2026-09-21 10:22,Fantasyland,2991,The Many Adventures of Winnie the Pooh,1,25
2026-09-21 10:25,2026-09-21 10:22,Fantasyland,2992,Voyage to the Crystal Grotto,0,0
2026-09-21 10:25,2026-09-21 10:22,Gardens of Imagination,3896,Become Iron Man at the Marvel Universe,1,5
2026-09-21 10:25,2026-09-21 10:22,Gardens of Imagination,2993,Dumbo the Flying Elephant,1,15
2026-09-21 10:25,2026-09-21 10:22,Gardens of Imagination,2994,Fantasia Carousel,1,10
2026-09-21 10:25,2026-09-21 10:22,Gardens of Imagination,3082,Marvel Universe,1,0
2026-09-21 10:25,2026-09-21 10:22,Tomorrowland,2999,Buzz Lightyear Planet Rescue,1,5
2026-09-21 10:25,2026-09-21 10:22,Tomorrowland,3000,Jet Packs,1,10
2026-09-21 10:25,2026-09-21 10:22,Tomorrowland,16392,Pixar Adventurous Journey,1,5
2026-09-21 10:25,2026-09-21 10:22,Tomorrowland,3001,Space Chat With Stitch,0,0
2026-09-21 10:25,2026-09-21 10:22,Tomorrowland,2985,TRON Lightcycle Power Run – Presented by Chevrolet,1,60
2026-09-21 10:25,2026-09-21 10:22,Tomorrowland,4076,"TRON Realm, Chevrolet Digital Challenge",1,0
2026-09-21 10:25,2026-09-21 10:22,Toy Story Land,5633,Rex’s Racer,1,40
2026-09-21 10:25,2026-09-21 10:22,Toy Story Land,5634,Slinky Dog Spin,1,20
2026-09-21 10:25,2026-09-21 10:22,Toy Story Land,5635,Woody’s Roundup,1,20
2026-09-21 10:25,2026-09-21 10:22,Treasure Cove,2995,Explorer Canoes,0,0
2026-09-21 10:25,2026-09-21 10:22,Treasure Cove,2996,Pirates of the Caribbean Battle for the Sunken Treasure,1,15
2026-09-21 10:25,2026-09-21 10:22,Treasure Cove,2997,Shipwreck Shore,1,5
2026-09-21 10:25,2026-09-21 10:22,Treasure Cove,2998,Siren's Revenge,1,5
2026-09-21 10:25,2026-09-21 10:22,Zootopia,13819,Zootopia Hot Pursuit Single Rider,1,0
2026-09-21 10:25,2026-09-21 10:22,Zootopia,12392,Zootopia: Hot Pursuit,1,50
2026-09-21 10:30,2026-09-21 10:27,Adventure Isle,3893,Challenge Trails at Camp Discovery,1,5
2026-09-21 10:30,2026-09-21 10:27,Adventure Isle,16370,Junior Explorers Camp,1,5
2026-09-21 10:30,2026-09-21 10:27,Adventure Isle,2986,Roaring Rapids,1,10
2026-09-21 10:30,2026-09-21 10:27,Adventure Isle,3002,Soaring Over the Horizon,1,45
2026-09-21 10:30,2026-09-21 10:27,Adventure Isle,3901,Vista Trail at Camp Discovery,1,0
2026-09-21 10:30,2026-09-21 10:27,Fantasyland,3080,“Once Upon a Time” Adventure,1,5
2026-09-21 10:30,2026-09-21 10:27,Fantasyland,2987,Alice in Wonderland Maze,1,5
2026-09-21 10:30,2026-09-21 10:27,Fantasyland,2988,Hunny Pot Spin,1,5
2026-09-21 10:30,2026-09-21 10:27,Fantasyland,2989,Peter Pan’s Flight,1,5
2026-09-21 10:30,2026-09-21 10:27,Fantasyland,2990,Seven Dwarfs Mine Train,1,70
2026-09-21 10:30,2026-09-21 10:27,Fantasyland,13818,Seven Dwarfs Mine Train Single Rider,1,0
2026-09-21 10:30,2026-09-21 10:27,Fantasyland,2991,The Many Adventures of Winnie the Pooh,1,25
2026-09-21 10:30,2026-09-21 10:27,Fantasyland,2992,Voyage to the Crystal Grotto,0,0
2026-09-21 10:30,2026-09-21 10:27,Gardens of Imagination,3896,Become Iron Man at the Marvel Universe,1,5
2026-09-21 10:30,2026-09-21 10:27,Gardens of Imagination,2993,Dumbo the Flying Elephant,1,15
2026-09-21 10:30,2026-09-21 10:27,Gardens of Imagination,2994,Fantasia Carousel,1,10
2026-09-21 10:30,2026-09-21 10:27,Gardens of Imagination,3082,Marvel Universe,1,0
2026-09-21 10:30,2026-09-21 10:27,Tomorrowland,2999,Buzz Lightyear Planet Rescue,1,5
2026-09-21 10:30,2026-09-21 10:27,Tomorrowland,3000,Jet Packs,1,10
2026-09-21 10:30,2026-09-21 10:27,Tomorrowland,16392,Pixar Adventurous Journey,1,5
2026-09-21 10:30,2026-09-21 10:27,Tomorrowland,3001,Space Chat With Stitch,0,0
2026-09-21 10:30,2026-09-21 10:27,Tomorrowland,2985,TRON Lightcycle Power Run – Presented by Chevrolet,1,50
2026-09-21 10:30,2026-09-21 10:27,Tomorrowland,4076,"TRON Realm, Chevrolet Digital Challenge",1,0
2026-09-21 10:30,2026-09-21 10:27,Toy Story Land,5633,Rex’s Racer,1,40
2026-09-21 10:30,2026-09-21 10:27,Toy Story Land,5634,Slinky Dog Spin,1,20
2026-09-21 10:30,2026-09-21 10:27,Toy Story Land,5635,Woody’s Roundup,1,30
2026-09-21 10:30,2026-09-21 10:27,Treasure Cove,2995,Explorer Canoes,0,0
2026-09-21 10:30,2026-09-21 10:27,Treasure Cove,2996,Pirates of the Caribbean Battle for the Sunken Treasure,1,15
2026-09-21 10:30,2026-09-21 10:27,Treasure Cove,2997,Shipwreck Shore,1,5
2026-09-21 10:30,2026-09-21 10:27,Treasure Cove,2998,Siren's Revenge,1,5
2026-09-21 10:30,2026-09-21 10:27,Zootopia,13819,Zootopia Hot Pursuit Single Rider,1,0
2026-09-21 10:30,2026-09-21 10:27,Zootopia,12392,Zootopia: Hot Pursuit,1,50
2026-09-21 10:35,2026-09-21 10:32,Adventure Isle,3893,Challenge Trails at Camp Discovery,1,5
2026-09-21 10:35,2026-09-21 10:32,Adventure Isle,16370,Junior Explorers Camp,1,5
2026-09-21 10:35,2026-09-21 10:32,Adventure Isle,2986,Roaring Rapids,1,10
2026-09-21 10:35,2026-09-21 10:32,Adventure Isle,3002,Soaring Over the Horizon,1,50
2026-09-21 10:35,2026-09-21 10:32,Adventure Isle,3901,Vista Trail at Camp Discovery,1,0
2026-09-21 10:35,2026-09-21 10:32,Fantasyland,3080,“Once Upon a Time” Adventure,1,5
2026-09-21 10:35,2026-09-21 10:32,Fantasyland,2987,Alice in Wonderland Maze,1,5
2026-09-21 10:35,2026-09-21 10:32,Fantasyland,2988,Hunny Pot Spin,1,5
2026-09-21 10:35,2026-09-21 10:32,Fantasyland,2989,Peter Pan’s Flight,1,5
2026-09-21 10:35,2026-09-21 10:32,Fantasyland,2990,Seven Dwarfs Mine Train,1,70
2026-09-21 10:35,2026-09-21 10:32,Fantasyland,13818,Seven Dwarfs Mine Train Single Rider,1,0
2026-09-21 10:35,2026-09-21 10:32,Fantasyland,2991,The Many Adventures of Winnie the Pooh,1,25
2026-09-21 10:35,2026-09-21 10:32,Fantasyland,2992,Voyage to the Crystal Grotto,0,0
2026-09-21 10:35,2026-09-21 10:32,Gardens of Imagination,3896,Become Iron Man at the Marvel Universe,1,5
2026-09-21 10:35,2026-09-21 10:32,Gardens of Imagination,2993,Dumbo the Flying Elephant,1,15
2026-09-21 10:35,2026-09-21 10:32,Gardens of Imagination,2994,Fantasia Carousel,1,10
2026-09-21 10:35,2026-09-21 10:32,Gardens of Imagination,3082,Marvel Universe,1,0
2026-09-21 10:35,2026-09-21 10:32,Tomorrowland,2999,Buzz Lightyear Planet Rescue,1,5
2026-09-21 10:35,2026-09-21 10:32,Tomorrowland,3000,Jet Packs,1,10
2026-09-21 10:35,2026-09-21 10:32,Tomorrowland,16392,Pixar Adventurous Journey,1,5
2026-09-21 10:35,2026-09-21 10:32,Tomorrowland,3001,Space Chat With Stitch,0,0
2026-09-21 10:35,2026-09-21 10:32,Tomorrowland,2985,TRON Lightcycle Power Run – Presented by Chevrolet,1,50
2026-09-21 10:35,2026-09-21 10:32,Tomorrowland,4076,"TRON Realm, Chevrolet Digital Challenge",1,0
2026-09-21 10:35,2026-09-21 10:32,Toy Story Land,5633,Rex’s Racer,1,40
2026-09-21 10:35,2026-09-21 10:32,Toy Story Land,5634,Slinky Dog Spin,1,20
2026-09-21 10:35,2026-09-21 10:32,Toy Story Land,5635,Woody’s Roundup,1,30
2026-09-21 10:35,2026-09-21 10:32,Treasure Cove,2995,Explorer Canoes,0,0
2026-09-21 10:35,2026-09-21 10:32,Treasure Cove,2996,Pirates of the Caribbean Battle for the Sunken Treasure,1,10
2026-09-21 10:35,2026-09-21 10:32,Treasure Cove,2997,Shipwreck Shore,1,5
2026-09-21 10:35,2026-09-21 10:32,Treasure Cove,2998,Siren's Revenge,1,5
2026-09-21 10:35,2026-09-21 10:32,Zootopia,13819,Zootopia Hot Pursuit Single Rider,1,0
2026-09-21 10:35,2026-09-21 10:32,Zootopia,12392,Zootopia: Hot Pursuit,1,55
2026-09-21 10:40,2026-09-21 10:37,Adventure Isle,3893,Challenge Trails at Camp Discovery,1,5
2026-09-21 10:40,2026-09-21 10:37,Adventure Isle,16370,Junior Explorers Camp,1,5
2026-09-21 10:40,2026-09-21 10:37,Adventure Isle,2986,Roaring Rapids,1,10
2026-09-21 10:40,2026-09-21 10:37,Adventure Isle,3002,Soaring Over the Horizon,1,50
2026-09-21 10:40,2026-09-21 10:37,Adventure Isle,3901,Vista Trail at Camp Discovery,1,0
2026-09-21 10:40,2026-09-21 10:37,Fantasyland,3080,“Once Upon a Time” Adventure,1,5
2026-09-21 10:40,2026-09-21 10:37,Fantasyland,2987,Alice in Wonderland Maze,1,5
2026-09-21 10:40,2026-09-21 10:37,Fantasyland,2988,Hunny Pot Spin,1,5
2026-09-21 10:40,2026-09-21 10:37,Fantasyland,2989,Peter Pan’s Flight,1,5
2026-09-21 10:40,2026-09-21 10:37,Fantasyland,2990,Seven Dwarfs Mine Train,1,65
2026-09-21 10:40,2026-09-21 10:37,Fantasyland,13818,Seven Dwarfs Mine Train Single Rider,1,0
2026-09-21 10:40,2026-09-21 10:37,Fantasyland,2991,The Many Adventures of Winnie the Pooh,1,25
2026-09-21 10:40,2026-09-21 10:37,Fantasyland,2992,Voyage to the Crystal Grotto,0,0
2026-09-21 10:40,2026-09-21 10:37,Gardens of Imagination,3896,Become Iron Man at the Marvel Universe,1,5
2026-09-21 10:40,2026-09-21 10:37,Gardens of Imagination,2993,Dumbo the Flying Elephant,1,15
2026-09-21 10:40,2026-09-21 10:37,Gardens of Imagination,2994,Fantasia Carousel,1,10
2026-09-21 10:40,2026-09-21 10:37,Gardens of Imagination,3082,Marvel Universe,1,0
2026-09-21 10:40,2026-09-21 10:37,Tomorrowland,2999,Buzz Lightyear Planet Rescue,1,5
2026-09-21 10:40,2026-09-21 10:37,Tomorrowland,3000,Jet Packs,1,20
2026-09-21 10:40,2026-09-21 10:37,Tomorrowland,16392,Pixar Adventurous Journey,1,5
2026-09-21 10:40,2026-09-21 10:37,Tomorrowland,3001,Space Chat With Stitch,0,0
2026-09-21 10:40,2026-09-21 10:37,Tomorrowland,2985,TRON Lightcycle Power Run – Presented by Chevrolet,1,40
2026-09-21 10:40,2026-09-21 10:37,Tomorrowland,4076,"TRON Realm, Chevrolet Digital Challenge",1,0
2026-09-21 10:40,2026-09-21 10:37,Toy Story Land,5633,Rex’s Racer,1,50
2026-09-21 10:40,2026-09-21 10:37,Toy Story Land,5634,Slinky Dog Spin,1,20
2026-09-21 10:40,2026-09-21 10:37,Toy Story Land,5635,Woody’s Roundup,1,30
2026-09-21 10:40,2026-09-21 10:37,Treasure Cove,2995,Explorer Canoes,0,0
2026-09-21 10:40,2026-09-21 10:37,Treasure Cove,2996,Pirates of the Caribbean Battle for the Sunken Treasure,1,10
2026-09-21 10:40,2026-09-21 10:37,Treasure Cove,2997,Shipwreck Shore,1,5
2026-09-21 10:40,2026-09-21 10:37,Treasure Cove,2998,Siren's Revenge,1,5
2026-09-21 10:40,2026-09-21 10:37,Zootopia,13819,Zootopia Hot Pursuit Single Rider,1,0
2026-09-21 10:40,2026-09-21 10:37,Zootopia,12392,Zootopia: Hot Pursuit,1,55
2026-09-21 10:45,2026-09-21 10:41,Adventure Isle,3893,Challenge Trails at Camp Discovery,1,5
2026-09-21 10:45,2026-09-21 10:41,Adventure Isle,16370,Junior Explorers Camp,1,5
2026-09-21 10:45,2026-09-21 10:41,Adventure Isle,2986,Roaring Rapids,1,10
2026-09-21 10:45,2026-09-21 10:41,Adventure Isle,3002,Soaring Over the Horizon,1,50
2026-09-21 10:45,2026-09-21 10:41,Adventure Isle,3901,Vista Trail at Camp Discovery,1,0
2026-09-21 10:45,2026-09-21 10:41,Fantasyland,3080,“Once Upon a Time” Adventure,1,5
2026-09-21 10:45,2026-09-21 10:41,Fantasyland,2987,Alice in Wonderland Maze,1,5
2026-09-21 10:45,2026-09-21 10:41,Fantasyland,2988,Hunny Pot Spin,1,10
2026-09-21 10:45,2026-09-21 10:41,Fantasyland,2989,Peter Pan’s Flight,1,5
2026-09-21 10:45,2026-09-21 10:41,Fantasyland,2990,Seven Dwarfs Mine Train,1,65
2026-09-21 10:45,2026-09-21 10:41,Fantasyland,13818,Seven Dwarfs Mine Train Single Rider,1,0
2026-09-21 10:45,2026-09-21 10:41,Fantasyland,2991,The Many Adventures of Winnie the Pooh,1,25
2026-09-21 10:45,2026-09-21 10:41,Fantasyland,2992,Voyage to the Crystal Grotto,0,0
2026-09-21 10:45,2026-09-21 10:41,Gardens of Imagination,3896,Become Iron Man at the Marvel Universe,1,5
2026-09-21 10:45,2026-09-21 10:41,Gardens of Imagination,2993,Dumbo the Flying Elephant,1,15
2026-09-21 10:45,2026-09-21 10:41,Gardens of Imagination,2994,Fantasia Carousel,1,10
2026-09-21 10:45,2026-09-21 10:41,Gardens of Imagination,3082,Marvel Universe,1,0
2026-09-21 10:45,2026-09-21 10:41,Tomorrowland,2999,Buzz Lightyear Planet Rescue,1,5
2026-09-21 10:45,2026-09-21 10:41,Tomorrowland,3000,Jet Packs,1,20
2026-09-21 10:45,2026-09-21 10:41,Tomorrowland,16392,Pixar Adventurous Journey,1,5
2026-09-21 10:45,2026-09-21 10:41,Tomorrowland,3001,Space Chat With Stitch,0,0
2026-09-21 10:45,2026-09-21 10:41,Tomorrowland,2985,TRON Lightcycle Power Run – Presented by Chevrolet,1,40
2026-09-21 10:45,2026-09-21 10:41,Tomorrowland,4076,"TRON Realm, Chevrolet Digital Challenge",1,0
2026-09-21 10:45,2026-09-21 10:41,Toy Story Land,5633,Rex’s Racer,1,60
2026-09-21 10:45,2026-09-21 10:41,Toy Story Land,5634,Slinky Dog Spin,1,20
2026-09-21 10:45,2026-09-21 10:41,Toy Story Land,5635,Woody’s Roundup,1,30
2026-09-21 10:45,2026-09-21 10:41,Treasure Cove,2995,Explorer Canoes,0,0
2026-09-21 10:45,2026-09-21 10:41,Treasure Cove,2996,Pirates of the Caribbean Battle for the Sunken Treasure,1,10
2026-09-21 10:45,2026-09-21 10:41,Treasure Cove,2997,Shipwreck Shore,1,5
2026-09-21 10:45,2026-09-21 10:41,Treasure Cove,2998,Siren's Revenge,1,5
2026-09-21 10:45,2026-09-21 10:41,Zootopia,13819,Zootopia Hot Pursuit Single Rider,1,0
2026-09-21 10:45,2026-09-21 10:41,Zootopia,12392,Zootopia: Hot Pursuit,1,55
2026-09-21 10:50,2026-09-21 10:47,Adventure Isle,3893,Challenge Trails at Camp Discovery,1,5
2026-09-21 10:50,2026-09-21 10:47,Adventure Isle,16370,Junior Explorers Camp,1,5
2026-09-21 10:50,2026-09-21 10:47,Adventure Isle,2986,Roaring Rapids,1,10
2026-09-21 10:50,2026-09-21 10:47,Adventure Isle,3002,Soaring Over the Horizon,1,50
2026-09-21 10:50,2026-09-21 10:47,Adventure Isle,3901,Vista Trail at Camp Discovery,1,0
2026-09-21 10:50,2026-09-21 10:47,Fantasyland,3080,“Once Upon a Time” Adventure,1,5
2026-09-21 10:50,2026-09-21 10:47,Fantasyland,2987,Alice in Wonderland Maze,1,5
2026-09-21 10:50,2026-09-21 10:47,Fantasyland,2988,Hunny Pot Spin,1,10
2026-09-21 10:50,2026-09-21 10:47,Fantasyland,2989,Peter Pan’s Flight,1,5
2026-09-21 10:50,2026-09-21 10:47,Fantasyland,2990,Seven Dwarfs Mine Train,1,65
2026-09-21 10:50,2026-09-21 10:47,Fantasyland,13818,Seven Dwarfs Mine Train Single Rider,1,0
2026-09-21 10:50,2026-09-21 10:47,Fantasyland,2991,The Many Adventures of Winnie the Pooh,1,30
2026-09-21 10:50,2026-09-21 10:47,Fantasyland,2992,Voyage to the Crystal Grotto,0,0
2026-09-21 10:50,2026-09-21 10:47,Gardens of Imagination,3896,Become Iron Man at the Marvel Universe,1,5
2026-09-21 10:50,2026-09-21 10:47,Gardens of Imagination,2993,Dumbo the Flying Elephant,1,20
2026-09-21 10:50,2026-09-21 10:47,Gardens of Imagination,2994,Fantasia Carousel,1,10
2026-09-21 10:50,2026-09-21 10:47,Gardens of Imagination,3082,Marvel Universe,1,0
2026-09-21 10:50,2026-09-21 10:47,Tomorrowland,2999,Buzz Lightyear Planet Rescue,1,5
2026-09-21 10:50,2026-09-21 10:47,Tomorrowland,3000,Jet Packs,1,20
2026-09-21 10:50,2026-09-21 10:47,Tomorrowland,16392,Pixar Adventurous Journey,1,5
2026-09-21 10:50,2026-09-21 10:47,Tomorrowland,3001,Space Chat With Stitch,0,0
2026-09-21 10:50,2026-09-21 10:47,Tomorrowland,2985,TRON Lightcycle Power Run – Presented by Chevrolet,1,40
2026-09-21 10:50,2026-09-21 10:47,Tomorrowland,4076,"TRON Realm, Chevrolet Digital Challenge",1,0
2026-09-21 10:50,2026-09-21 10:47,Toy Story Land,5633,Rex’s Racer,1,60
2026-09-21 10:50,2026-09-21 10:47,Toy Story Land,5634,Slinky Dog Spin,1,20
2026-09-21 10:50,2026-09-21 10:47,Toy Story Land,5635,Woody’s Roundup,1,30
2026-09-21 10:50,2026-09-21 10:47,Treasure Cove,2995,Explorer Canoes,0,0
2026-09-21 10:50,2026-09-21 10:47,Treasure Cove,2996,Pirates of the Caribbean Battle for the Sunken Treasure,1,10
2026-09-21 10:50,2026-09-21 10:47,Treasure Cove,2997,Shipwreck Shore,1,5
2026-09-21 10:50,2026-09-21 10:47,Treasure Cove,2998,Siren's Revenge,1,5
2026-09-21 10:50,2026-09-21 10:47,Zootopia,13819,Zootopia Hot Pursuit Single Rider,1,0
2026-09-21 10:50,2026-09-21 10:47,Zootopia,12392,Zootopia: Hot Pursuit,1,60
2026-09-21 10:55,2026-09-21 10:52,Adventure Isle,3893,Challenge Trails at Camp Discovery,1,5
2026-09-21 10:55,2026-09-21 10:52,Adventure Isle,16370,Junior Explorers Camp,1,5
2026-09-21 10:55,2026-09-21 10:52,Adventure Isle,2986,Roaring Rapids,1,10
2026-09-21 10:55,2026-09-21 10:52,Adventure Isle,3002,Soaring Over the Horizon,1,50
2026-09-21 10:55,2026-09-21 10:52,Adventure Isle,3901,Vista Trail at Camp Discovery,1,0
2026-09-21 10:55,2026-09-21 10:52,Fantasyland,3080,“Once Upon a Time” Adventure,1,5
2026-09-21 10:55,2026-09-21 10:52,Fantasyland,2987,Alice in Wonderland Maze,1,5
2026-09-21 10:55,2026-09-21 10:52,Fantasyland,2988,Hunny Pot Spin,1,10
2026-09-21 10:55,2026-09-21 10:52,Fantasyland,2989,Peter Pan’s Flight,1,5
2026-09-21 10:55,2026-09-21 10:52,Fantasyland,2990,Seven Dwarfs Mine Train,1,65
2026-09-21 10:55,2026-09-21 10:52,Fantasyland,13818,Seven Dwarfs Mine Train Single Rider,1,0
2026-09-21 10:55,2026-09-21 10:52,Fantasyland,2991,The Many Adventures of Winnie the Pooh,1,35
2026-09-21 10:55,2026-09-21 10:52,Fantasyland,2992,Voyage to the Crystal Grotto,0,0
2026-09-21 10:55,2026-09-21 10:52,Gardens of Imagination,3896,Become Iron Man at the Marvel Universe,1,5
2026-09-21 10:55,2026-09-21 10:52,Gardens of Imagination,2993,Dumbo the Flying Elephant,1,20
2026-09-21 10:55,2026-09-21 10:52,Gardens of Imagination,2994,Fantasia Carousel,1,5
2026-09-21 10:55,2026-09-21 10:52,Gardens of Imagination,3082,Marvel Universe,1,0
2026-09-21 10:55,2026-09-21 10:52,Tomorrowland,2999,Buzz Lightyear Planet Rescue,1,5
2026-09-21 10:55,2026-09-21 10:52,Tomorrowland,3000,Jet Packs,1,20
2026-09-21 10:55,2026-09-21 10:52,Tomorrowland,16392,Pixar Adventurous Journey,1,5
2026-09-21 10:55,2026-09-21 10:52,Tomorrowland,3001,Space Chat With Stitch,0,0
2026-09-21 10:55,2026-09-21 10:52,Tomorrowland,2985,TRON Lightcycle Power Run – Presented by Chevrolet,1,50
2026-09-21 10:55,2026-09-21 10:52,Tomorrowland,4076,"TRON Realm, Chevrolet Digital Challenge",1,0
2026-09-21 10:55,2026-09-21 10:52,Toy Story Land,5633,Rex’s Racer,1,60
2026-09-21 10:55,2026-09-21 10:52,Toy Story Land,5634,Slinky Dog Spin,1,10
2026-09-21 10:55,2026-09-21 10:52,Toy Story Land,5635,Woody’s Roundup,1,30
2026-09-21 10:55,2026-09-21 10:52,Treasure Cove,2995,Explorer Canoes,0,0
2026-09-21 10:55,2026-09-21 10:52,Treasure Cove,2996,Pirates of the Caribbean Battle for the Sunken Treasure,1,10
2026-09-21 10:55,2026-09-21 10:52,Treasure Cove,2997,Shipwreck Shore,1,5
2026-09-21 10:55,2026-09-21 10:52,Treasure Cove,2998,Siren's Revenge,1,5
2026-09-21 10:55,2026-09-21 10:52,Zootopia,13819,Zootopia Hot Pursuit Single Rider,1,0
2026-09-21 10:55,2026-09-21 10:52,Zootopia,12392,Zootopia: Hot Pursuit,1,60
2026-09-21 11:00,2026-09-21 10:57,Adventure Isle,3893,Challenge Trails at Camp Discovery,1,5
2026-09-21 11:00,2026-09-21 10:57,Adventure Isle,16370,Junior Explorers Camp,1,5
2026-09-21 11:00,2026-09-21 10:57,Adventure Isle,2986,Roaring Rapids,1,10
2026-09-21 11:00,2026-09-21 10:57,Adventure Isle,3002,Soaring Over the Horizon,1,50
2026-09-21 11:00,2026-09-21 10:57,Adventure Isle,3901,Vista Trail at Camp Discovery,1,0
2026-09-21 11:00,2026-09-21 10:57,Fantasyland,3080,“Once Upon a Time” Adventure,1,5
2026-09-21 11:00,2026-09-21 10:57,Fantasyland,2987,Alice in Wonderland Maze,1,5
2026-09-21 11:00,2026-09-21 10:57,Fantasyland,2988,Hunny Pot Spin,1,15
2026-09-21 11:00,2026-09-21 10:57,Fantasyland,2989,Peter Pan’s Flight,1,10
2026-09-21 11:00,2026-09-21 10:57,Fantasyland,2990,Seven Dwarfs Mine Train,1,65
2026-09-21 11:00,2026-09-21 10:57,Fantasyland,13818,Seven Dwarfs Mine Train Single Rider,1,0
2026-09-21 11:00,2026-09-21 10:57,Fantasyland,2991,The Many Adventures of Winnie the Pooh,1,35
2026-09-21 11:00,2026-09-21 10:57,Fantasyland,2992,Voyage to the Crystal Grotto,0,0
2026-09-21 11:00,2026-09-21 10:57,Gardens of Imagination,3896,Become Iron Man at the Marvel Universe,1,5
2026-09-21 11:00,2026-09-21 10:57,Gardens of Imagination,2993,Dumbo the Flying Elephant,1,40
2026-09-21 11:00,2026-09-21 10:57,Gardens of Imagination,2994,Fantasia Carousel,1,5
2026-09-21 11:00,2026-09-21 10:57,Gardens of Imagination,3082,Marvel Universe,1,0
2026-09-21 11:00,2026-09-21 10:57,Tomorrowland,2999,Buzz Lightyear Planet Rescue,1,5
2026-09-21 11:00,2026-09-21 10:57,Tomorrowland,3000,Jet Packs,1,20
2026-09-21 11:00,2026-09-21 10:57,Tomorrowland,16392,Pixar Adventurous Journey,1,5
2026-09-21 11:00,2026-09-21 10:57,Tomorrowland,3001,Space Chat With Stitch,0,0
2026-09-21 11:00,2026-09-21 10:57,Tomorrowland,2985,TRON Lightcycle Power Run – Presented by Chevrolet,1,50
2026-09-21 11:00,2026-09-21 10:57,Tomorrowland,4076,"TRON Realm, Chevrolet Digital Challenge",1,0
2026-09-21 11:00,2026-09-21 10:57,Toy Story Land,5633,Rex’s Racer,1,60
2026-09-21 11:00,2026-09-21 10:57,Toy Story Land,5634,Slinky Dog Spin,1,10
2026-09-21 11:00,2026-09-21 10:57,Toy Story Land,5635,Woody’s Roundup,1,30
2026-09-21 11:00,2026-09-21 10:57,Treasure Cove,2995,Explorer Canoes,0,0
2026-09-21 11:00,2026-09-21 10:57,Treasure Cove,2996,Pirates of the Caribbean Battle for the Sunken Treasure,1,10
2026-09-21 11:00,2026-09-21 10:57,Treasure Cove,2997,Shipwreck Shore,1,5
2026-09-21 11:00,2026-09-21 10:57,Treasure Cove,2998,Siren's Revenge,1,5
2026-09-21 11:00,2026-09-21 10:57,Zootopia,13819,Zootopia Hot Pursuit Single Rider,1,0
2026-09-21 11:00,2026-09-21 10:57,Zootopia,12392,Zootopia: Hot Pursuit,1,60
2026-09-21 11:05,2026-09-21 11:02,Adventure Isle,3893,Challenge Trails at Camp Discovery,1,5
2026-09-21 11:05,2026-09-21 11:02,Adventure Isle,16370,Junior Explorers Camp,1,5
2026-09-21 11:05,2026-09-21 11:02,Adventure Isle,2986,Roaring Rapids,1,10
2026-09-21 11:05,2026-09-21 11:02,Adventure Isle,3002,Soaring Over the Horizon,1,50
2026-09-21 11:05,2026-09-21 11:02,Adventure Isle,3901,Vista Trail at Camp Discovery,1,0
2026-09-21 11:05,2026-09-21 11:02,Fantasyland,3080,“Once Upon a Time” Adventure,1,5
2026-09-21 11:05,2026-09-21 11:02,Fantasyland,2987,Alice in Wonderland Maze,1,5
2026-09-21 11:05,2026-09-21 11:02,Fantasyland,2988,Hunny Pot Spin,1,15
2026-09-21 11:05,2026-09-21 11:02,Fantasyland,2989,Peter Pan’s Flight,1,15
2026-09-21 11:05,2026-09-21 11:02,Fantasyland,2990,Seven Dwarfs Mine Train,1,65
2026-09-21 11:05,2026-09-21 11:02,Fantasyland,13818,Seven Dwarfs Mine Train Single Rider,1,0
2026-09-21 11:05,2026-09-21 11:02,Fantasyland,2991,The Many Adventures of Winnie the Pooh,1,35
2026-09-21 11:05,2026-09-21 11:02,Fantasyland,2992,Voyage to the Crystal Grotto,0,0
2026-09-21 11:05,2026-09-21 11:02,Gardens of Imagination,3896,Become Iron Man at the Marvel Universe,1,5
2026-09-21 11:05,2026-09-21 11:02,Gardens of Imagination,2993,Dumbo the Flying Elephant,1,50
2026-09-21 11:05,2026-09-21 11:02,Gardens of Imagination,2994,Fantasia Carousel,1,5
2026-09-21 11:05,2026-09-21 11:02,Gardens of Imagination,3082,Marvel Universe,1,0
2026-09-21 11:05,2026-09-21 11:02,Tomorrowland,2999,Buzz Lightyear Planet Rescue,1,5
2026-09-21 11:05,2026-09-21 11:02,Tomorrowland,3000,Jet Packs,1,20
2026-09-21 11:05,2026-09-21 11:02,Tomorrowland,16392,Pixar Adventurous Journey,1,5
2026-09-21 11:05,2026-09-21 11:02,Tomorrowland,3001,Space Chat With Stitch,0,0
2026-09-21 11:05,2026-09-21 11:02,Tomorrowland,2985,TRON Lightcycle Power Run – Presented by Chevrolet,1,75
2026-09-21 11:05,2026-09-21 11:02,Tomorrowland,4076,"TRON Realm, Chevrolet Digital Challenge",1,0
2026-09-21 11:05,2026-09-21 11:02,Toy Story Land,5633,Rex’s Racer,1,50
2026-09-21 11:05,2026-09-21 11:02,Toy Story Land,5634,Slinky Dog Spin,1,10
2026-09-21 11:05,2026-09-21 11:02,Toy Story Land,5635,Woody’s Roundup,1,30
2026-09-21 11:05,2026-09-21 11:02,Treasure Cove,2995,Explorer Canoes,0,0
2026-09-21 11:05,2026-09-21 11:02,Treasure Cove,2996,Pirates of the Caribbean Battle for the Sunken Treasure,1,15
2026-09-21 11:05,2026-09-21 11:02,Treasure Cove,2997,Shipwreck Shore,1,5
2026-09-21 11:05,2026-09-21 11:02,Treasure Cove,2998,Siren's Revenge,1,5
2026-09-21 11:05,2026-09-21 11:02,Zootopia,13819,Zootopia Hot Pursuit Single Rider,1,0
2026-09-21 11:05,2026-09-21 11:02,Zootopia,12392,Zootopia: Hot Pursuit,1,60
2026-09-21 11:10,2026-09-21 11:07,Adventure Isle,3893,Challenge Trails at Camp Discovery,1,5
2026-09-21 11:10,2026-09-21 11:07,Adventure Isle,16370,Junior Explorers Camp,1,5
2026-09-21 11:10,2026-09-21 11:07,Adventure Isle,2986,Roaring Rapids,1,10
2026-09-21 11:10,2026-09-21 11:07,Adventure Isle,3002,Soaring Over the Horizon,1,50
2026-09-21 11:10,2026-09-21 11:07,Adventure Isle,3901,Vista Trail at Camp Discovery,1,0
2026-09-21 11:10,2026-09-21 11:07,Fantasyland,3080,“Once Upon a Time” Adventure,1,5
2026-09-21 11:10,2026-09-21 11:07,Fantasyland,2987,Alice in Wonderland Maze,1,5
2026-09-21 11:10,2026-09-21 11:07,Fantasyland,2988,Hunny Pot Spin,1,15
2026-09-21 11:10,2026-09-21 11:07,Fantasyland,2989,Peter Pan’s Flight,1,15
2026-09-21 11:10,2026-09-21 11:07,Fantasyland,2990,Seven Dwarfs Mine Train,1,65
2026-09-21 11:10,2026-09-21 11:07,Fantasyland,13818,Seven Dwarfs Mine Train Single Rider,1,0
2026-09-21 11:10,2026-09-21 11:07,Fantasyland,2991,The Many Adventures of Winnie the Pooh,1,30
2026-09-21 11:10,2026-09-21 11:07,Fantasyland,2992,Voyage to the Crystal Grotto,0,0
2026-09-21 11:10,2026-09-21 11:07,Gardens of Imagination,3896,Become Iron Man at the Marvel Universe,1,5
2026-09-21 11:10,2026-09-21 11:07,Gardens of Imagination,2993,Dumbo the Flying Elephant,1,40
2026-09-21 11:10,2026-09-21 11:07,Gardens of Imagination,2994,Fantasia Carousel,1,5
2026-09-21 11:10,2026-09-21 11:07,Gardens of Imagination,3082,Marvel Universe,1,0
2026-09-21 11:10,2026-09-21 11:07,Tomorrowland,2999,Buzz Lightyear Planet Rescue,1,5
2026-09-21 11:10,2026-09-21 11:07,Tomorrowland,3000,Jet Packs,1,20
2026-09-21 11:10,2026-09-21 11:07,Tomorrowland,16392,Pixar Adventurous Journey,1,5
2026-09-21 11:10,2026-09-21 11:07,Tomorrowland,3001,Space Chat With Stitch,0,0
2026-09-21 11:10,2026-09-21 11:07,Tomorrowland,2985,TRON Lightcycle Power Run – Presented by Chevrolet,1,75
2026-09-21 11:10,2026-09-21 11:07,Tomorrowland,4076,"TRON Realm, Chevrolet Digital Challenge",1,0
2026-09-21 11:10,2026-09-21 11:07,Toy Story Land,5633,Rex’s Racer,1,40
2026-09-21 11:10,2026-09-21 11:07,Toy Story Land,5634,Slinky Dog Spin,1,10
2026-09-21 11:10,2026-09-21 11:07,Toy Story Land,5635,Woody’s Roundup,1,30
2026-09-21 11:10,2026-09-21 11:07,Treasure Cove,2995,Explorer Canoes,0,0
2026-09-21 11:10,2026-09-21 11:07,Treasure Cove,2996,Pirates of the Caribbean Battle for the Sunken Treasure,1,10
2026-09-21 11:10,2026-09-21 11:07,Treasure Cove,2997,Shipwreck Shore,1,5
2026-09-21 11:10,2026-09-21 11:07,Treasure Cove,2998,Siren's Revenge,1,5
2026-09-21 11:10,2026-09-21 11:07,Zootopia,13819,Zootopia Hot Pursuit Single Rider,1,0
2026-09-21 11:10,2026-09-21 11:07,Zootopia,12392,Zootopia: Hot Pursuit,1,50
2026-09-21 11:15,2026-09-21 11:12,Adventure Isle,3893,Challenge Trails at Camp Discovery,1,5
2026-09-21 11:15,2026-09-21 11:12,Adventure Isle,16370,Junior Explorers Camp,1,5
2026-09-21 11:15,2026-09-21 11:12,Adventure Isle,2986,Roaring Rapids,1,10
2026-09-21 11:15,2026-09-21 11:12,Adventure Isle,3002,Soaring Over the Horizon,1,50
2026-09-21 11:15,2026-09-21 11:12,Adventure Isle,3901,Vista Trail at Camp Discovery,1,0
2026-09-21 11:15,2026-09-21 11:12,Fantasyland,3080,“Once Upon a Time” Adventure,1,5
2026-09-21 11:15,2026-09-21 11:12,Fantasyland,2987,Alice in Wonderland Maze,1,5
2026-09-21 11:15,2026-09-21 11:12,Fantasyland,2988,Hunny Pot Spin,1,15
2026-09-21 11:15,2026-09-21 11:12,Fantasyland,2989,Peter Pan’s Flight,1,20
2026-09-21 11:15,2026-09-21 11:12,Fantasyland,2990,Seven Dwarfs Mine Train,1,65
2026-09-21 11:15,2026-09-21 11:12,Fantasyland,13818,Seven Dwarfs Mine Train Single Rider,1,0
2026-09-21 11:15,2026-09-21 11:12,Fantasyland,2991,The Many Adventures of Winnie the Pooh,1,30
2026-09-21 11:15,2026-09-21 11:12,Fantasyland,2992,Voyage to the Crystal Grotto,0,0
2026-09-21 11:15,2026-09-21 11:12,Gardens of Imagination,3896,Become Iron Man at the Marvel Universe,1,5
2026-09-21 11:15,2026-09-21 11:12,Gardens of Imagination,2993,Dumbo the Flying Elephant,1,40
2026-09-21 11:15,2026-09-21 11:12,Gardens of Imagination,2994,Fantasia Carousel,1,5
2026-09-21 11:15,2026-09-21 11:12,Gardens of Imagination,3082,Marvel Universe,1,0
2026-09-21 11:15,2026-09-21 11:12,Tomorrowland,2999,Buzz Lightyear Planet Rescue,1,5
2026-09-21 11:15,2026-09-21 11:12,Tomorrowland,3000,Jet Packs,1,20
2026-09-21 11:15,2026-09-21 11:12,Tomorrowland,16392,Pixar Adventurous Journey,1,5
2026-09-21 11:15,2026-09-21 11:12,Tomorrowland,3001,Space Chat With Stitch,0,0
2026-09-21 11:15,2026-09-21 11:12,Tomorrowland,2985,TRON Lightcycle Power Run – Presented by Chevrolet,1,75
2026-09-21 11:15,2026-09-21 11:12,Tomorrowland,4076,"TRON Realm, Chevrolet Digital Challenge",1,0
2026-09-21 11:15,2026-09-21 11:12,Toy Story Land,5633,Rex’s Racer,1,40
2026-09-21 11:15,2026-09-21 11:12,Toy Story Land,5634,Slinky Dog Spin,1,10
2026-09-21 11:15,2026-09-21 11:12,Toy Story Land,5635,Woody’s Roundup,1,30
2026-09-21 11:15,2026-09-21 11:12,Treasure Cove,2995,Explorer Canoes,0,0
2026-09-21 11:15,2026-09-21 11:12,Treasure Cove,2996,Pirates of the Caribbean Battle for the Sunken Treasure,1,10
2026-09-21 11:15,2026-09-21 11:12,Treasure Cove,2997,Shipwreck Shore,1,5
2026-09-21 11:15,2026-09-21 11:12,Treasure Cove,2998,Siren's Revenge,1,5
2026-09-21 11:15,2026-09-21 11:12,Zootopia,13819,Zootopia Hot Pursuit Single Rider,1,0
2026-09-21 11:15,2026-09-21 11:12,Zootopia,12392,Zootopia: Hot Pursuit,1,50
2026-09-21 11:20,2026-09-21 11:18,Adventure Isle,3893,Challenge Trails at Camp Discovery,1,5
2026-09-21 11:20,2026-09-21 11:18,Adventure Isle,16370,Junior Explorers Camp,1,5
2026-09-21 11:20,2026-09-21 11:18,Adventure Isle,2986,Roaring Rapids,1,15
2026-09-21 11:20,2026-09-21 11:18,Adventure Isle,3002,Soaring Over the Horizon,1,50
2026-09-21 11:20,2026-09-21 11:18,Adventure Isle,3901,Vista Trail at Camp Discovery,1,0
2026-09-21 11:20,2026-09-21 11:18,Fantasyland,3080,“Once Upon a Time” Adventure,1,5
2026-09-21 11:20,2026-09-21 11:18,Fantasyland,2987,Alice in Wonderland Maze,1,5
2026-09-21 11:20,2026-09-21 11:18,Fantasyland,2988,Hunny Pot Spin,1,15
2026-09-21 11:20,2026-09-21 11:18,Fantasyland,2989,Peter Pan’s Flight,1,20
2026-09-21 11:20,2026-09-21 11:18,Fantasyland,2990,Seven Dwarfs Mine Train,1,65
2026-09-21 11:20,2026-09-21 11:18,Fantasyland,13818,Seven Dwarfs Mine Train Single Rider,1,0
2026-09-21 11:20,2026-09-21 11:18,Fantasyland,2991,The Many Adventures of Winnie the Pooh,1,40
2026-09-21 11:20,2026-09-21 11:18,Fantasyland,2992,Voyage to the Crystal Grotto,0,0
2026-09-21 11:20,2026-09-21 11:18,Gardens of Imagination,3896,Become Iron Man at the Marvel Universe,1,5
2026-09-21 11:20,2026-09-21 11:18,Gardens of Imagination,2993,Dumbo the Flying Elephant,1,30
2026-09-21 11:20,2026-09-21 11:18,Gardens of Imagination,2994,Fantasia Carousel,1,5
2026-09-21 11:20,2026-09-21 11:18,Gardens of Imagination,3082,Marvel Universe,1,0
2026-09-21 11:20,2026-09-21 11:18,Tomorrowland,2999,Buzz Lightyear Planet Rescue,1,5
2026-09-21 11:20,2026-09-21 11:18,Tomorrowland,3000,Jet Packs,1,20
2026-09-21 11:20,2026-09-21 11:18,Tomorrowland,16392,Pixar Adventurous Journey,1,5
2026-09-21 11:20,2026-09-21 11:18,Tomorrowland,3001,Space Chat With Stitch,0,0
2026-09-21 11:20,2026-09-21 11:18,Tomorrowland,2985,TRON Lightcycle Power Run – Presented by Chevrolet,1,75
2026-09-21 11:20,2026-09-21 11:18,Tomorrowland,4076,"TRON Realm, Chevrolet Digital Challenge",1,0
2026-09-21 11:20,2026-09-21 11:18,Toy Story Land,5633,Rex’s Racer,1,40
2026-09-21 11:20,2026-09-21 11:18,Toy Story Land,5634,Slinky Dog Spin,1,10
2026-09-21 11:20,2026-09-21 11:18,Toy Story Land,5635,Woody’s Roundup,1,30
2026-09-21 11:20,2026-09-21 11:18,Treasure Cove,2995,Explorer Canoes,0,0
2026-09-21 11:20,2026-09-21 11:18,Treasure Cove,2996,Pirates of the Caribbean Battle for the Sunken Treasure,1,15
2026-09-21 11:20,2026-09-21 11:18,Treasure Cove,2997,Shipwreck Shore,1,5
2026-09-21 11:20,2026-09-21 11:18,Treasure Cove,2998,Siren's Revenge,1,5
2026-09-21 11:20,2026-09-21 11:18,Zootopia,13819,Zootopia Hot Pursuit Single Rider,1,0
2026-09-21 11:20,2026-09-21 11:18,Zootopia,12392,Zootopia: Hot Pursuit,1,50
2026-09-21 11:25,2026-09-21 11:22,Adventure Isle,3893,Challenge Trails at Camp Discovery,1,5
2026-09-21 11:25,2026-09-21 11:22,Adventure Isle,16370,Junior Explorers Camp,1,5
2026-09-21 11:25,2026-09-21 11:22,Adventure Isle,2986,Roaring Rapids,1,15
2026-09-21 11:25,2026-09-21 11:22,Adventure Isle,3002,Soaring Over the Horizon,1,45
2026-09-21 11:25,2026-09-21 11:22,Adventure Isle,3901,Vista Trail at Camp Discovery,1,0
2026-09-21 11:25,2026-09-21 11:22,Fantasyland,3080,“Once Upon a Time” Adventure,1,5
2026-09-21 11:25,2026-09-21 11:22,Fantasyland,2987,Alice in Wonderland Maze,1,5
2026-09-21 11:25,2026-09-21 11:22,Fantasyland,2988,Hunny Pot Spin,1,15
2026-09-21 11:25,2026-09-21 11:22,Fantasyland,2989,Peter Pan’s Flight,1,20
2026-09-21 11:25,2026-09-21 11:22,Fantasyland,2990,Seven Dwarfs Mine Train,1,65
2026-09-21 11:25,2026-09-21 11:22,Fantasyland,13818,Seven Dwarfs Mine Train Single Rider,1,0
2026-09-21 11:25,2026-09-21 11:22,Fantasyland,2991,The Many Adventures of Winnie the Pooh,1,35
2026-09-21 11:25,2026-09-21 11:22,Fantasyland,2992,Voyage to the Crystal Grotto,0,0
2026-09-21 11:25,2026-09-21 11:22,Gardens of Imagination,3896,Become Iron Man at the Marvel Universe,1,5
2026-09-21 11:25,2026-09-21 11:22,Gardens of Imagination,2993,Dumbo the Flying Elephant,1,30
2026-09-21 11:25,2026-09-21 11:22,Gardens of Imagination,2994,Fantasia Carousel,1,5
2026-09-21 11:25,2026-09-21 11:22,Gardens of Imagination,3082,Marvel Universe,1,0
2026-09-21 11:25,2026-09-21 11:22,Tomorrowland,2999,Buzz Lightyear Planet Rescue,1,5
2026-09-21 11:25,2026-09-21 11:22,Tomorrowland,3000,Jet Packs,1,20
2026-09-21 11:25,2026-09-21 11:22,Tomorrowland,16392,Pixar Adventurous Journey,1,5
2026-09-21 11:25,2026-09-21 11:22,Tomorrowland,3001,Space Chat With Stitch,0,0
2026-09-21 11:25,2026-09-21 11:22,Tomorrowland,2985,TRON Lightcycle Power Run – Presented by Chevrolet,1,75
2026-09-21 11:25,2026-09-21 11:22,Tomorrowland,4076,"TRON Realm, Chevrolet Digital Challenge",1,0
2026-09-21 11:25,2026-09-21 11:22,Toy Story Land,5633,Rex’s Racer,1,40
2026-09-21 11:25,2026-09-21 11:22,Toy Story Land,5634,Slinky Dog Spin,0,0
2026-09-21 11:25,2026-09-21 11:22,Toy Story Land,5635,Woody’s Roundup,1,30
2026-09-21 11:25,2026-09-21 11:22,Treasure Cove,2995,Explorer Canoes,0,0
2026-09-21 11:25,2026-09-21 11:22,Treasure Cove,2996,Pirates of the Caribbean Battle for the Sunken Treasure,1,15
2026-09-21 11:25,2026-09-21 11:22,Treasure Cove,2997,Shipwreck Shore,1,5
2026-09-21 11:25,2026-09-21 11:22,Treasure Cove,2998,Siren's Revenge,1,5
2026-09-21 11:25,2026-09-21 11:22,Zootopia,13819,Zootopia Hot Pursuit Single Rider,1,0
2026-09-21 11:25,2026-09-21 11:22,Zootopia,12392,Zootopia: Hot Pursuit,1,50
2026-09-21 11:30,2026-09-21 11:26,Adventure Isle,3893,Challenge Trails at Camp Discovery,1,5
2026-09-21 11:30,2026-09-21 11:26,Adventure Isle,16370,Junior Explorers Camp,1,5
2026-09-21 11:30,2026-09-21 11:26,Adventure Isle,2986,Roaring Rapids,1,25
2026-09-21 11:30,2026-09-21 11:26,Adventure Isle,3002,Soaring Over the Horizon,1,45
2026-09-21 11:30,2026-09-21 11:26,Adventure Isle,3901,Vista Trail at Camp Discovery,1,0
2026-09-21 11:30,2026-09-21 11:26,Fantasyland,3080,“Once Upon a Time” Adventure,1,5
2026-09-21 11:30,2026-09-21 11:26,Fantasyland,2987,Alice in Wonderland Maze,1,5
2026-09-21 11:30,2026-09-21 11:26,Fantasyland,2988,Hunny Pot Spin,1,15
2026-09-21 11:30,2026-09-21 11:26,Fantasyland,2989,Peter Pan’s Flight,1,25
2026-09-21 11:30,2026-09-21 11:26,Fantasyland,2990,Seven Dwarfs Mine Train,1,65
2026-09-21 11:30,2026-09-21 11:26,Fantasyland,13818,Seven Dwarfs Mine Train Single Rider,1,0
2026-09-21 11:30,2026-09-21 11:26,Fantasyland,2991,The Many Adventures of Winnie the Pooh,1,35
2026-09-21 11:30,2026-09-21 11:26,Fantasyland,2992,Voyage to the Crystal Grotto,0,0
2026-09-21 11:30,2026-09-21 11:26,Gardens of Imagination,3896,Become Iron Man at the Marvel Universe,1,5
2026-09-21 11:30,2026-09-21 11:26,Gardens of Imagination,2993,Dumbo the Flying Elephant,1,30
2026-09-21 11:30,2026-09-21 11:26,Gardens of Imagination,2994,Fantasia Carousel,1,10
2026-09-21 11:30,2026-09-21 11:26,Gardens of Imagination,3082,Marvel Universe,1,0
2026-09-21 11:30,2026-09-21 11:26,Tomorrowland,2999,Buzz Lightyear Planet Rescue,1,5
2026-09-21 11:30,2026-09-21 11:26,Tomorrowland,3000,Jet Packs,1,20
2026-09-21 11:30,2026-09-21 11:26,Tomorrowland,16392,Pixar Adventurous Journey,1,5
2026-09-21 11:30,2026-09-21 11:26,Tomorrowland,3001,Space Chat With Stitch,0,0
2026-09-21 11:30,2026-09-21 11:26,Tomorrowland,2985,TRON Lightcycle Power Run – Presented by Chevrolet,1,60
2026-09-21 11:30,2026-09-21 11:26,Tomorrowland,4076,"TRON Realm, Chevrolet Digital Challenge",1,0
2026-09-21 11:30,2026-09-21 11:26,Toy Story Land,5633,Rex’s Racer,1,40
2026-09-21 11:30,2026-09-21 11:26,Toy Story Land,5634,Slinky Dog Spin,0,0
2026-09-21 11:30,2026-09-21 11:26,Toy Story Land,5635,Woody’s Roundup,1,30
2026-09-21 11:30,2026-09-21 11:26,Treasure Cove,2995,Explorer Canoes,0,0
2026-09-21 11:30,2026-09-21 11:26,Treasure Cove,2996,Pirates of the Caribbean Battle for the Sunken Treasure,1,15
2026-09-21 11:30,2026-09-21 11:26,Treasure Cove,2997,Shipwreck Shore,1,5
2026-09-21 11:30,2026-09-21 11:26,Treasure Cove,2998,Siren's Revenge,1,5
2026-09-21 11:30,2026-09-21 11:26,Zootopia,13819,Zootopia Hot Pursuit Single Rider,1,0
2026-09-21 11:30,2026-09-21 11:26,Zootopia,12392,Zootopia: Hot Pursuit,1,50
2026-09-21 11:35,2026-09-21 11:32,Adventure Isle,3893,Challenge Trails at Camp Discovery,1,5
2026-09-21 11:35,2026-09-21 11:32,Adventure Isle,16370,Junior Explorers Camp,1,5
2026-09-21 11:35,2026-09-21 11:32,Adventure Isle,2986,Roaring Rapids,1,20
2026-09-21 11:35,2026-09-21 11:32,Adventure Isle,3002,Soaring Over the Horizon,1,45
2026-09-21 11:35,2026-09-21 11:32,Adventure Isle,3901,Vista Trail at Camp Discovery,1,0
2026-09-21 11:35,2026-09-21 11:32,Fantasyland,3080,“Once Upon a Time” Adventure,1,5
2026-09-21 11:35,2026-09-21 11:32,Fantasyland,2987,Alice in Wonderland Maze,1,5
2026-09-21 11:35,2026-09-21 11:32,Fantasyland,2988,Hunny Pot Spin,1,10
2026-09-21 11:35,2026-09-21 11:32,Fantasyland,2989,Peter Pan’s Flight,1,20
2026-09-21 11:35,2026-09-21 11:32,Fantasyland,2990,Seven Dwarfs Mine Train,1,65
2026-09-21 11:35,2026-09-21 11:32,Fantasyland,13818,Seven Dwarfs Mine Train Single Rider,1,0
2026-09-21 11:35,2026-09-21 11:32,Fantasyland,2991,The Many Adventures of Winnie the Pooh,1,35
2026-09-21 11:35,2026-09-21 11:32,Fantasyland,2992,Voyage to the Crystal Grotto,0,0
2026-09-21 11:35,2026-09-21 11:32,Gardens of Imagination,3896,Become Iron Man at the Marvel Universe,1,5
2026-09-21 11:35,2026-09-21 11:32,Gardens of Imagination,2993,Dumbo the Flying Elephant,1,30
2026-09-21 11:35,2026-09-21 11:32,Gardens of Imagination,2994,Fantasia Carousel,1,10
2026-09-21 11:35,2026-09-21 11:32,Gardens of Imagination,3082,Marvel Universe,1,0
2026-09-21 11:35,2026-09-21 11:32,Tomorrowland,2999,Buzz Lightyear Planet Rescue,1,5
2026-09-21 11:35,2026-09-21 11:32,Tomorrowland,3000,Jet Packs,1,20
2026-09-21 11:35,2026-09-21 11:32,Tomorrowland,16392,Pixar Adventurous Journey,1,5
2026-09-21 11:35,2026-09-21 11:32,Tomorrowland,3001,Space Chat With Stitch,0,0
2026-09-21 11:35,2026-09-21 11:32,Tomorrowland,2985,TRON Lightcycle Power Run – Presented by Chevrolet,1,60
2026-09-21 11:35,2026-09-21 11:32,Tomorrowland,4076,"TRON Realm, Chevrolet Digital Challenge",1,0
2026-09-21 11:35,2026-09-21 11:32,Toy Story Land,5633,Rex’s Racer,1,40
2026-09-21 11:35,2026-09-21 11:32,Toy Story Land,5634,Slinky Dog Spin,1,20
2026-09-21 11:35,2026-09-21 11:32,Toy Story Land,5635,Woody’s Roundup,1,30
2026-09-21 11:35,2026-09-21 11:32,Treasure Cove,2995,Explorer Canoes,0,0
2026-09-21 11:35,2026-09-21 11:32,Treasure Cove,2996,Pirates of the Caribbean Battle for the Sunken Treasure,1,15
2026-09-21 11:35,2026-09-21 11:32,Treasure Cove,2997,Shipwreck Shore,1,5
2026-09-21 11:35,2026-09-21 11:32,Treasure Cove,2998,Siren's Revenge,1,5
2026-09-21 11:35,2026-09-21 11:32,Zootopia,13819,Zootopia Hot Pursuit Single Rider,1,0
2026-09-21 11:35,2026-09-21 11:32,Zootopia,12392,Zootopia: Hot Pursuit,1,50
2026-09-21 11:40,2026-09-21 11:37,Adventure Isle,3893,Challenge Trails at Camp Discovery,1,5
2026-09-21 11:40,2026-09-21 11:37,Adventure Isle,16370,Junior Explorers Camp,1,5
2026-09-21 11:40,2026-09-21 11:37,Adventure Isle,2986,Roaring Rapids,1,20
2026-09-21 11:40,2026-09-21 11:37,Adventure Isle,3002,Soaring Over the Horizon,1,45
2026-09-21 11:40,2026-09-21 11:37,Adventure Isle,3901,Vista Trail at Camp Discovery,1,0
2026-09-21 11:40,2026-09-21 11:37,Fantasyland,3080,“Once Upon a Time” Adventure,1,5
2026-09-21 11:40,2026-09-21 11:37,Fantasyland,2987,Alice in Wonderland Maze,1,5
2026-09-21 11:40,2026-09-21 11:37,Fantasyland,2988,Hunny Pot Spin,1,10
2026-09-21 11:40,2026-09-21 11:37,Fantasyland,2989,Peter Pan’s Flight,1,20
2026-09-21 11:40,2026-09-21 11:37,Fantasyland,2990,Seven Dwarfs Mine Train,1,65
2026-09-21 11:40,2026-09-21 11:37,Fantasyland,13818,Seven Dwarfs Mine Train Single Rider,1,0
2026-09-21 11:40,2026-09-21 11:37,Fantasyland,2991,The Many Adventures of Winnie the Pooh,1,35
2026-09-21 11:40,2026-09-21 11:37,Fantasyland,2992,Voyage to the Crystal Grotto,0,0
2026-09-21 11:40,2026-09-21 11:37,Gardens of Imagination,3896,Become Iron Man at the Marvel Universe,1,5
2026-09-21 11:40,2026-09-21 11:37,Gardens of Imagination,2993,Dumbo the Flying Elephant,1,20
2026-09-21 11:40,2026-09-21 11:37,Gardens of Imagination,2994,Fantasia Carousel,1,10
2026-09-21 11:40,2026-09-21 11:37,Gardens of Imagination,3082,Marvel Universe,1,0
2026-09-21 11:40,2026-09-21 11:37,Tomorrowland,2999,Buzz Lightyear Planet Rescue,1,5
2026-09-21 11:40,2026-09-21 11:37,Tomorrowland,3000,Jet Packs,1,20
2026-09-21 11:40,2026-09-21 11:37,Tomorrowland,16392,Pixar Adventurous Journey,1,5
2026-09-21 11:40,2026-09-21 11:37,Tomorrowland,3001,Space Chat With Stitch,0,0
2026-09-21 11:40,2026-09-21 11:37,Tomorrowland,2985,TRON Lightcycle Power Run – Presented by Chevrolet,1,60
2026-09-21 11:40,2026-09-21 11:37,Tomorrowland,4076,"TRON Realm, Chevrolet Digital Challenge",1,0
2026-09-21 11:40,2026-09-21 11:37,Toy Story Land,5633,Rex’s Racer,1,50
2026-09-21 11:40,2026-09-21 11:37,Toy Story Land,5634,Slinky Dog Spin,1,20
2026-09-21 11:40,2026-09-21 11:37,Toy Story Land,5635,Woody’s Roundup,1,30
2026-09-21 11:40,2026-09-21 11:37,Treasure Cove,2995,Explorer Canoes,0,0
2026-09-21 11:40,2026-09-21 11:37,Treasure Cove,2996,Pirates of the Caribbean Battle for the Sunken Treasure,1,20
2026-09-21 11:40,2026-09-21 11:37,Treasure Cove,2997,Shipwreck Shore,1,5
2026-09-21 11:40,2026-09-21 11:37,Treasure Cove,2998,Siren's Revenge,1,5
2026-09-21 11:40,2026-09-21 11:37,Zootopia,13819,Zootopia Hot Pursuit Single Rider,1,0
2026-09-21 11:40,2026-09-21 11:37,Zootopia,12392,Zootopia: Hot Pursuit,1,40
2026-09-21 11:45,2026-09-21 11:42,Adventure Isle,3893,Challenge Trails at Camp Discovery,1,5
2026-09-21 11:45,2026-09-21 11:42,Adventure Isle,16370,Junior Explorers Camp,1,5
2026-09-21 11:45,2026-09-21 11:42,Adventure Isle,2986,Roaring Rapids,1,20
2026-09-21 11:45,2026-09-21 11:42,Adventure Isle,3002,Soaring Over the Horizon,1,45
2026-09-21 11:45,2026-09-21 11:42,Adventure Isle,3901,Vista Trail at Camp Discovery,1,0
2026-09-21 11:45,2026-09-21 11:42,Fantasyland,3080,“Once Upon a Time” Adventure,1,5
2026-09-21 11:45,2026-09-21 11:42,Fantasyland,2987,Alice in Wonderland Maze,1,5
2026-09-21 11:45,2026-09-21 11:42,Fantasyland,2988,Hunny Pot Spin,1,5
2026-09-21 11:45,2026-09-21 11:42,Fantasyland,2989,Peter Pan’s Flight,1,10
2026-09-21 11:45,2026-09-21 11:42,Fantasyland,2990,Seven Dwarfs Mine Train,1,65
2026-09-21 11:45,2026-09-21 11:42,Fantasyland,13818,Seven Dwarfs Mine Train Single Rider,1,0
2026-09-21 11:45,2026-09-21 11:42,Fantasyland,2991,The Many Adventures of Winnie the Pooh,1,30
2026-09-21 11:45,2026-09-21 11:42,Fantasyland,2992,Voyage to the Crystal Grotto,0,0
2026-09-21 11:45,2026-09-21 11:42,Gardens of Imagination,3896,Become Iron Man at the Marvel Universe,1,5
2026-09-21 11:45,2026-09-21 11:42,Gardens of Imagination,2993,Dumbo the Flying Elephant,1,15
2026-09-21 11:45,2026-09-21 11:42,Gardens of Imagination,2994,Fantasia Carousel,1,10
2026-09-21 11:45,2026-09-21 11:42,Gardens of Imagination,3082,Marvel Universe,1,0
2026-09-21 11:45,2026-09-21 11:42,Tomorrowland,2999,Buzz Lightyear Planet Rescue,1,5
2026-09-21 11:45,2026-09-21 11:42,Tomorrowland,3000,Jet Packs,1,20
2026-09-21 11:45,2026-09-21 11:42,Tomorrowland,16392,Pixar Adventurous Journey,1,5
2026-09-21 11:45,2026-09-21 11:42,Tomorrowland,3001,Space Chat With Stitch,0,0
2026-09-21 11:45,2026-09-21 11:42,Tomorrowland,2985,TRON Lightcycle Power Run – Presented by Chevrolet,1,60
2026-09-21 11:45,2026-09-21 11:42,Tomorrowland,4076,"TRON Realm, Chevrolet Digital Challenge",1,0
2026-09-21 11:45,2026-09-21 11:42,Toy Story Land,5633,Rex’s Racer,1,60
2026-09-21 11:45,2026-09-21 11:42,Toy Story Land,5634,Slinky Dog Spin,1,20
2026-09-21 11:45,2026-09-21 11:42,Toy Story Land,5635,Woody’s Roundup,1,30
2026-09-21 11:45,2026-09-21 11:42,Treasure Cove,2995,Explorer Canoes,0,0
2026-09-21 11:45,2026-09-21 11:42,Treasure Cove,2996,Pirates of the Caribbean Battle for the Sunken Treasure,1,20
2026-09-21 11:45,2026-09-21 11:42,Treasure Cove,2997,Shipwreck Shore,1,5
2026-09-21 11:45,2026-09-21 11:42,Treasure Cove,2998,Siren's Revenge,1,5
2026-09-21 11:45,2026-09-21 11:42,Zootopia,13819,Zootopia Hot Pursuit Single Rider,1,0
2026-09-21 11:45,2026-09-21 11:42,Zootopia,12392,Zootopia: Hot Pursuit,1,40
2026-09-21 11:50,2026-09-21 11:47,Adventure Isle,3893,Challenge Trails at Camp Discovery,1,5
2026-09-21 11:50,2026-09-21 11:47,Adventure Isle,16370,Junior Explorers Camp,1,5
2026-09-21 11:50,2026-09-21 11:47,Adventure Isle,2986,Roaring Rapids,1,20
2026-09-21 11:50,2026-09-21 11:47,Adventure Isle,3002,Soaring Over the Horizon,1,45
2026-09-21 11:50,2026-09-21 11:47,Adventure Isle,3901,Vista Trail at Camp Discovery,1,0
2026-09-21 11:50,2026-09-21 11:47,Fantasyland,3080,“Once Upon a Time” Adventure,1,5
2026-09-21 11:50,2026-09-21 11:47,Fantasyland,2987,Alice in Wonderland Maze,1,5
2026-09-21 11:50,2026-09-21 11:47,Fantasyland,2988,Hunny Pot Spin,1,5
2026-09-21 11:50,2026-09-21 11:47,Fantasyland,2989,Peter Pan’s Flight,1,5
2026-09-21 11:50,2026-09-21 11:47,Fantasyland,2990,Seven Dwarfs Mine Train,1,65
2026-09-21 11:50,2026-09-21 11:47,Fantasyland,13818,Seven Dwarfs Mine Train Single Rider,1,0
2026-09-21 11:50,2026-09-21 11:47,Fantasyland,2991,The Many Adventures of Winnie the Pooh,1,30
2026-09-21 11:50,2026-09-21 11:47,Fantasyland,2992,Voyage to the Crystal Grotto,0,0
2026-09-21 11:50,2026-09-21 11:47,Gardens of Imagination,3896,Become Iron Man at the Marvel Universe,1,5
2026-09-21 11:50,2026-09-21 11:47,Gardens of Imagination,2993,Dumbo the Flying Elephant,1,15
2026-09-21 11:50,2026-09-21 11:47,Gardens of Imagination,2994,Fantasia Carousel,1,10
2026-09-21 11:50,2026-09-21 11:47,Gardens of Imagination,3082,Marvel Universe,1,0
2026-09-21 11:50,2026-09-21 11:47,Tomorrowland,2999,Buzz Lightyear Planet Rescue,1,5
2026-09-21 11:50,2026-09-21 11:47,Tomorrowland,3000,Jet Packs,1,20
2026-09-21 11:50,2026-09-21 11:47,Tomorrowland,16392,Pixar Adventurous Journey,1,5
2026-09-21 11:50,2026-09-21 11:47,Tomorrowland,3001,Space Chat With Stitch,0,0
2026-09-21 11:50,2026-09-21 11:47,Tomorrowland,2985,TRON Lightcycle Power Run – Presented by Chevrolet,1,60
2026-09-21 11:50,2026-09-21 11:47,Tomorrowland,4076,"TRON Realm, Chevrolet Digital Challenge",1,0
2026-09-21 11:50,2026-09-21 11:47,Toy Story Land,5633,Rex’s Racer,1,60
2026-09-21 11:50,2026-09-21 11:47,Toy Story Land,5634,Slinky Dog Spin,1,20
2026-09-21 11:50,2026-09-21 11:47,Toy Story Land,5635,Woody’s Roundup,1,10
2026-09-21 11:50,2026-09-21 11:47,Treasure Cove,2995,Explorer Canoes,0,0
2026-09-21 11:50,2026-09-21 11:47,Treasure Cove,2996,Pirates of the Caribbean Battle for the Sunken Treasure,1,20
2026-09-21 11:50,2026-09-21 11:47,Treasure Cove,2997,Shipwreck Shore,1,5
2026-09-21 11:50,2026-09-21 11:47,Treasure Cove,2998,Siren's Revenge,1,5
2026-09-21 11:50,2026-09-21 11:47,Zootopia,13819,Zootopia Hot Pursuit Single Rider,1,0
2026-09-21 11:50,2026-09-21 11:47,Zootopia,12392,Zootopia: Hot Pursuit,1,40
2026-09-21 11:55,2026-09-21 11:52,Adventure Isle,3893,Challenge Trails at Camp Discovery,1,5
2026-09-21 11:55,2026-09-21 11:52,Adventure Isle,16370,Junior Explorers Camp,1,5
2026-09-21 11:55,2026-09-21 11:52,Adventure Isle,2986,Roaring Rapids,1,20
2026-09-21 11:55,2026-09-21 11:52,Adventure Isle,3002,Soaring Over the Horizon,1,35
2026-09-21 11:55,2026-09-21 11:52,Adventure Isle,3901,Vista Trail at Camp Discovery,1,0
2026-09-21 11:55,2026-09-21 11:52,Fantasyland,3080,“Once Upon a Time” Adventure,1,5
2026-09-21 11:55,2026-09-21 11:52,Fantasyland,2987,Alice in Wonderland Maze,1,5
2026-09-21 11:55,2026-09-21 11:52,Fantasyland,2988,Hunny Pot Spin,1,5
2026-09-21 11:55,2026-09-21 11:52,Fantasyland,2989,Peter Pan’s Flight,1,5
2026-09-21 11:55,2026-09-21 11:52,Fantasyland,2990,Seven Dwarfs Mine Train,1,60
2026-09-21 11:55,2026-09-21 11:52,Fantasyland,13818,Seven Dwarfs Mine Train Single Rider,1,0
2026-09-21 11:55,2026-09-21 11:52,Fantasyland,2991,The Many Adventures of Winnie the Pooh,1,25
2026-09-21 11:55,2026-09-21 11:52,Fantasyland,2992,Voyage to the Crystal Grotto,0,0
2026-09-21 11:55,2026-09-21 11:52,Gardens of Imagination,3896,Become Iron Man at the Marvel Universe,1,5
2026-09-21 11:55,2026-09-21 11:52,Gardens of Imagination,2993,Dumbo the Flying Elephant,1,15
2026-09-21 11:55,2026-09-21 11:52,Gardens of Imagination,2994,Fantasia Carousel,1,10
2026-09-21 11:55,2026-09-21 11:52,Gardens of Imagination,3082,Marvel Universe,1,0
2026-09-21 11:55,2026-09-21 11:52,Tomorrowland,2999,Buzz Lightyear Planet Rescue,1,5
2026-09-21 11:55,2026-09-21 11:52,Tomorrowland,3000,Jet Packs,1,20
2026-09-21 11:55,2026-09-21 11:52,Tomorrowland,16392,Pixar Adventurous Journey,1,5
2026-09-21 11:55,2026-09-21 11:52,Tomorrowland,3001,Space Chat With Stitch,0,0
2026-09-21 11:55,2026-09-21 11:52,Tomorrowland,2985,TRON Lightcycle Power Run – Presented by Chevrolet,1,60
2026-09-21 11:55,2026-09-21 11:52,Tomorrowland,4076,"TRON Realm, Chevrolet Digital Challenge",1,0
2026-09-21 11:55,2026-09-21 11:52,Toy Story Land,5633,Rex’s Racer,1,50
2026-09-21 11:55,2026-09-21 11:52,Toy Story Land,5634,Slinky Dog Spin,1,20
2026-09-21 11:55,2026-09-21 11:52,Toy Story Land,5635,Woody’s Roundup,1,10
2026-09-21 11:55,2026-09-21 11:52,Treasure Cove,2995,Explorer Canoes,0,0
2026-09-21 11:55,2026-09-21 11:52,Treasure Cove,2996,Pirates of the Caribbean Battle for the Sunken Treasure,1,20
2026-09-21 11:55,2026-09-21 11:52,Treasure Cove,2997,Shipwreck Shore,1,5
2026-09-21 11:55,2026-09-21 11:52,Treasure Cove,2998,Siren's Revenge,1,5
2026-09-21 11:55,2026-09-21 11:52,Zootopia,13819,Zootopia Hot Pursuit Single Rider,1,0
2026-09-21 11:55,2026-09-21 11:52,Zootopia,12392,Zootopia: Hot Pursuit,1,40
2026-09-21 12:00,2026-09-21 11:57,Adventure Isle,3893,Challenge Trails at Camp Discovery,1,5
2026-09-21 12:00,2026-09-21 11:57,Adventure Isle,16370,Junior Explorers Camp,1,5
2026-09-21 12:00,2026-09-21 11:57,Adventure Isle,2986,Roaring Rapids,1,20
2026-09-21 12:00,2026-09-21 11:57,Adventure Isle,3002,Soaring Over the Horizon,1,25
2026-09-21 12:00,2026-09-21 11:57,Adventure Isle,3901,Vista Trail at Camp Discovery,1,0
2026-09-21 12:00,2026-09-21 11:57,Fantasyland,3080,“Once Upon a Time” Adventure,1,5
2026-09-21 12:00,2026-09-21 11:57,Fantasyland,2987,Alice in Wonderland Maze,1,5
2026-09-21 12:00,2026-09-21 11:57,Fantasyland,2988,Hunny Pot Spin,1,10
2026-09-21 12:00,2026-09-21 11:57,Fantasyland,2989,Peter Pan’s Flight,1,5
2026-09-21 12:00,2026-09-21 11:57,Fantasyland,2990,Seven Dwarfs Mine Train,1,60
2026-09-21 12:00,2026-09-21 11:57,Fantasyland,13818,Seven Dwarfs Mine Train Single Rider,1,0
2026-09-21 12:00,2026-09-21 11:57,Fantasyland,2991,The Many Adventures of Winnie the Pooh,1,25
2026-09-21 12:00,2026-09-21 11:57,Fantasyland,2992,Voyage to the Crystal Grotto,0,0
2026-09-21 12:00,2026-09-21 11:57,Gardens of Imagination,3896,Become Iron Man at the Marvel Universe,1,5
2026-09-21 12:00,2026-09-21 11:57,Gardens of Imagination,2993,Dumbo the Flying Elephant,1,15
2026-09-21 12:00,2026-09-21 11:57,Gardens of Imagination,2994,Fantasia Carousel,1,10
2026-09-21 12:00,2026-09-21 11:57,Gardens of Imagination,3082,Marvel Universe,1,0
2026-09-21 12:00,2026-09-21 11:57,Tomorrowland,2999,Buzz Lightyear Planet Rescue,1,5
2026-09-21 12:00,2026-09-21 11:57,Tomorrowland,3000,Jet Packs,1,20
2026-09-21 12:00,2026-09-21 11:57,Tomorrowland,16392,Pixar Adventurous Journey,1,5
2026-09-21 12:00,2026-09-21 11:57,Tomorrowland,3001,Space Chat With Stitch,0,0
2026-09-21 12:00,2026-09-21 11:57,Tomorrowland,2985,TRON Lightcycle Power Run – Presented by Chevrolet,1,60
2026-09-21 12:00,2026-09-21 11:57,Tomorrowland,4076,"TRON Realm, Chevrolet Digital Challenge",1,0
2026-09-21 12:00,2026-09-21 11:57,Toy Story Land,5633,Rex’s Racer,1,40
2026-09-21 12:00,2026-09-21 11:57,Toy Story Land,5634,Slinky Dog Spin,1,10
2026-09-21 12:00,2026-09-21 11:57,Toy Story Land,5635,Woody’s Roundup,1,10
2026-09-21 12:00,2026-09-21 11:57,Treasure Cove,2995,Explorer Canoes,0,0
2026-09-21 12:00,2026-09-21 11:57,Treasure Cove,2996,Pirates of the Caribbean Battle for the Sunken Treasure,1,20
2026-09-21 12:00,2026-09-21 11:57,Treasure Cove,2997,Shipwreck Shore,1,5
2026-09-21 12:00,2026-09-21 11:57,Treasure Cove,2998,Siren's Revenge,1,5
2026-09-21 12:00,2026-09-21 11:57,Zootopia,13819,Zootopia Hot Pursuit Single Rider,1,0
2026-09-21 12:00,2026-09-21 11:57,Zootopia,12392,Zootopia: Hot Pursuit,1,40
2026-09-21 12:05,2026-09-21 12:02,Adventure Isle,3893,Challenge Trails at Camp Discovery,1,5
2026-09-21 12:05,2026-09-21 12:02,Adventure Isle,16370,Junior Explorers Camp,1,5
2026-09-21 12:05,2026-09-21 12:02,Adventure Isle,2986,Roaring Rapids,1,15
2026-09-21 12:05,2026-09-21 12:02,Adventure Isle,3002,Soaring Over the Horizon,1,25
2026-09-21 12:05,2026-09-21 12:02,Adventure Isle,3901,Vista Trail at Camp Discovery,1,0
2026-09-21 12:05,2026-09-21 12:02,Fantasyland,3080,“Once Upon a Time” Adventure,1,5
2026-09-21 12:05,2026-09-21 12:02,Fantasyland,2987,Alice in Wonderland Maze,1,5
2026-09-21 12:05,2026-09-21 12:02,Fantasyland,2988,Hunny Pot Spin,1,10
2026-09-21 12:05,2026-09-21 12:02,Fantasyland,2989,Peter Pan’s Flight,1,5
2026-09-21 12:05,2026-09-21 12:02,Fantasyland,2990,Seven Dwarfs Mine Train,1,60
2026-09-21 12:05,2026-09-21 12:02,Fantasyland,13818,Seven Dwarfs Mine Train Single Rider,1,0
2026-09-21 12:05,2026-09-21 12:02,Fantasyland,2991,The Many Adventures of Winnie the Pooh,1,15
2026-09-21 12:05,2026-09-21 12:02,Fantasyland,2992,Voyage to the Crystal Grotto,0,0
2026-09-21 12:05,2026-09-21 12:02,Gardens of Imagination,3896,Become Iron Man at the Marvel Universe,1,5
2026-09-21 12:05,2026-09-21 12:02,Gardens of Imagination,2993,Dumbo the Flying Elephant,1,15
2026-09-21 12:05,2026-09-21 12:02,Gardens of Imagination,2994,Fantasia Carousel,1,5
2026-09-21 12:05,2026-09-21 12:02,Gardens of Imagination,3082,Marvel Universe,1,0
2026-09-21 12:05,2026-09-21 12:02,Tomorrowland,2999,Buzz Lightyear Planet Rescue,1,5
2026-09-21 12:05,2026-09-21 12:02,Tomorrowland,3000,Jet Packs,1,30
2026-09-21 12:05,2026-09-21 12:02,Tomorrowland,16392,Pixar Adventurous Journey,1,5
2026-09-21 12:05,2026-09-21 12:02,Tomorrowland,3001,Space Chat With Stitch,0,0
2026-09-21 12:05,2026-09-21 12:02,Tomorrowland,2985,TRON Lightcycle Power Run – Presented by Chevrolet,1,50
2026-09-21 12:05,2026-09-21 12:02,Tomorrowland,4076,"TRON Realm, Chevrolet Digital Challenge",1,0
2026-09-21 12:05,2026-09-21 12:02,Toy Story Land,5633,Rex’s Racer,1,40
2026-09-21 12:05,2026-09-21 12:02,Toy Story Land,5634,Slinky Dog Spin,1,10
2026-09-21 12:05,2026-09-21 12:02,Toy Story Land,5635,Woody’s Roundup,1,10
2026-09-21 12:05,2026-09-21 12:02,Treasure Cove,2995,Explorer Canoes,0,0
2026-09-21 12:05,2026-09-21 12:02,Treasure Cove,2996,Pirates of the Caribbean Battle for the Sunken Treasure,1,15
2026-09-21 12:05,2026-09-21 12:02,Treasure Cove,2997,Shipwreck Shore,1,5
2026-09-21 12:05,2026-09-21 12:02,Treasure Cove,2998,Siren's Revenge,1,5
2026-09-21 12:05,2026-09-21 12:02,Zootopia,13819,Zootopia Hot Pursuit Single Rider,1,0
2026-09-21 12:05,2026-09-21 12:02,Zootopia,12392,Zootopia: Hot Pursuit,1,40
2026-09-21 12:10,2026-09-21 12:07,Adventure Isle,3893,Challenge Trails at Camp Discovery,1,5
2026-09-21 12:10,2026-09-21 12:07,Adventure Isle,16370,Junior Explorers Camp,1,5
2026-09-21 12:10,2026-09-21 12:07,Adventure Isle,2986,Roaring Rapids,1,15
2026-09-21 12:10,2026-09-21 12:07,Adventure Isle,3002,Soaring Over the Horizon,1,35
2026-09-21 12:10,2026-09-21 12:07,Adventure Isle,3901,Vista Trail at Camp Discovery,1,0
2026-09-21 12:10,2026-09-21 12:07,Fantasyland,3080,“Once Upon a Time” Adventure,1,5
2026-09-21 12:10,2026-09-21 12:07,Fantasyland,2987,Alice in Wonderland Maze,1,5
2026-09-21 12:10,2026-09-21 12:07,Fantasyland,2988,Hunny Pot Spin,1,10
2026-09-21 12:10,2026-09-21 12:07,Fantasyland,2989,Peter Pan’s Flight,1,5
2026-09-21 12:10,2026-09-21 12:07,Fantasyland,2990,Seven Dwarfs Mine Train,1,50
2026-09-21 12:10,2026-09-21 12:07,Fantasyland,13818,Seven Dwarfs Mine Train Single Rider,1,0
2026-09-21 12:10,2026-09-21 12:07,Fantasyland,2991,The Many Adventures of Winnie the Pooh,1,15
2026-09-21 12:10,2026-09-21 12:07,Fantasyland,2992,Voyage to the Crystal Grotto,0,0
2026-09-21 12:10,2026-09-21 12:07,Gardens of Imagination,3896,Become Iron Man at the Marvel Universe,1,5
2026-09-21 12:10,2026-09-21 12:07,Gardens of Imagination,2993,Dumbo the Flying Elephant,1,15
2026-09-21 12:10,2026-09-21 12:07,Gardens of Imagination,2994,Fantasia Carousel,1,5
2026-09-21 12:10,2026-09-21 12:07,Gardens of Imagination,3082,Marvel Universe,1,0
2026-09-21 12:10,2026-09-21 12:07,Tomorrowland,2999,Buzz Lightyear Planet Rescue,1,5
2026-09-21 12:10,2026-09-21 12:07,Tomorrowland,3000,Jet Packs,1,30
2026-09-21 12:10,2026-09-21 12:07,Tomorrowland,16392,Pixar Adventurous Journey,1,5
2026-09-21 12:10,2026-09-21 12:07,Tomorrowland,3001,Space Chat With Stitch,1,15
2026-09-21 12:10,2026-09-21 12:07,Tomorrowland,2985,TRON Lightcycle Power Run – Presented by Chevrolet,1,50
2026-09-21 12:10,2026-09-21 12:07,Tomorrowland,4076,"TRON Realm, Chevrolet Digital Challenge",1,0
2026-09-21 12:10,2026-09-21 12:07,Toy Story Land,5633,Rex’s Racer,1,40
2026-09-21 12:10,2026-09-21 12:07,Toy Story Land,5634,Slinky Dog Spin,1,10
2026-09-21 12:10,2026-09-21 12:07,Toy Story Land,5635,Woody’s Roundup,1,10
2026-09-21 12:10,2026-09-21 12:07,Treasure Cove,2995,Explorer Canoes,0,0
2026-09-21 12:10,2026-09-21 12:07,Treasure Cove,2996,Pirates of the Caribbean Battle for the Sunken Treasure,1,15
2026-09-21 12:10,2026-09-21 12:07,Treasure Cove,2997,Shipwreck Shore,1,5
2026-09-21 12:10,2026-09-21 12:07,Treasure Cove,2998,Siren's Revenge,1,5
2026-09-21 12:10,2026-09-21 12:07,Zootopia,13819,Zootopia Hot Pursuit Single Rider,1,0
2026-09-21 12:10,2026-09-21 12:07,Zootopia,12392,Zootopia: Hot Pursuit,1,30
2026-09-21 12:15,2026-09-21 12:12,Adventure Isle,3893,Challenge Trails at Camp Discovery,1,5
2026-09-21 12:15,2026-09-21 12:12,Adventure Isle,16370,Junior Explorers Camp,1,5
2026-09-21 12:15,2026-09-21 12:12,Adventure Isle,2986,Roaring Rapids,1,10
2026-09-21 12:15,2026-09-21 12:12,Adventure Isle,3002,Soaring Over the Horizon,1,35
2026-09-21 12:15,2026-09-21 12:12,Adventure Isle,3901,Vista Trail at Camp Discovery,1,0
2026-09-21 12:15,2026-09-21 12:12,Fantasyland,3080,“Once Upon a Time” Adventure,1,5
2026-09-21 12:15,2026-09-21 12:12,Fantasyland,2987,Alice in Wonderland Maze,1,5
2026-09-21 12:15,2026-09-21 12:12,Fantasyland,2988,Hunny Pot Spin,1,5
2026-09-21 12:15,2026-09-21 12:12,Fantasyland,2989,Peter Pan’s Flight,1,5
2026-09-21 12:15,2026-09-21 12:12,Fantasyland,2990,Seven Dwarfs Mine Train,1,50
2026-09-21 12:15,2026-09-21 12:12,Fantasyland,13818,Seven Dwarfs Mine Train Single Rider,1,0
2026-09-21 12:15,2026-09-21 12:12,Fantasyland,2991,The Many Adventures of Winnie the Pooh,1,15
2026-09-21 12:15,2026-09-21 12:12,Fantasyland,2992,Voyage to the Crystal Grotto,0,0
2026-09-21 12:15,2026-09-21 12:12,Gardens of Imagination,3896,Become Iron Man at the Marvel Universe,1,5
2026-09-21 12:15,2026-09-21 12:12,Gardens of Imagination,2993,Dumbo the Flying Elephant,1,15
2026-09-21 12:15,2026-09-21 12:12,Gardens of Imagination,2994,Fantasia Carousel,1,5
2026-09-21 12:15,2026-09-21 12:12,Gardens of Imagination,3082,Marvel Universe,1,0
2026-09-21 12:15,2026-09-21 12:12,Tomorrowland,2999,Buzz Lightyear Planet Rescue,1,5
2026-09-21 12:15,2026-09-21 12:12,Tomorrowland,3000,Jet Packs,1,20
2026-09-21 12:15,2026-09-21 12:12,Tomorrowland,16392,Pixar Adventurous Journey,1,5
2026-09-21 12:15,2026-09-21 12:12,Tomorrowland,3001,Space Chat With Stitch,1,15
2026-09-21 12:15,2026-09-21 12:12,Tomorrowland,2985,TRON Lightcycle Power Run – Presented by Chevrolet,1,50
2026-09-21 12:15,2026-09-21 12:12,Tomorrowland,4076,"TRON Realm, Chevrolet Digital Challenge",1,0
2026-09-21 12:15,2026-09-21 12:12,Toy Story Land,5633,Rex’s Racer,1,30
2026-09-21 12:15,2026-09-21 12:12,Toy Story Land,5634,Slinky Dog Spin,1,10
2026-09-21 12:15,2026-09-21 12:12,Toy Story Land,5635,Woody’s Roundup,1,20
2026-09-21 12:15,2026-09-21 12:12,Treasure Cove,2995,Explorer Canoes,0,0
2026-09-21 12:15,2026-09-21 12:12,Treasure Cove,2996,Pirates of the Caribbean Battle for the Sunken Treasure,1,15
2026-09-21 12:15,2026-09-21 12:12,Treasure Cove,2997,Shipwreck Shore,1,5
2026-09-21 12:15,2026-09-21 12:12,Treasure Cove,2998,Siren's Revenge,1,5
2026-09-21 12:15,2026-09-21 12:12,Zootopia,13819,Zootopia Hot Pursuit Single Rider,1,0
2026-09-21 12:15,2026-09-21 12:12,Zootopia,12392,Zootopia: Hot Pursuit,1,30
2026-09-21 12:20,2026-09-21 12:17,Adventure Isle,3893,Challenge Trails at Camp Discovery,1,5
2026-09-21 12:20,2026-09-21 12:17,Adventure Isle,16370,Junior Explorers Camp,1,5
2026-09-21 12:20,2026-09-21 12:17,Adventure Isle,2986,Roaring Rapids,1,10
2026-09-21 12:20,2026-09-21 12:17,Adventure Isle,3002,Soaring Over the Horizon,1,35
2026-09-21 12:20,2026-09-21 12:17,Adventure Isle,3901,Vista Trail at Camp Discovery,1,0
2026-09-21 12:20,2026-09-21 12:17,Fantasyland,3080,“Once Upon a Time” Adventure,1,5
2026-09-21 12:20,2026-09-21 12:17,Fantasyland,2987,Alice in Wonderland Maze,1,5
2026-09-21 12:20,2026-09-21 12:17,Fantasyland,2988,Hunny Pot Spin,1,5
2026-09-21 12:20,2026-09-21 12:17,Fantasyland,2989,Peter Pan’s Flight,1,5
2026-09-21 12:20,2026-09-21 12:17,Fantasyland,2990,Seven Dwarfs Mine Train,1,50
2026-09-21 12:20,2026-09-21 12:17,Fantasyland,13818,Seven Dwarfs Mine Train Single Rider,1,0
2026-09-21 12:20,2026-09-21 12:17,Fantasyland,2991,The Many Adventures of Winnie the Pooh,1,15
2026-09-21 12:20,2026-09-21 12:17,Fantasyland,2992,Voyage to the Crystal Grotto,0,0
2026-09-21 12:20,2026-09-21 12:17,Gardens of Imagination,3896,Become Iron Man at the Marvel Universe,1,5
2026-09-21 12:20,2026-09-21 12:17,Gardens of Imagination,2993,Dumbo the Flying Elephant,1,15
2026-09-21 12:20,2026-09-21 12:17,Gardens of Imagination,2994,Fantasia Carousel,1,5
2026-09-21 12:20,2026-09-21 12:17,Gardens of Imagination,3082,Marvel Universe,1,0
2026-09-21 12:20,2026-09-21 12:17,Tomorrowland,2999,Buzz Lightyear Planet Rescue,1,5
2026-09-21 12:20,2026-09-21 12:17,Tomorrowland,3000,Jet Packs,1,10
2026-09-21 12:20,2026-09-21 12:17,Tomorrowland,16392,Pixar Adventurous Journey,1,5
2026-09-21 12:20,2026-09-21 12:17,Tomorrowland,3001,Space Chat With Stitch,1,15
2026-09-21 12:20,2026-09-21 12:17,Tomorrowland,2985,TRON Lightcycle Power Run – Presented by Chevrolet,1,50
2026-09-21 12:20,2026-09-21 12:17,Tomorrowland,4076,"TRON Realm, Chevrolet Digital Challenge",1,0
2026-09-21 12:20,2026-09-21 12:17,Toy Story Land,5633,Rex’s Racer,1,30
2026-09-21 12:20,2026-09-21 12:17,Toy Story Land,5634,Slinky Dog Spin,1,10
2026-09-21 12:20,2026-09-21 12:17,Toy Story Land,5635,Woody’s Roundup,1,10
2026-09-21 12:20,2026-09-21 12:17,Treasure Cove,2995,Explorer Canoes,0,0
2026-09-21 12:20,2026-09-21 12:17,Treasure Cove,2996,Pirates of the Caribbean Battle for the Sunken Treasure,1,10
2026-09-21 12:20,2026-09-21 12:17,Treasure Cove,2997,Shipwreck Shore,1,5
2026-09-21 12:20,2026-09-21 12:17,Treasure Cove,2998,Siren's Revenge,1,5
2026-09-21 12:20,2026-09-21 12:17,Zootopia,13819,Zootopia Hot Pursuit Single Rider,1,0
2026-09-21 12:20,2026-09-21 12:17,Zootopia,12392,Zootopia: Hot Pursuit,1,30
2026-09-21 12:25,2026-09-21 12:22,Adventure Isle,3893,Challenge Trails at Camp Discovery,1,5
2026-09-21 12:25,2026-09-21 12:22,Adventure Isle,16370,Junior Explorers Camp,1,5
2026-09-21 12:25,2026-09-21 12:22,Adventure Isle,2986,Roaring Rapids,1,10
2026-09-21 12:25,2026-09-21 12:22,Adventure Isle,3002,Soaring Over the Horizon,1,35
2026-09-21 12:25,2026-09-21 12:22,Adventure Isle,3901,Vista Trail at Camp Discovery,1,0
2026-09-21 12:25,2026-09-21 12:22,Fantasyland,3080,“Once Upon a Time” Adventure,1,5
2026-09-21 12:25,2026-09-21 12:22,Fantasyland,2987,Alice in Wonderland Maze,1,5
2026-09-21 12:25,2026-09-21 12:22,Fantasyland,2988,Hunny Pot Spin,1,5
2026-09-21 12:25,2026-09-21 12:22,Fantasyland,2989,Peter Pan’s Flight,1,5
2026-09-21 12:25,2026-09-21 12:22,Fantasyland,2990,Seven Dwarfs Mine Train,1,50
2026-09-21 12:25,2026-09-21 12:22,Fantasyland,13818,Seven Dwarfs Mine Train Single Rider,1,0
2026-09-21 12:25,2026-09-21 12:22,Fantasyland,2991,The Many Adventures of Winnie the Pooh,1,25
2026-09-21 12:25,2026-09-21 12:22,Fantasyland,2992,Voyage to the Crystal Grotto,0,0
2026-09-21 12:25,2026-09-21 12:22,Gardens of Imagination,3896,Become Iron Man at the Marvel Universe,1,5
2026-09-21 12:25,2026-09-21 12:22,Gardens of Imagination,2993,Dumbo the Flying Elephant,1,15
2026-09-21 12:25,2026-09-21 12:22,Gardens of Imagination,2994,Fantasia Carousel,1,5
2026-09-21 12:25,2026-09-21 12:22,Gardens of Imagination,3082,Marvel Universe,1,0
2026-09-21 12:25,2026-09-21 12:22,Tomorrowland,2999,Buzz Lightyear Planet Rescue,1,5
2026-09-21 12:25,2026-09-21 12:22,Tomorrowland,3000,Jet Packs,1,10
2026-09-21 12:25,2026-09-21 12:22,Tomorrowland,16392,Pixar Adventurous Journey,1,5
2026-09-21 12:25,2026-09-21 12:22,Tomorrowland,3001,Space Chat With Stitch,1,15
2026-09-21 12:25,2026-09-21 12:22,Tomorrowland,2985,TRON Lightcycle Power Run – Presented by Chevrolet,1,50
2026-09-21 12:25,2026-09-21 12:22,Tomorrowland,4076,"TRON Realm, Chevrolet Digital Challenge",1,0
2026-09-21 12:25,2026-09-21 12:22,Toy Story Land,5633,Rex’s Racer,1,30
2026-09-21 12:25,2026-09-21 12:22,Toy Story Land,5634,Slinky Dog Spin,1,10
2026-09-21 12:25,2026-09-21 12:22,Toy Story Land,5635,Woody’s Roundup,1,10
2026-09-21 12:25,2026-09-21 12:22,Treasure Cove,2995,Explorer Canoes,0,0
2026-09-21 12:25,2026-09-21 12:22,Treasure Cove,2996,Pirates of the Caribbean Battle for the Sunken Treasure,1,10
2026-09-21 12:25,2026-09-21 12:22,Treasure Cove,2997,Shipwreck Shore,1,5
2026-09-21 12:25,2026-09-21 12:22,Treasure Cove,2998,Siren's Revenge,1,5
2026-09-21 12:25,2026-09-21 12:22,Zootopia,13819,Zootopia Hot Pursuit Single Rider,1,0
2026-09-21 12:25,2026-09-21 12:22,Zootopia,12392,Zootopia: Hot Pursuit,1,30
2026-09-21 12:30,2026-09-21 12:27,Adventure Isle,3893,Challenge Trails at Camp Discovery,1,5
2026-09-21 12:30,2026-09-21 12:27,Adventure Isle,16370,Junior Explorers Camp,1,5
2026-09-21 12:30,2026-09-21 12:27,Adventure Isle,2986,Roaring Rapids,1,10
2026-09-21 12:30,2026-09-21 12:27,Adventure Isle,3002,Soaring Over the Horizon,1,25
2026-09-21 12:30,2026-09-21 12:27,Adventure Isle,3901,Vista Trail at Camp Discovery,1,0
2026-09-21 12:30,2026-09-21 12:27,Fantasyland,3080,“Once Upon a Time” Adventure,1,5
2026-09-21 12:30,2026-09-21 12:27,Fantasyland,2987,Alice in Wonderland Maze,1,5
2026-09-21 12:30,2026-09-21 12:27,Fantasyland,2988,Hunny Pot Spin,1,5
2026-09-21 12:30,2026-09-21 12:27,Fantasyland,2989,Peter Pan’s Flight,1,5
2026-09-21 12:30,2026-09-21 12:27,Fantasyland,2990,Seven Dwarfs Mine Train,1,50
2026-09-21 12:30,2026-09-21 12:27,Fantasyland,13818,Seven Dwarfs Mine Train Single Rider,1,0
2026-09-21 12:30,2026-09-21 12:27,Fantasyland,2991,The Many Adventures of Winnie the Pooh,1,25
2026-09-21 12:30,2026-09-21 12:27,Fantasyland,2992,Voyage to the Crystal Grotto,0,0
2026-09-21 12:30,2026-09-21 12:27,Gardens of Imagination,3896,Become Iron Man at the Marvel Universe,1,5
2026-09-21 12:30,2026-09-21 12:27,Gardens of Imagination,2993,Dumbo the Flying Elephant,1,5
2026-09-21 12:30,2026-09-21 12:27,Gardens of Imagination,2994,Fantasia Carousel,1,5
2026-09-21 12:30,2026-09-21 12:27,Gardens of Imagination,3082,Marvel Universe,1,0
2026-09-21 12:30,2026-09-21 12:27,Tomorrowland,2999,Buzz Lightyear Planet Rescue,1,5
2026-09-21 12:30,2026-09-21 12:27,Tomorrowland,3000,Jet Packs,1,10
2026-09-21 12:30,2026-09-21 12:27,Tomorrowland,16392,Pixar Adventurous Journey,1,5
2026-09-21 12:30,2026-09-21 12:27,Tomorrowland,3001,Space Chat With Stitch,1,15
2026-09-21 12:30,2026-09-21 12:27,Tomorrowland,2985,TRON Lightcycle Power Run – Presented by Chevrolet,1,50
2026-09-21 12:30,2026-09-21 12:27,Tomorrowland,4076,"TRON Realm, Chevrolet Digital Challenge",1,0
2026-09-21 12:30,2026-09-21 12:27,Toy Story Land,5633,Rex’s Racer,1,30
2026-09-21 12:30,2026-09-21 12:27,Toy Story Land,5634,Slinky Dog Spin,1,10
2026-09-21 12:30,2026-09-21 12:27,Toy Story Land,5635,Woody’s Roundup,1,10
2026-09-21 12:30,2026-09-21 12:27,Treasure Cove,2995,Explorer Canoes,0,0
2026-09-21 12:30,2026-09-21 12:27,Treasure Cove,2996,Pirates of the Caribbean Battle for the Sunken Treasure,1,10
2026-09-21 12:30,2026-09-21 12:27,Treasure Cove,2997,Shipwreck Shore,1,5
2026-09-21 12:30,2026-09-21 12:27,Treasure Cove,2998,Siren's Revenge,1,5
2026-09-21 12:30,2026-09-21 12:27,Zootopia,13819,Zootopia Hot Pursuit Single Rider,1,0
2026-09-21 12:30,2026-09-21 12:27,Zootopia,12392,Zootopia: Hot Pursuit,1,30
2026-09-21 12:35,2026-09-21 12:32,Adventure Isle,3893,Challenge Trails at Camp Discovery,1,5
2026-09-21 12:35,2026-09-21 12:32,Adventure Isle,16370,Junior Explorers Camp,1,5
2026-09-21 12:35,2026-09-21 12:32,Adventure Isle,2986,Roaring Rapids,1,10
2026-09-21 12:35,2026-09-21 12:32,Adventure Isle,3002,Soaring Over the Horizon,1,25
2026-09-21 12:35,2026-09-21 12:32,Adventure Isle,3901,Vista Trail at Camp Discovery,1,0
2026-09-21 12:35,2026-09-21 12:32,Fantasyland,3080,“Once Upon a Time” Adventure,1,5
2026-09-21 12:35,2026-09-21 12:32,Fantasyland,2987,Alice in Wonderland Maze,1,5
2026-09-21 12:35,2026-09-21 12:32,Fantasyland,2988,Hunny Pot Spin,1,5
2026-09-21 12:35,2026-09-21 12:32,Fantasyland,2989,Peter Pan’s Flight,1,5
2026-09-21 12:35,2026-09-21 12:32,Fantasyland,2990,Seven Dwarfs Mine Train,1,50
2026-09-21 12:35,2026-09-21 12:32,Fantasyland,13818,Seven Dwarfs Mine Train Single Rider,1,0
2026-09-21 12:35,2026-09-21 12:32,Fantasyland,2991,The Many Adventures of Winnie the Pooh,1,25
2026-09-21 12:35,2026-09-21 12:32,Fantasyland,2992,Voyage to the Crystal Grotto,0,0
2026-09-21 12:35,2026-09-21 12:32,Gardens of Imagination,3896,Become Iron Man at the Marvel Universe,1,5
2026-09-21 12:35,2026-09-21 12:32,Gardens of Imagination,2993,Dumbo the Flying Elephant,1,5
2026-09-21 12:35,2026-09-21 12:32,Gardens of Imagination,2994,Fantasia Carousel,1,5
2026-09-21 12:35,2026-09-21 12:32,Gardens of Imagination,3082,Marvel Universe,1,0
2026-09-21 12:35,2026-09-21 12:32,Tomorrowland,2999,Buzz Lightyear Planet Rescue,1,5
2026-09-21 12:35,2026-09-21 12:32,Tomorrowland,3000,Jet Packs,1,5
2026-09-21 12:35,2026-09-21 12:32,Tomorrowland,16392,Pixar Adventurous Journey,1,5
2026-09-21 12:35,2026-09-21 12:32,Tomorrowland,3001,Space Chat With Stitch,1,15
2026-09-21 12:35,2026-09-21 12:32,Tomorrowland,2985,TRON Lightcycle Power Run – Presented by Chevrolet,1,40
2026-09-21 12:35,2026-09-21 12:32,Tomorrowland,4076,"TRON Realm, Chevrolet Digital Challenge",1,0
2026-09-21 12:35,2026-09-21 12:32,Toy Story Land,5633,Rex’s Racer,1,30
2026-09-21 12:35,2026-09-21 12:32,Toy Story Land,5634,Slinky Dog Spin,1,10
2026-09-21 12:35,2026-09-21 12:32,Toy Story Land,5635,Woody’s Roundup,1,10
2026-09-21 12:35,2026-09-21 12:32,Treasure Cove,2995,Explorer Canoes,0,0
2026-09-21 12:35,2026-09-21 12:32,Treasure Cove,2996,Pirates of the Caribbean Battle for the Sunken Treasure,1,10
2026-09-21 12:35,2026-09-21 12:32,Treasure Cove,2997,Shipwreck Shore,1,5
2026-09-21 12:35,2026-09-21 12:32,Treasure Cove,2998,Siren's Revenge,1,5
2026-09-21 12:35,2026-09-21 12:32,Zootopia,13819,Zootopia Hot Pursuit Single Rider,1,0
2026-09-21 12:35,2026-09-21 12:32,Zootopia,12392,Zootopia: Hot Pursuit,1,25
2026-09-21 12:40,2026-09-21 12:37,Adventure Isle,3893,Challenge Trails at Camp Discovery,1,5
2026-09-21 12:40,2026-09-21 12:37,Adventure Isle,16370,Junior Explorers Camp,1,5
2026-09-21 12:40,2026-09-21 12:37,Adventure Isle,2986,Roaring Rapids,1,10
2026-09-21 12:40,2026-09-21 12:37,Adventure Isle,3002,Soaring Over the Horizon,1,25
2026-09-21 12:40,2026-09-21 12:37,Adventure Isle,3901,Vista Trail at Camp Discovery,1,0
2026-09-21 12:40,2026-09-21 12:37,Fantasyland,3080,“Once Upon a Time” Adventure,1,5
2026-09-21 12:40,2026-09-21 12:37,Fantasyland,2987,Alice in Wonderland Maze,1,5
2026-09-21 12:40,2026-09-21 12:37,Fantasyland,2988,Hunny Pot Spin,1,5
2026-09-21 12:40,2026-09-21 12:37,Fantasyland,2989,Peter Pan’s Flight,1,5
2026-09-21 12:40,2026-09-21 12:37,Fantasyland,2990,Seven Dwarfs Mine Train,1,50
2026-09-21 12:40,2026-09-21 12:37,Fantasyland,13818,Seven Dwarfs Mine Train Single Rider,1,0
2026-09-21 12:40,2026-09-21 12:37,Fantasyland,2991,The Many Adventures of Winnie the Pooh,1,25
2026-09-21 12:40,2026-09-21 12:37,Fantasyland,2992,Voyage to the Crystal Grotto,0,0
2026-09-21 12:40,2026-09-21 12:37,Gardens of Imagination,3896,Become Iron Man at the Marvel Universe,1,5
2026-09-21 12:40,2026-09-21 12:37,Gardens of Imagination,2993,Dumbo the Flying Elephant,1,5
2026-09-21 12:40,2026-09-21 12:37,Gardens of Imagination,2994,Fantasia Carousel,1,5
2026-09-21 12:40,2026-09-21 12:37,Gardens of Imagination,3082,Marvel Universe,1,0
2026-09-21 12:40,2026-09-21 12:37,Tomorrowland,2999,Buzz Lightyear Planet Rescue,1,5
2026-09-21 12:40,2026-09-21 12:37,Tomorrowland,3000,Jet Packs,1,5
2026-09-21 12:40,2026-09-21 12:37,Tomorrowland,16392,Pixar Adventurous Journey,1,5
2026-09-21 12:40,2026-09-21 12:37,Tomorrowland,3001,Space Chat With Stitch,1,15
2026-09-21 12:40,2026-09-21 12:37,Tomorrowland,2985,TRON Lightcycle Power Run – Presented by Chevrolet,1,50
2026-09-21 12:40,2026-09-21 12:37,Tomorrowland,4076,"TRON Realm, Chevrolet Digital Challenge",1,0
2026-09-21 12:40,2026-09-21 12:37,Toy Story Land,5633,Rex’s Racer,1,30
2026-09-21 12:40,2026-09-21 12:37,Toy Story Land,5634,Slinky Dog Spin,1,10
2026-09-21 12:40,2026-09-21 12:37,Toy Story Land,5635,Woody’s Roundup,1,10
2026-09-21 12:40,2026-09-21 12:37,Treasure Cove,2995,Explorer Canoes,0,0
2026-09-21 12:40,2026-09-21 12:37,Treasure Cove,2996,Pirates of the Caribbean Battle for the Sunken Treasure,1,10
2026-09-21 12:40,2026-09-21 12:37,Treasure Cove,2997,Shipwreck Shore,1,5
2026-09-21 12:40,2026-09-21 12:37,Treasure Cove,2998,Siren's Revenge,1,5
2026-09-21 12:40,2026-09-21 12:37,Zootopia,13819,Zootopia Hot Pursuit Single Rider,1,0
2026-09-21 12:40,2026-09-21 12:37,Zootopia,12392,Zootopia: Hot Pursuit,1,25
