fetched_at_cst,updated_at_cst,land,ride_id,ride,is_open,wait_time
2026-09-17 14:20,2026-09-17 14:17,Adventure Isle,3893,Challenge Trails at Camp Discovery,1,10
2026-09-17 14:20,2026-09-17 14:17,Adventure Isle,16370,Junior Explorers Camp,1,5
2026-09-17 14:20,2026-09-17 14:17,Adventure Isle,2986,Roaring Rapids,1,15
2026-09-17 14:20,2026-09-17 14:17,Adventure Isle,3002,Soaring Over the Horizon,1,50
2026-09-17 14:20,2026-09-17 14:17,Adventure Isle,3901,Vista Trail at Camp Discovery,1,0
2026-09-17 14:20,2026-09-17 14:17,Fantasyland,3080,“Once Upon a Time” Adventure,1,5
2026-09-17 14:20,2026-09-17 14:17,Fantasyland,2987,Alice in Wonderland Maze,1,5
2026-09-17 14:20,2026-09-17 14:17,Fantasyland,2988,Hunny Pot Spin,1,20
2026-09-17 14:20,2026-09-17 14:17,Fantasyland,2989,Peter Pan’s Flight,1,35
2026-09-17 14:20,2026-09-17 14:17,Fantasyland,2990,Seven Dwarfs Mine Train,1,75
2026-09-17 14:20,2026-09-17 14:17,Fantasyland,13818,Seven Dwarfs Mine Train Single Rider,1,0
2026-09-17 14:20,2026-09-17 14:17,Fantasyland,2991,The Many Adventures of Winnie the Pooh,1,30
2026-09-17 14:20,2026-09-17 14:17,Fantasyland,2992,Voyage to the Crystal Grotto,0,0
2026-09-17 14:20,2026-09-17 14:17,Gardens of Imagination,3896,Become Iron Man at the Marvel Universe,1,5
2026-09-17 14:20,2026-09-17 14:17,Gardens of Imagination,2993,Dumbo the Flying Elephant,1,15
2026-09-17 14:20,2026-09-17 14:17,Gardens of Imagination,2994,Fantasia Carousel,1,5
2026-09-17 14:20,2026-09-17 14:17,Gardens of Imagination,3082,Marvel Universe,1,0
2026-09-17 14:20,2026-09-17 14:17,Tomorrowland,2999,Buzz Lightyear Planet Rescue,1,5
2026-09-17 14:20,2026-09-17 14:17,Tomorrowland,3000,Jet Packs,0,0
2026-09-17 14:20,2026-09-17 14:17,Tomorrowland,16392,Pixar Adventurous Journey,1,5
2026-09-17 14:20,2026-09-17 14:17,Tomorrowland,3001,Space Chat With Stitch,1,15
2026-09-17 14:20,2026-09-17 14:17,Tomorrowland,2985,TRON Lightcycle Power Run – Presented by Chevrolet,1,75
2026-09-17 14:20,2026-09-17 14:17,Tomorrowland,4076,"TRON Realm, Chevrolet Digital Challenge",1,0
2026-09-17 14:20,2026-09-17 14:17,Toy Story Land,5633,Rex’s Racer,1,90
2026-09-17 14:20,2026-09-17 14:17,Toy Story Land,5634,Slinky Dog Spin,1,30
2026-09-17 14:20,2026-09-17 14:17,Toy Story Land,5635,Woody’s Roundup,1,40
2026-09-17 14:20,2026-09-17 14:17,Treasure Cove,2995,Explorer Canoes,0,0
2026-09-17 14:20,2026-09-17 14:17,Treasure Cove,2996,Pirates of the Caribbean Battle for the Sunken Treasure,1,10
2026-09-17 14:20,2026-09-17 14:17,Treasure Cove,2997,Shipwreck Shore,1,5
2026-09-17 14:20,2026-09-17 14:17,Treasure Cove,2998,Siren's Revenge,1,5
2026-09-17 14:20,2026-09-17 14:17,Zootopia,13819,Zootopia Hot Pursuit Single Rider,1,0
2026-09-17 14:20,2026-09-17 14:17,Zootopia,12392,Zootopia: Hot Pursuit,1,65
2026-09-17 16:24,2026-09-17 16:22,Adventure Isle,3893,Challenge Trails at Camp Discovery,1,10
2026-09-17 16:24,2026-09-17 16:22,Adventure Isle,16370,Junior Explorers Camp,1,5
2026-09-17 16:24,2026-09-17 16:22,Adventure Isle,2986,Roaring Rapids,1,15
2026-09-17 16:24,2026-09-17 16:22,Adventure Isle,3002,Soaring Over the Horizon,1,40
2026-09-17 16:24,2026-09-17 16:22,Adventure Isle,3901,Vista Trail at Camp Discovery,1,0
2026-09-17 16:24,2026-09-17 16:22,Fantasyland,3080,“Once Upon a Time” Adventure,1,5
2026-09-17 16:24,2026-09-17 16:22,Fantasyland,2987,Alice in Wonderland Maze,1,5
2026-09-17 16:24,2026-09-17 16:22,Fantasyland,2988,Hunny Pot Spin,1,10
2026-09-17 16:24,2026-09-17 16:22,Fantasyland,2989,Peter Pan’s Flight,1,15
2026-09-17 16:24,2026-09-17 16:22,Fantasyland,2990,Seven Dwarfs Mine Train,1,60
2026-09-17 16:24,2026-09-17 16:22,Fantasyland,13818,Seven Dwarfs Mine Train Single Rider,1,0
2026-09-17 16:24,2026-09-17 16:22,Fantasyland,2991,The Many Adventures of Winnie the Pooh,1,15
2026-09-17 16:24,2026-09-17 16:22,Fantasyland,2992,Voyage to the Crystal Grotto,0,0
2026-09-17 16:24,2026-09-17 16:22,Gardens of Imagination,3896,Become Iron Man at the Marvel Universe,1,10
2026-09-17 16:24,2026-09-17 16:22,Gardens of Imagination,2993,Dumbo the Flying Elephant,1,40
2026-09-17 16:24,2026-09-17 16:22,Gardens of Imagination,2994,Fantasia Carousel,1,5
2026-09-17 16:24,2026-09-17 16:22,Gardens of Imagination,3082,Marvel Universe,1,0
2026-09-17 16:24,2026-09-17 16:22,Tomorrowland,2999,Buzz Lightyear Planet Rescue,1,5
2026-09-17 16:24,2026-09-17 16:22,Tomorrowland,3000,Jet Packs,0,0
2026-09-17 16:24,2026-09-17 16:22,Tomorrowland,16392,Pixar Adventurous Journey,1,5
2026-09-17 16:24,2026-09-17 16:22,Tomorrowland,3001,Space Chat With Stitch,1,15
2026-09-17 16:24,2026-09-17 16:22,Tomorrowland,2985,TRON Lightcycle Power Run – Presented by Chevrolet,1,90
2026-09-17 16:24,2026-09-17 16:22,Tomorrowland,4076,"TRON Realm, Chevrolet Digital Challenge",1,0
2026-09-17 16:24,2026-09-17 16:22,Toy Story Land,5633,Rex’s Racer,1,75
2026-09-17 16:24,2026-09-17 16:22,Toy Story Land,5634,Slinky Dog Spin,1,30
2026-09-17 16:24,2026-09-17 16:22,Toy Story Land,5635,Woody’s Roundup,1,30
2026-09-17 16:24,2026-09-17 16:22,Treasure Cove,2995,Explorer Canoes,0,0
2026-09-17 16:24,2026-09-17 16:22,Treasure Cove,2996,Pirates of the Caribbean Battle for the Sunken Treasure,1,10
2026-09-17 16:24,2026-09-17 16:22,Treasure Cove,2997,Shipwreck Shore,1,5
2026-09-17 16:24,2026-09-17 16:22,Treasure Cove,2998,Siren's Revenge,1,5
2026-09-17 16:24,2026-09-17 16:22,Zootopia,13819,Zootopia Hot Pursuit Single Rider,1,0
2026-09-17 16:24,2026-09-17 16:22,Zootopia,12392,Zootopia: Hot Pursuit,1,30
2026-09-17 16:30,2026-09-17 16:27,Adventure Isle,3893,Challenge Trails at Camp Discovery,1,10
2026-09-17 16:30,2026-09-17 16:27,Adventure Isle,16370,Junior Explorers Camp,1,5
2026-09-17 16:30,2026-09-17 16:27,Adventure Isle,2986,Roaring Rapids,1,15
2026-09-17 16:30,2026-09-17 16:27,Adventure Isle,3002,Soaring Over the Horizon,1,40
2026-09-17 16:30,2026-09-17 16:27,Adventure Isle,3901,Vista Trail at Camp Discovery,1,0
2026-09-17 16:30,2026-09-17 16:27,Fantasyland,3080,“Once Upon a Time” Adventure,1,5
2026-09-17 16:30,2026-09-17 16:27,Fantasyland,2987,Alice in Wonderland Maze,1,5
2026-09-17 16:30,2026-09-17 16:27,Fantasyland,2988,Hunny Pot Spin,1,10
2026-09-17 16:30,2026-09-17 16:27,Fantasyland,2989,Peter Pan’s Flight,1,15
2026-09-17 16:30,2026-09-17 16:27,Fantasyland,2990,Seven Dwarfs Mine Train,1,60
2026-09-17 16:30,2026-09-17 16:27,Fantasyland,13818,Seven Dwarfs Mine Train Single Rider,1,0
2026-09-17 16:30,2026-09-17 16:27,Fantasyland,2991,The Many Adventures of Winnie the Pooh,1,15
2026-09-17 16:30,2026-09-17 16:27,Fantasyland,2992,Voyage to the Crystal Grotto,0,0
2026-09-17 16:30,2026-09-17 16:27,Gardens of Imagination,3896,Become Iron Man at the Marvel Universe,1,10
2026-09-17 16:30,2026-09-17 16:27,Gardens of Imagination,2993,Dumbo the Flying Elephant,1,40
2026-09-17 16:30,2026-09-17 16:27,Gardens of Imagination,2994,Fantasia Carousel,1,10
2026-09-17 16:30,2026-09-17 16:27,Gardens of Imagination,3082,Marvel Universe,1,0
2026-09-17 16:30,2026-09-17 16:27,Tomorrowland,2999,Buzz Lightyear Planet Rescue,1,5
2026-09-17 16:30,2026-09-17 16:27,Tomorrowland,3000,Jet Packs,0,0
2026-09-17 16:30,2026-09-17 16:27,Tomorrowland,16392,Pixar Adventurous Journey,1,5
2026-09-17 16:30,2026-09-17 16:27,Tomorrowland,3001,Space Chat With Stitch,1,15
2026-09-17 16:30,2026-09-17 16:27,Tomorrowland,2985,TRON Lightcycle Power Run – Presented by Chevrolet,1,90
2026-09-17 16:30,2026-09-17 16:27,Tomorrowland,4076,"TRON Realm, Chevrolet Digital Challenge",1,0
2026-09-17 16:30,2026-09-17 16:27,Toy Story Land,5633,Rex’s Racer,1,75
2026-09-17 16:30,2026-09-17 16:27,Toy Story Land,5634,Slinky Dog Spin,1,30
2026-09-17 16:30,2026-09-17 16:27,Toy Story Land,5635,Woody’s Roundup,1,30
2026-09-17 16:30,2026-09-17 16:27,Treasure Cove,2995,Explorer Canoes,0,0
2026-09-17 16:30,2026-09-17 16:27,Treasure Cove,2996,Pirates of the Caribbean Battle for the Sunken Treasure,1,10
2026-09-17 16:30,2026-09-17 16:27,Treasure Cove,2997,Shipwreck Shore,1,5
2026-09-17 16:30,2026-09-17 16:27,Treasure Cove,2998,Siren's Revenge,1,5
2026-09-17 16:30,2026-09-17 16:27,Zootopia,13819,Zootopia Hot Pursuit Single Rider,1,0
2026-09-17 16:30,2026-09-17 16:27,Zootopia,12392,Zootopia: Hot Pursuit,1,30
2026-09-17 16:35,2026-09-17 16:32,Adventure Isle,3893,Challenge Trails at Camp Discovery,1,10
2026-09-17 16:35,2026-09-17 16:32,Adventure Isle,16370,Junior Explorers Camp,1,5
2026-09-17 16:35,2026-09-17 16:32,Adventure Isle,2986,Roaring Rapids,1,25
2026-09-17 16:35,2026-09-17 16:32,Adventure Isle,3002,Soaring Over the Horizon,1,40
2026-09-17 16:35,2026-09-17 16:32,Adventure Isle,3901,Vista Trail at Camp Discovery,1,0
2026-09-17 16:35,2026-09-17 16:32,Fantasyland,3080,“Once Upon a Time” Adventure,1,5
2026-09-17 16:35,2026-09-17 16:32,Fantasyland,2987,Alice in Wonderland Maze,1,5
2026-09-17 16:35,2026-09-17 16:32,Fantasyland,2988,Hunny Pot Spin,1,10
2026-09-17 16:35,2026-09-17 16:32,Fantasyland,2989,Peter Pan’s Flight,1,20
2026-09-17 16:35,2026-09-17 16:32,Fantasyland,2990,Seven Dwarfs Mine Train,1,60
2026-09-17 16:35,2026-09-17 16:32,Fantasyland,13818,Seven Dwarfs Mine Train Single Rider,1,0
2026-09-17 16:35,2026-09-17 16:32,Fantasyland,2991,The Many Adventures of Winnie the Pooh,1,15
2026-09-17 16:35,2026-09-17 16:32,Fantasyland,2992,Voyage to the Crystal Grotto,0,0
2026-09-17 16:35,2026-09-17 16:32,Gardens of Imagination,3896,Become Iron Man at the Marvel Universe,1,10
2026-09-17 16:35,2026-09-17 16:32,Gardens of Imagination,2993,Dumbo the Flying Elephant,1,40
2026-09-17 16:35,2026-09-17 16:32,Gardens of Imagination,2994,Fantasia Carousel,1,10
2026-09-17 16:35,2026-09-17 16:32,Gardens of Imagination,3082,Marvel Universe,1,0
2026-09-17 16:35,2026-09-17 16:32,Tomorrowland,2999,Buzz Lightyear Planet Rescue,1,5
2026-09-17 16:35,2026-09-17 16:32,Tomorrowland,3000,Jet Packs,0,0
2026-09-17 16:35,2026-09-17 16:32,Tomorrowland,16392,Pixar Adventurous Journey,1,5
2026-09-17 16:35,2026-09-17 16:32,Tomorrowland,3001,Space Chat With Stitch,1,15
2026-09-17 16:35,2026-09-17 16:32,Tomorrowland,2985,TRON Lightcycle Power Run – Presented by Chevrolet,1,90
2026-09-17 16:35,2026-09-17 16:32,Tomorrowland,4076,"TRON Realm, Chevrolet Digital Challenge",1,0
2026-09-17 16:35,2026-09-17 16:32,Toy Story Land,5633,Rex’s Racer,1,75
2026-09-17 16:35,2026-09-17 16:32,Toy Story Land,5634,Slinky Dog Spin,1,30
2026-09-17 16:35,2026-09-17 16:32,Toy Story Land,5635,Woody’s Roundup,1,30
2026-09-17 16:35,2026-09-17 16:32,Treasure Cove,2995,Explorer Canoes,0,0
2026-09-17 16:35,2026-09-17 16:32,Treasure Cove,2996,Pirates of the Caribbean Battle for the Sunken Treasure,1,10
2026-09-17 16:35,2026-09-17 16:32,Treasure Cove,2997,Shipwreck Shore,1,5
2026-09-17 16:35,2026-09-17 16:32,Treasure Cove,2998,Siren's Revenge,1,5
2026-09-17 16:35,2026-09-17 16:32,Zootopia,13819,Zootopia Hot Pursuit Single Rider,1,0
2026-09-17 16:35,2026-09-17 16:32,Zootopia,12392,Zootopia: Hot Pursuit,1,30
2026-09-17 16:40,2026-09-17 16:37,Adventure Isle,3893,Challenge Trails at Camp Discovery,1,10
2026-09-17 16:40,2026-09-17 16:37,Adventure Isle,16370,Junior Explorers Camp,1,5
2026-09-17 16:40,2026-09-17 16:37,Adventure Isle,2986,Roaring Rapids,1,35
2026-09-17 16:40,2026-09-17 16:37,Adventure Isle,3002,Soaring Over the Horizon,1,40
2026-09-17 16:40,2026-09-17 16:37,Adventure Isle,3901,Vista Trail at Camp Discovery,1,0
2026-09-17 16:40,2026-09-17 16:37,Fantasyland,3080,“Once Upon a Time” Adventure,1,5
2026-09-17 16:40,2026-09-17 16:37,Fantasyland,2987,Alice in Wonderland Maze,1,5
2026-09-17 16:40,2026-09-17 16:37,Fantasyland,2988,Hunny Pot Spin,1,10
2026-09-17 16:40,2026-09-17 16:37,Fantasyland,2989,Peter Pan’s Flight,1,20
2026-09-17 16:40,2026-09-17 16:37,Fantasyland,2990,Seven Dwarfs Mine Train,1,70
2026-09-17 16:40,2026-09-17 16:37,Fantasyland,13818,Seven Dwarfs Mine Train Single Rider,1,0
2026-09-17 16:40,2026-09-17 16:37,Fantasyland,2991,The Many Adventures of Winnie the Pooh,1,15
2026-09-17 16:40,2026-09-17 16:37,Fantasyland,2992,Voyage to the Crystal Grotto,0,0
2026-09-17 16:40,2026-09-17 16:37,Gardens of Imagination,3896,Become Iron Man at the Marvel Universe,1,10
2026-09-17 16:40,2026-09-17 16:37,Gardens of Imagination,2993,Dumbo the Flying Elephant,1,50
2026-09-17 16:40,2026-09-17 16:37,Gardens of Imagination,2994,Fantasia Carousel,1,10
2026-09-17 16:40,2026-09-17 16:37,Gardens of Imagination,3082,Marvel Universe,1,0
2026-09-17 16:40,2026-09-17 16:37,Tomorrowland,2999,Buzz Lightyear Planet Rescue,1,5
2026-09-17 16:40,2026-09-17 16:37,Tomorrowland,3000,Jet Packs,0,0
2026-09-17 16:40,2026-09-17 16:37,Tomorrowland,16392,Pixar Adventurous Journey,1,5
2026-09-17 16:40,2026-09-17 16:37,Tomorrowland,3001,Space Chat With Stitch,1,15
2026-09-17 16:40,2026-09-17 16:37,Tomorrowland,2985,TRON Lightcycle Power Run – Presented by Chevrolet,1,90
2026-09-17 16:40,2026-09-17 16:37,Tomorrowland,4076,"TRON Realm, Chevrolet Digital Challenge",1,0
2026-09-17 16:40,2026-09-17 16:37,Toy Story Land,5633,Rex’s Racer,1,75
2026-09-17 16:40,2026-09-17 16:37,Toy Story Land,5634,Slinky Dog Spin,1,30
2026-09-17 16:40,2026-09-17 16:37,Toy Story Land,5635,Woody’s Roundup,1,40
2026-09-17 16:40,2026-09-17 16:37,Treasure Cove,2995,Explorer Canoes,0,0
2026-09-17 16:40,2026-09-17 16:37,Treasure Cove,2996,Pirates of the Caribbean Battle for the Sunken Treasure,1,10
2026-09-17 16:40,2026-09-17 16:37,Treasure Cove,2997,Shipwreck Shore,1,5
2026-09-17 16:40,2026-09-17 16:37,Treasure Cove,2998,Siren's Revenge,1,5
2026-09-17 16:40,2026-09-17 16:37,Zootopia,13819,Zootopia Hot Pursuit Single Rider,1,0
2026-09-17 16:40,2026-09-17 16:37,Zootopia,12392,Zootopia: Hot Pursuit,1,40
2026-09-17 16:45,2026-09-17 16:42,Adventure Isle,3893,Challenge Trails at Camp Discovery,1,10
2026-09-17 16:45,2026-09-17 16:42,Adventure Isle,16370,Junior Explorers Camp,1,5
2026-09-17 16:45,2026-09-17 16:42,Adventure Isle,2986,Roaring Rapids,1,35
2026-09-17 16:45,2026-09-17 16:42,Adventure Isle,3002,Soaring Over the Horizon,1,40
2026-09-17 16:45,2026-09-17 16:42,Adventure Isle,3901,Vista Trail at Camp Discovery,1,0
2026-09-17 16:45,2026-09-17 16:42,Fantasyland,3080,“Once Upon a Time” Adventure,1,5
2026-09-17 16:45,2026-09-17 16:42,Fantasyland,2987,Alice in Wonderland Maze,1,5
2026-09-17 16:45,2026-09-17 16:42,Fantasyland,2988,Hunny Pot Spin,1,20
2026-09-17 16:45,2026-09-17 16:42,Fantasyland,2989,Peter Pan’s Flight,1,30
2026-09-17 16:45,2026-09-17 16:42,Fantasyland,2990,Seven Dwarfs Mine Train,1,70
2026-09-17 16:45,2026-09-17 16:42,Fantasyland,13818,Seven Dwarfs Mine Train Single Rider,1,0
2026-09-17 16:45,2026-09-17 16:42,Fantasyland,2991,The Many Adventures of Winnie the Pooh,1,25
2026-09-17 16:45,2026-09-17 16:42,Fantasyland,2992,Voyage to the Crystal Grotto,0,0
2026-09-17 16:45,2026-09-17 16:42,Gardens of Imagination,3896,Become Iron Man at the Marvel Universe,1,10
2026-09-17 16:45,2026-09-17 16:42,Gardens of Imagination,2993,Dumbo the Flying Elephant,1,40
2026-09-17 16:45,2026-09-17 16:42,Gardens of Imagination,2994,Fantasia Carousel,1,10
2026-09-17 16:45,2026-09-17 16:42,Gardens of Imagination,3082,Marvel Universe,1,0
2026-09-17 16:45,2026-09-17 16:42,Tomorrowland,2999,Buzz Lightyear Planet Rescue,1,5
2026-09-17 16:45,2026-09-17 16:42,Tomorrowland,3000,Jet Packs,0,0
2026-09-17 16:45,2026-09-17 16:42,Tomorrowland,16392,Pixar Adventurous Journey,1,5
2026-09-17 16:45,2026-09-17 16:42,Tomorrowland,3001,Space Chat With Stitch,1,15
2026-09-17 16:45,2026-09-17 16:42,Tomorrowland,2985,TRON Lightcycle Power Run – Presented by Chevrolet,1,75
2026-09-17 16:45,2026-09-17 16:42,Tomorrowland,4076,"TRON Realm, Chevrolet Digital Challenge",1,0
2026-09-17 16:45,2026-09-17 16:42,Toy Story Land,5633,Rex’s Racer,1,75
2026-09-17 16:45,2026-09-17 16:42,Toy Story Land,5634,Slinky Dog Spin,1,20
2026-09-17 16:45,2026-09-17 16:42,Toy Story Land,5635,Woody’s Roundup,1,40
2026-09-17 16:45,2026-09-17 16:42,Treasure Cove,2995,Explorer Canoes,0,0
2026-09-17 16:45,2026-09-17 16:42,Treasure Cove,2996,Pirates of the Caribbean Battle for the Sunken Treasure,1,10
2026-09-17 16:45,2026-09-17 16:42,Treasure Cove,2997,Shipwreck Shore,1,5
2026-09-17 16:45,2026-09-17 16:42,Treasure Cove,2998,Siren's Revenge,1,5
2026-09-17 16:45,2026-09-17 16:42,Zootopia,13819,Zootopia Hot Pursuit Single Rider,1,0
2026-09-17 16:45,2026-09-17 16:42,Zootopia,12392,Zootopia: Hot Pursuit,1,60
2026-09-17 16:50,2026-09-17 16:47,Adventure Isle,3893,Challenge Trails at Camp Discovery,1,10
2026-09-17 16:50,2026-09-17 16:47,Adventure Isle,16370,Junior Explorers Camp,1,5
2026-09-17 16:50,2026-09-17 16:47,Adventure Isle,2986,Roaring Rapids,1,35
2026-09-17 16:50,2026-09-17 16:47,Adventure Isle,3002,Soaring Over the Horizon,1,40
2026-09-17 16:50,2026-09-17 16:47,Adventure Isle,3901,Vista Trail at Camp Discovery,1,0
2026-09-17 16:50,2026-09-17 16:47,Fantasyland,3080,“Once Upon a Time” Adventure,1,5
2026-09-17 16:50,2026-09-17 16:47,Fantasyland,2987,Alice in Wonderland Maze,1,5
2026-09-17 16:50,2026-09-17 16:47,Fantasyland,2988,Hunny Pot Spin,1,30
2026-09-17 16:50,2026-09-17 16:47,Fantasyland,2989,Peter Pan’s Flight,1,30
2026-09-17 16:50,2026-09-17 16:47,Fantasyland,2990,Seven Dwarfs Mine Train,1,70
2026-09-17 16:50,2026-09-17 16:47,Fantasyland,13818,Seven Dwarfs Mine Train Single Rider,1,0
2026-09-17 16:50,2026-09-17 16:47,Fantasyland,2991,The Many Adventures of Winnie the Pooh,1,25
2026-09-17 16:50,2026-09-17 16:47,Fantasyland,2992,Voyage to the Crystal Grotto,0,0
2026-09-17 16:50,2026-09-17 16:47,Gardens of Imagination,3896,Become Iron Man at the Marvel Universe,1,10
2026-09-17 16:50,2026-09-17 16:47,Gardens of Imagination,2993,Dumbo the Flying Elephant,1,40
2026-09-17 16:50,2026-09-17 16:47,Gardens of Imagination,2994,Fantasia Carousel,1,10
2026-09-17 16:50,2026-09-17 16:47,Gardens of Imagination,3082,Marvel Universe,1,0
2026-09-17 16:50,2026-09-17 16:47,Tomorrowland,2999,Buzz Lightyear Planet Rescue,1,5
2026-09-17 16:50,2026-09-17 16:47,Tomorrowland,3000,Jet Packs,0,0
2026-09-17 16:50,2026-09-17 16:47,Tomorrowland,16392,Pixar Adventurous Journey,1,5
2026-09-17 16:50,2026-09-17 16:47,Tomorrowland,3001,Space Chat With Stitch,1,15
2026-09-17 16:50,2026-09-17 16:47,Tomorrowland,2985,TRON Lightcycle Power Run – Presented by Chevrolet,1,75
2026-09-17 16:50,2026-09-17 16:47,Tomorrowland,4076,"TRON Realm, Chevrolet Digital Challenge",1,0
2026-09-17 16:50,2026-09-17 16:47,Toy Story Land,5633,Rex’s Racer,1,75
2026-09-17 16:50,2026-09-17 16:47,Toy Story Land,5634,Slinky Dog Spin,1,20
2026-09-17 16:50,2026-09-17 16:47,Toy Story Land,5635,Woody’s Roundup,1,40
2026-09-17 16:50,2026-09-17 16:47,Treasure Cove,2995,Explorer Canoes,0,0
2026-09-17 16:50,2026-09-17 16:47,Treasure Cove,2996,Pirates of the Caribbean Battle for the Sunken Treasure,1,10
2026-09-17 16:50,2026-09-17 16:47,Treasure Cove,2997,Shipwreck Shore,1,5
2026-09-17 16:50,2026-09-17 16:47,Treasure Cove,2998,Siren's Revenge,1,5
2026-09-17 16:50,2026-09-17 16:47,Zootopia,13819,Zootopia Hot Pursuit Single Rider,1,0
2026-09-17 16:50,2026-09-17 16:47,Zootopia,12392,Zootopia: Hot Pursuit,1,60
2026-09-17 16:55,2026-09-17 16:52,Adventure Isle,3893,Challenge Trails at Camp Discovery,1,10
2026-09-17 16:55,2026-09-17 16:52,Adventure Isle,16370,Junior Explorers Camp,1,5
2026-09-17 16:55,2026-09-17 16:52,Adventure Isle,2986,Roaring Rapids,1,35
2026-09-17 16:55,2026-09-17 16:52,Adventure Isle,3002,Soaring Over the Horizon,1,40
2026-09-17 16:55,2026-09-17 16:52,Adventure Isle,3901,Vista Trail at Camp Discovery,1,0
2026-09-17 16:55,2026-09-17 16:52,Fantasyland,3080,“Once Upon a Time” Adventure,1,5
2026-09-17 16:55,2026-09-17 16:52,Fantasyland,2987,Alice in Wonderland Maze,1,5
2026-09-17 16:55,2026-09-17 16:52,Fantasyland,2988,Hunny Pot Spin,1,30
2026-09-17 16:55,2026-09-17 16:52,Fantasyland,2989,Peter Pan’s Flight,1,30
2026-09-17 16:55,2026-09-17 16:52,Fantasyland,2990,Seven Dwarfs Mine Train,1,70
2026-09-17 16:55,2026-09-17 16:52,Fantasyland,13818,Seven Dwarfs Mine Train Single Rider,1,0
2026-09-17 16:55,2026-09-17 16:52,Fantasyland,2991,The Many Adventures of Winnie the Pooh,1,25
2026-09-17 16:55,2026-09-17 16:52,Fantasyland,2992,Voyage to the Crystal Grotto,0,0
2026-09-17 16:55,2026-09-17 16:52,Gardens of Imagination,3896,Become Iron Man at the Marvel Universe,1,10
2026-09-17 16:55,2026-09-17 16:52,Gardens of Imagination,2993,Dumbo the Flying Elephant,1,40
2026-09-17 16:55,2026-09-17 16:52,Gardens of Imagination,2994,Fantasia Carousel,1,10
2026-09-17 16:55,2026-09-17 16:52,Gardens of Imagination,3082,Marvel Universe,1,0
2026-09-17 16:55,2026-09-17 16:52,Tomorrowland,2999,Buzz Lightyear Planet Rescue,1,5
2026-09-17 16:55,2026-09-17 16:52,Tomorrowland,3000,Jet Packs,0,0
2026-09-17 16:55,2026-09-17 16:52,Tomorrowland,16392,Pixar Adventurous Journey,1,5
2026-09-17 16:55,2026-09-17 16:52,Tomorrowland,3001,Space Chat With Stitch,1,15
2026-09-17 16:55,2026-09-17 16:52,Tomorrowland,2985,TRON Lightcycle Power Run – Presented by Chevrolet,1,75
2026-09-17 16:55,2026-09-17 16:52,Tomorrowland,4076,"TRON Realm, Chevrolet Digital Challenge",1,0
2026-09-17 16:55,2026-09-17 16:52,Toy Story Land,5633,Rex’s Racer,1,75
2026-09-17 16:55,2026-09-17 16:52,Toy Story Land,5634,Slinky Dog Spin,1,20
2026-09-17 16:55,2026-09-17 16:52,Toy Story Land,5635,Woody’s Roundup,1,40
2026-09-17 16:55,2026-09-17 16:52,Treasure Cove,2995,Explorer Canoes,0,0
2026-09-17 16:55,2026-09-17 16:52,Treasure Cove,2996,Pirates of the Caribbean Battle for the Sunken Treasure,1,10
2026-09-17 16:55,2026-09-17 16:52,Treasure Cove,2997,Shipwreck Shore,1,5
2026-09-17 16:55,2026-09-17 16:52,Treasure Cove,2998,Siren's Revenge,1,5
2026-09-17 16:55,2026-09-17 16:52,Zootopia,13819,Zootopia Hot Pursuit Single Rider,1,0
2026-09-17 16:55,2026-09-17 16:52,Zootopia,12392,Zootopia: Hot Pursuit,1,60
2026-09-17 17:00,2026-09-17 16:57,Adventure Isle,3893,Challenge Trails at Camp Discovery,1,10
2026-09-17 17:00,2026-09-17 16:57,Adventure Isle,16370,Junior Explorers Camp,1,5
2026-09-17 17:00,2026-09-17 16:57,Adventure Isle,2986,Roaring Rapids,1,35
2026-09-17 17:00,2026-09-17 16:57,Adventure Isle,3002,Soaring Over the Horizon,1,45
2026-09-17 17:00,2026-09-17 16:57,Adventure Isle,3901,Vista Trail at Camp Discovery,1,0
2026-09-17 17:00,2026-09-17 16:57,Fantasyland,3080,“Once Upon a Time” Adventure,1,5
2026-09-17 17:00,2026-09-17 16:57,Fantasyland,2987,Alice in Wonderland Maze,1,5
2026-09-17 17:00,2026-09-17 16:57,Fantasyland,2988,Hunny Pot Spin,1,30
2026-09-17 17:00,2026-09-17 16:57,Fantasyland,2989,Peter Pan’s Flight,1,30
2026-09-17 17:00,2026-09-17 16:57,Fantasyland,2990,Seven Dwarfs Mine Train,1,70
2026-09-17 17:00,2026-09-17 16:57,Fantasyland,13818,Seven Dwarfs Mine Train Single Rider,1,0
2026-09-17 17:00,2026-09-17 16:57,Fantasyland,2991,The Many Adventures of Winnie the Pooh,1,25
2026-09-17 17:00,2026-09-17 16:57,Fantasyland,2992,Voyage to the Crystal Grotto,0,0
2026-09-17 17:00,2026-09-17 16:57,Gardens of Imagination,3896,Become Iron Man at the Marvel Universe,1,10
2026-09-17 17:00,2026-09-17 16:57,Gardens of Imagination,2993,Dumbo the Flying Elephant,1,40
2026-09-17 17:00,2026-09-17 16:57,Gardens of Imagination,2994,Fantasia Carousel,1,10
2026-09-17 17:00,2026-09-17 16:57,Gardens of Imagination,3082,Marvel Universe,1,0
2026-09-17 17:00,2026-09-17 16:57,Tomorrowland,2999,Buzz Lightyear Planet Rescue,1,5
2026-09-17 17:00,2026-09-17 16:57,Tomorrowland,3000,Jet Packs,0,0
2026-09-17 17:00,2026-09-17 16:57,Tomorrowland,16392,Pixar Adventurous Journey,1,5
2026-09-17 17:00,2026-09-17 16:57,Tomorrowland,3001,Space Chat With Stitch,1,15
2026-09-17 17:00,2026-09-17 16:57,Tomorrowland,2985,TRON Lightcycle Power Run – Presented by Chevrolet,1,60
2026-09-17 17:00,2026-09-17 16:57,Tomorrowland,4076,"TRON Realm, Chevrolet Digital Challenge",1,0
2026-09-17 17:00,2026-09-17 16:57,Toy Story Land,5633,Rex’s Racer,1,75
2026-09-17 17:00,2026-09-17 16:57,Toy Story Land,5634,Slinky Dog Spin,1,20
2026-09-17 17:00,2026-09-17 16:57,Toy Story Land,5635,Woody’s Roundup,1,40
2026-09-17 17:00,2026-09-17 16:57,Treasure Cove,2995,Explorer Canoes,0,0
2026-09-17 17:00,2026-09-17 16:57,Treasure Cove,2996,Pirates of the Caribbean Battle for the Sunken Treasure,1,10
2026-09-17 17:00,2026-09-17 16:57,Treasure Cove,2997,Shipwreck Shore,1,5
2026-09-17 17:00,2026-09-17 16:57,Treasure Cove,2998,Siren's Revenge,1,5
2026-09-17 17:00,2026-09-17 16:57,Zootopia,13819,Zootopia Hot Pursuit Single Rider,1,0
2026-09-17 17:00,2026-09-17 16:57,Zootopia,12392,Zootopia: Hot Pursuit,1,50
2026-09-17 17:05,2026-09-17 17:02,Adventure Isle,3893,Challenge Trails at Camp Discovery,1,10
2026-09-17 17:05,2026-09-17 17:02,Adventure Isle,16370,Junior Explorers Camp,1,5
2026-09-17 17:05,2026-09-17 17:02,Adventure Isle,2986,Roaring Rapids,1,35
2026-09-17 17:05,2026-09-17 17:02,Adventure Isle,3002,Soaring Over the Horizon,1,45
2026-09-17 17:05,2026-09-17 17:02,Adventure Isle,3901,Vista Trail at Camp Discovery,1,0
2026-09-17 17:05,2026-09-17 17:02,Fantasyland,3080,“Once Upon a Time” Adventure,1,5
2026-09-17 17:05,2026-09-17 17:02,Fantasyland,2987,Alice in Wonderland Maze,1,5
2026-09-17 17:05,2026-09-17 17:02,Fantasyland,2988,Hunny Pot Spin,1,30
2026-09-17 17:05,2026-09-17 17:02,Fantasyland,2989,Peter Pan’s Flight,1,30
2026-09-17 17:05,2026-09-17 17:02,Fantasyland,2990,Seven Dwarfs Mine Train,1,70
2026-09-17 17:05,2026-09-17 17:02,Fantasyland,13818,Seven Dwarfs Mine Train Single Rider,1,0
2026-09-17 17:05,2026-09-17 17:02,Fantasyland,2991,The Many Adventures of Winnie the Pooh,1,25
2026-09-17 17:05,2026-09-17 17:02,Fantasyland,2992,Voyage to the Crystal Grotto,0,0
2026-09-17 17:05,2026-09-17 17:02,Gardens of Imagination,3896,Become Iron Man at the Marvel Universe,1,10
2026-09-17 17:05,2026-09-17 17:02,Gardens of Imagination,2993,Dumbo the Flying Elephant,1,40
2026-09-17 17:05,2026-09-17 17:02,Gardens of Imagination,2994,Fantasia Carousel,1,10
2026-09-17 17:05,2026-09-17 17:02,Gardens of Imagination,3082,Marvel Universe,1,0
2026-09-17 17:05,2026-09-17 17:02,Tomorrowland,2999,Buzz Lightyear Planet Rescue,1,5
2026-09-17 17:05,2026-09-17 17:02,Tomorrowland,3000,Jet Packs,0,0
2026-09-17 17:05,2026-09-17 17:02,Tomorrowland,16392,Pixar Adventurous Journey,1,5
2026-09-17 17:05,2026-09-17 17:02,Tomorrowland,3001,Space Chat With Stitch,1,15
2026-09-17 17:05,2026-09-17 17:02,Tomorrowland,2985,TRON Lightcycle Power Run – Presented by Chevrolet,1,60
2026-09-17 17:05,2026-09-17 17:02,Tomorrowland,4076,"TRON Realm, Chevrolet Digital Challenge",1,0
2026-09-17 17:05,2026-09-17 17:02,Toy Story Land,5633,Rex’s Racer,1,75
2026-09-17 17:05,2026-09-17 17:02,Toy Story Land,5634,Slinky Dog Spin,1,30
2026-09-17 17:05,2026-09-17 17:02,Toy Story Land,5635,Woody’s Roundup,1,40
2026-09-17 17:05,2026-09-17 17:02,Treasure Cove,2995,Explorer Canoes,0,0
2026-09-17 17:05,2026-09-17 17:02,Treasure Cove,2996,Pirates of the Caribbean Battle for the Sunken Treasure,1,10
2026-09-17 17:05,2026-09-17 17:02,Treasure Cove,2997,Shipwreck Shore,1,5
2026-09-17 17:05,2026-09-17 17:02,Treasure Cove,2998,Siren's Revenge,1,5
2026-09-17 17:05,2026-09-17 17:02,Zootopia,13819,Zootopia Hot Pursuit Single Rider,1,0
2026-09-17 17:05,2026-09-17 17:02,Zootopia,12392,Zootopia: Hot Pursuit,1,50
2026-09-17 17:10,2026-09-17 17:07,Adventure Isle,3893,Challenge Trails at Camp Discovery,1,10
2026-09-17 17:10,2026-09-17 17:07,Adventure Isle,16370,Junior Explorers Camp,1,5
2026-09-17 17:10,2026-09-17 17:07,Adventure Isle,2986,Roaring Rapids,1,35
2026-09-17 17:10,2026-09-17 17:07,Adventure Isle,3002,Soaring Over the Horizon,1,45
2026-09-17 17:10,2026-09-17 17:07,Adventure Isle,3901,Vista Trail at Camp Discovery,1,0
2026-09-17 17:10,2026-09-17 17:07,Fantasyland,3080,“Once Upon a Time” Adventure,1,5
2026-09-17 17:10,2026-09-17 17:07,Fantasyland,2987,Alice in Wonderland Maze,1,5
2026-09-17 17:10,2026-09-17 17:07,Fantasyland,2988,Hunny Pot Spin,1,20
2026-09-17 17:10,2026-09-17 17:07,Fantasyland,2989,Peter Pan’s Flight,1,30
2026-09-17 17:10,2026-09-17 17:07,Fantasyland,2990,Seven Dwarfs Mine Train,1,70
2026-09-17 17:10,2026-09-17 17:07,Fantasyland,13818,Seven Dwarfs Mine Train Single Rider,1,0
2026-09-17 17:10,2026-09-17 17:07,Fantasyland,2991,The Many Adventures of Winnie the Pooh,1,35
2026-09-17 17:10,2026-09-17 17:07,Fantasyland,2992,Voyage to the Crystal Grotto,0,0
2026-09-17 17:10,2026-09-17 17:07,Gardens of Imagination,3896,Become Iron Man at the Marvel Universe,1,10
2026-09-17 17:10,2026-09-17 17:07,Gardens of Imagination,2993,Dumbo the Flying Elephant,1,30
2026-09-17 17:10,2026-09-17 17:07,Gardens of Imagination,2994,Fantasia Carousel,1,10
2026-09-17 17:10,2026-09-17 17:07,Gardens of Imagination,3082,Marvel Universe,1,0
2026-09-17 17:10,2026-09-17 17:07,Tomorrowland,2999,Buzz Lightyear Planet Rescue,1,5
2026-09-17 17:10,2026-09-17 17:07,Tomorrowland,3000,Jet Packs,0,0
2026-09-17 17:10,2026-09-17 17:07,Tomorrowland,16392,Pixar Adventurous Journey,1,5
2026-09-17 17:10,2026-09-17 17:07,Tomorrowland,3001,Space Chat With Stitch,1,15
2026-09-17 17:10,2026-09-17 17:07,Tomorrowland,2985,TRON Lightcycle Power Run – Presented by Chevrolet,1,60
2026-09-17 17:10,2026-09-17 17:07,Tomorrowland,4076,"TRON Realm, Chevrolet Digital Challenge",1,0
2026-09-17 17:10,2026-09-17 17:07,Toy Story Land,5633,Rex’s Racer,1,75
2026-09-17 17:10,2026-09-17 17:07,Toy Story Land,5634,Slinky Dog Spin,1,30
2026-09-17 17:10,2026-09-17 17:07,Toy Story Land,5635,Woody’s Roundup,1,40
2026-09-17 17:10,2026-09-17 17:07,Treasure Cove,2995,Explorer Canoes,0,0
2026-09-17 17:10,2026-09-17 17:07,Treasure Cove,2996,Pirates of the Caribbean Battle for the Sunken Treasure,1,15
2026-09-17 17:10,2026-09-17 17:07,Treasure Cove,2997,Shipwreck Shore,1,5
2026-09-17 17:10,2026-09-17 17:07,Treasure Cove,2998,Siren's Revenge,1,5
2026-09-17 17:10,2026-09-17 17:07,Zootopia,13819,Zootopia Hot Pursuit Single Rider,1,0
2026-09-17 17:10,2026-09-17 17:07,Zootopia,12392,Zootopia: Hot Pursuit,1,50
2026-09-17 17:15,2026-09-17 17:12,Adventure Isle,3893,Challenge Trails at Camp Discovery,1,10
2026-09-17 17:15,2026-09-17 17:12,Adventure Isle,16370,Junior Explorers Camp,1,5
2026-09-17 17:15,2026-09-17 17:12,Adventure Isle,2986,Roaring Rapids,1,35
2026-09-17 17:15,2026-09-17 17:12,Adventure Isle,3002,Soaring Over the Horizon,1,45
2026-09-17 17:15,2026-09-17 17:12,Adventure Isle,3901,Vista Trail at Camp Discovery,1,0
2026-09-17 17:15,2026-09-17 17:12,Fantasyland,3080,“Once Upon a Time” Adventure,1,5
2026-09-17 17:15,2026-09-17 17:12,Fantasyland,2987,Alice in Wonderland Maze,1,5
2026-09-17 17:15,2026-09-17 17:12,Fantasyland,2988,Hunny Pot Spin,1,20
2026-09-17 17:15,2026-09-17 17:12,Fantasyland,2989,Peter Pan’s Flight,1,30
2026-09-17 17:15,2026-09-17 17:12,Fantasyland,2990,Seven Dwarfs Mine Train,1,70
2026-09-17 17:15,2026-09-17 17:12,Fantasyland,13818,Seven Dwarfs Mine Train Single Rider,1,0
2026-09-17 17:15,2026-09-17 17:12,Fantasyland,2991,The Many Adventures of Winnie the Pooh,1,35
2026-09-17 17:15,2026-09-17 17:12,Fantasyland,2992,Voyage to the Crystal Grotto,0,0
2026-09-17 17:15,2026-09-17 17:12,Gardens of Imagination,3896,Become Iron Man at the Marvel Universe,1,10
2026-09-17 17:15,2026-09-17 17:12,Gardens of Imagination,2993,Dumbo the Flying Elephant,1,30
2026-09-17 17:15,2026-09-17 17:12,Gardens of Imagination,2994,Fantasia Carousel,1,15
2026-09-17 17:15,2026-09-17 17:12,Gardens of Imagination,3082,Marvel Universe,1,0
2026-09-17 17:15,2026-09-17 17:12,Tomorrowland,2999,Buzz Lightyear Planet Rescue,1,5
2026-09-17 17:15,2026-09-17 17:12,Tomorrowland,3000,Jet Packs,0,0
2026-09-17 17:15,2026-09-17 17:12,Tomorrowland,16392,Pixar Adventurous Journey,1,5
2026-09-17 17:15,2026-09-17 17:12,Tomorrowland,3001,Space Chat With Stitch,1,15
2026-09-17 17:15,2026-09-17 17:12,Tomorrowland,2985,TRON Lightcycle Power Run – Presented by Chevrolet,1,60
2026-09-17 17:15,2026-09-17 17:12,Tomorrowland,4076,"TRON Realm, Chevrolet Digital Challenge",1,0
2026-09-17 17:15,2026-09-17 17:12,Toy Story Land,5633,Rex’s Racer,1,75
2026-09-17 17:15,2026-09-17 17:12,Toy Story Land,5634,Slinky Dog Spin,1,30
2026-09-17 17:15,2026-09-17 17:12,Toy Story Land,5635,Woody’s Roundup,1,50
2026-09-17 17:15,2026-09-17 17:12,Treasure Cove,2995,Explorer Canoes,0,0
2026-09-17 17:15,2026-09-17 17:12,Treasure Cove,2996,Pirates of the Caribbean Battle for the Sunken Treasure,1,20
2026-09-17 17:15,2026-09-17 17:12,Treasure Cove,2997,Shipwreck Shore,1,5
2026-09-17 17:15,2026-09-17 17:12,Treasure Cove,2998,Siren's Revenge,1,5
2026-09-17 17:15,2026-09-17 17:12,Zootopia,13819,Zootopia Hot Pursuit Single Rider,1,0
2026-09-17 17:15,2026-09-17 17:12,Zootopia,12392,Zootopia: Hot Pursuit,1,50
2026-09-17 17:20,2026-09-17 17:17,Adventure Isle,3893,Challenge Trails at Camp Discovery,1,10
2026-09-17 17:20,2026-09-17 17:17,Adventure Isle,16370,Junior Explorers Camp,1,5
2026-09-17 17:20,2026-09-17 17:17,Adventure Isle,2986,Roaring Rapids,1,35
2026-09-17 17:20,2026-09-17 17:17,Adventure Isle,3002,Soaring Over the Horizon,1,50
2026-09-17 17:20,2026-09-17 17:17,Adventure Isle,3901,Vista Trail at Camp Discovery,1,0
2026-09-17 17:20,2026-09-17 17:17,Fantasyland,3080,“Once Upon a Time” Adventure,1,5
2026-09-17 17:20,2026-09-17 17:17,Fantasyland,2987,Alice in Wonderland Maze,1,5
2026-09-17 17:20,2026-09-17 17:17,Fantasyland,2988,Hunny Pot Spin,1,20
2026-09-17 17:20,2026-09-17 17:17,Fantasyland,2989,Peter Pan’s Flight,1,30
2026-09-17 17:20,2026-09-17 17:17,Fantasyland,2990,Seven Dwarfs Mine Train,1,70
2026-09-17 17:20,2026-09-17 17:17,Fantasyland,13818,Seven Dwarfs Mine Train Single Rider,1,0
2026-09-17 17:20,2026-09-17 17:17,Fantasyland,2991,The Many Adventures of Winnie the Pooh,1,35
2026-09-17 17:20,2026-09-17 17:17,Fantasyland,2992,Voyage to the Crystal Grotto,0,0
2026-09-17 17:20,2026-09-17 17:17,Gardens of Imagination,3896,Become Iron Man at the Marvel Universe,1,10
2026-09-17 17:20,2026-09-17 17:17,Gardens of Imagination,2993,Dumbo the Flying Elephant,1,40
2026-09-17 17:20,2026-09-17 17:17,Gardens of Imagination,2994,Fantasia Carousel,1,15
2026-09-17 17:20,2026-09-17 17:17,Gardens of Imagination,3082,Marvel Universe,1,0
2026-09-17 17:20,2026-09-17 17:17,Tomorrowland,2999,Buzz Lightyear Planet Rescue,1,5
2026-09-17 17:20,2026-09-17 17:17,Tomorrowland,3000,Jet Packs,0,0
2026-09-17 17:20,2026-09-17 17:17,Tomorrowland,16392,Pixar Adventurous Journey,1,5
2026-09-17 17:20,2026-09-17 17:17,Tomorrowland,3001,Space Chat With Stitch,1,15
2026-09-17 17:20,2026-09-17 17:17,Tomorrowland,2985,TRON Lightcycle Power Run – Presented by Chevrolet,1,60
2026-09-17 17:20,2026-09-17 17:17,Tomorrowland,4076,"TRON Realm, Chevrolet Digital Challenge",1,0
2026-09-17 17:20,2026-09-17 17:17,Toy Story Land,5633,Rex’s Racer,1,75
2026-09-17 17:20,2026-09-17 17:17,Toy Story Land,5634,Slinky Dog Spin,1,30
2026-09-17 17:20,2026-09-17 17:17,Toy Story Land,5635,Woody’s Roundup,1,50
2026-09-17 17:20,2026-09-17 17:17,Treasure Cove,2995,Explorer Canoes,0,0
2026-09-17 17:20,2026-09-17 17:17,Treasure Cove,2996,Pirates of the Caribbean Battle for the Sunken Treasure,1,20
2026-09-17 17:20,2026-09-17 17:17,Treasure Cove,2997,Shipwreck Shore,1,5
2026-09-17 17:20,2026-09-17 17:17,Treasure Cove,2998,Siren's Revenge,1,5
2026-09-17 17:20,2026-09-17 17:17,Zootopia,13819,Zootopia Hot Pursuit Single Rider,1,0
2026-09-17 17:20,2026-09-17 17:17,Zootopia,12392,Zootopia: Hot Pursuit,1,50
2026-09-17 17:25,2026-09-17 17:22,Adventure Isle,3893,Challenge Trails at Camp Discovery,1,10
2026-09-17 17:25,2026-09-17 17:22,Adventure Isle,16370,Junior Explorers Camp,1,5
2026-09-17 17:25,2026-09-17 17:22,Adventure Isle,2986,Roaring Rapids,1,35
2026-09-17 17:25,2026-09-17 17:22,Adventure Isle,3002,Soaring Over the Horizon,1,60
2026-09-17 17:25,2026-09-17 17:22,Adventure Isle,3901,Vista Trail at Camp Discovery,1,0
2026-09-17 17:25,2026-09-17 17:22,Fantasyland,3080,“Once Upon a Time” Adventure,1,5
2026-09-17 17:25,2026-09-17 17:22,Fantasyland,2987,Alice in Wonderland Maze,1,5
2026-09-17 17:25,2026-09-17 17:22,Fantasyland,2988,Hunny Pot Spin,1,20
2026-09-17 17:25,2026-09-17 17:22,Fantasyland,2989,Peter Pan’s Flight,1,30
2026-09-17 17:25,2026-09-17 17:22,Fantasyland,2990,Seven Dwarfs Mine Train,1,80
2026-09-17 17:25,2026-09-17 17:22,Fantasyland,13818,Seven Dwarfs Mine Train Single Rider,1,0
2026-09-17 17:25,2026-09-17 17:22,Fantasyland,2991,The Many Adventures of Winnie the Pooh,1,35
2026-09-17 17:25,2026-09-17 17:22,Fantasyland,2992,Voyage to the Crystal Grotto,0,0
2026-09-17 17:25,2026-09-17 17:22,Gardens of Imagination,3896,Become Iron Man at the Marvel Universe,1,10
2026-09-17 17:25,2026-09-17 17:22,Gardens of Imagination,2993,Dumbo the Flying Elephant,1,40
2026-09-17 17:25,2026-09-17 17:22,Gardens of Imagination,2994,Fantasia Carousel,1,15
2026-09-17 17:25,2026-09-17 17:22,Gardens of Imagination,3082,Marvel Universe,1,0
2026-09-17 17:25,2026-09-17 17:22,Tomorrowland,2999,Buzz Lightyear Planet Rescue,1,5
2026-09-17 17:25,2026-09-17 17:22,Tomorrowland,3000,Jet Packs,0,0
2026-09-17 17:25,2026-09-17 17:22,Tomorrowland,16392,Pixar Adventurous Journey,1,5
2026-09-17 17:25,2026-09-17 17:22,Tomorrowland,3001,Space Chat With Stitch,1,15
2026-09-17 17:25,2026-09-17 17:22,Tomorrowland,2985,TRON Lightcycle Power Run – Presented by Chevrolet,1,75
2026-09-17 17:25,2026-09-17 17:22,Tomorrowland,4076,"TRON Realm, Chevrolet Digital Challenge",1,0
2026-09-17 17:25,2026-09-17 17:22,Toy Story Land,5633,Rex’s Racer,1,75
2026-09-17 17:25,2026-09-17 17:22,Toy Story Land,5634,Slinky Dog Spin,1,30
2026-09-17 17:25,2026-09-17 17:22,Toy Story Land,5635,Woody’s Roundup,1,50
2026-09-17 17:25,2026-09-17 17:22,Treasure Cove,2995,Explorer Canoes,0,0
2026-09-17 17:25,2026-09-17 17:22,Treasure Cove,2996,Pirates of the Caribbean Battle for the Sunken Treasure,1,20
2026-09-17 17:25,2026-09-17 17:22,Treasure Cove,2997,Shipwreck Shore,1,5
2026-09-17 17:25,2026-09-17 17:22,Treasure Cove,2998,Siren's Revenge,1,5
2026-09-17 17:25,2026-09-17 17:22,Zootopia,13819,Zootopia Hot Pursuit Single Rider,1,0
2026-09-17 17:25,2026-09-17 17:22,Zootopia,12392,Zootopia: Hot Pursuit,1,50
2026-09-17 17:30,2026-09-17 17:27,Adventure Isle,3893,Challenge Trails at Camp Discovery,1,10
2026-09-17 17:30,2026-09-17 17:27,Adventure Isle,16370,Junior Explorers Camp,1,5
2026-09-17 17:30,2026-09-17 17:27,Adventure Isle,2986,Roaring Rapids,1,20
2026-09-17 17:30,2026-09-17 17:27,Adventure Isle,3002,Soaring Over the Horizon,1,60
2026-09-17 17:30,2026-09-17 17:27,Adventure Isle,3901,Vista Trail at Camp Discovery,1,0
2026-09-17 17:30,2026-09-17 17:27,Fantasyland,3080,“Once Upon a Time” Adventure,1,5
2026-09-17 17:30,2026-09-17 17:27,Fantasyland,2987,Alice in Wonderland Maze,1,5
2026-09-17 17:30,2026-09-17 17:27,Fantasyland,2988,Hunny Pot Spin,1,20
2026-09-17 17:30,2026-09-17 17:27,Fantasyland,2989,Peter Pan’s Flight,1,30
2026-09-17 17:30,2026-09-17 17:27,Fantasyland,2990,Seven Dwarfs Mine Train,1,80
2026-09-17 17:30,2026-09-17 17:27,Fantasyland,13818,Seven Dwarfs Mine Train Single Rider,1,0
2026-09-17 17:30,2026-09-17 17:27,Fantasyland,2991,The Many Adventures of Winnie the Pooh,1,30
2026-09-17 17:30,2026-09-17 17:27,Fantasyland,2992,Voyage to the Crystal Grotto,0,0
2026-09-17 17:30,2026-09-17 17:27,Gardens of Imagination,3896,Become Iron Man at the Marvel Universe,1,10
2026-09-17 17:30,2026-09-17 17:27,Gardens of Imagination,2993,Dumbo the Flying Elephant,1,40
2026-09-17 17:30,2026-09-17 17:27,Gardens of Imagination,2994,Fantasia Carousel,1,15
2026-09-17 17:30,2026-09-17 17:27,Gardens of Imagination,3082,Marvel Universe,1,0
2026-09-17 17:30,2026-09-17 17:27,Tomorrowland,2999,Buzz Lightyear Planet Rescue,1,5
2026-09-17 17:30,2026-09-17 17:27,Tomorrowland,3000,Jet Packs,0,0
2026-09-17 17:30,2026-09-17 17:27,Tomorrowland,16392,Pixar Adventurous Journey,1,5
2026-09-17 17:30,2026-09-17 17:27,Tomorrowland,3001,Space Chat With Stitch,1,15
2026-09-17 17:30,2026-09-17 17:27,Tomorrowland,2985,TRON Lightcycle Power Run – Presented by Chevrolet,1,75
2026-09-17 17:30,2026-09-17 17:27,Tomorrowland,4076,"TRON Realm, Chevrolet Digital Challenge",1,0
2026-09-17 17:30,2026-09-17 17:27,Toy Story Land,5633,Rex’s Racer,1,75
2026-09-17 17:30,2026-09-17 17:27,Toy Story Land,5634,Slinky Dog Spin,1,30
2026-09-17 17:30,2026-09-17 17:27,Toy Story Land,5635,Woody’s Roundup,1,40
2026-09-17 17:30,2026-09-17 17:27,Treasure Cove,2995,Explorer Canoes,0,0
2026-09-17 17:30,2026-09-17 17:27,Treasure Cove,2996,Pirates of the Caribbean Battle for the Sunken Treasure,1,15
2026-09-17 17:30,2026-09-17 17:27,Treasure Cove,2997,Shipwreck Shore,1,5
2026-09-17 17:30,2026-09-17 17:27,Treasure Cove,2998,Siren's Revenge,1,5
2026-09-17 17:30,2026-09-17 17:27,Zootopia,13819,Zootopia Hot Pursuit Single Rider,1,0
2026-09-17 17:30,2026-09-17 17:27,Zootopia,12392,Zootopia: Hot Pursuit,1,50
2026-09-17 17:35,2026-09-17 17:32,Adventure Isle,3893,Challenge Trails at Camp Discovery,1,10
2026-09-17 17:35,2026-09-17 17:32,Adventure Isle,16370,Junior Explorers Camp,1,5
2026-09-17 17:35,2026-09-17 17:32,Adventure Isle,2986,Roaring Rapids,1,20
2026-09-17 17:35,2026-09-17 17:32,Adventure Isle,3002,Soaring Over the Horizon,1,60
2026-09-17 17:35,2026-09-17 17:32,Adventure Isle,3901,Vista Trail at Camp Discovery,1,0
2026-09-17 17:35,2026-09-17 17:32,Fantasyland,3080,“Once Upon a Time” Adventure,1,5
2026-09-17 17:35,2026-09-17 17:32,Fantasyland,2987,Alice in Wonderland Maze,1,5
2026-09-17 17:35,2026-09-17 17:32,Fantasyland,2988,Hunny Pot Spin,1,20
2026-09-17 17:35,2026-09-17 17:32,Fantasyland,2989,Peter Pan’s Flight,1,25
2026-09-17 17:35,2026-09-17 17:32,Fantasyland,2990,Seven Dwarfs Mine Train,1,70
2026-09-17 17:35,2026-09-17 17:32,Fantasyland,13818,Seven Dwarfs Mine Train Single Rider,1,0
2026-09-17 17:35,2026-09-17 17:32,Fantasyland,2991,The Many Adventures of Winnie the Pooh,1,30
2026-09-17 17:35,2026-09-17 17:32,Fantasyland,2992,Voyage to the Crystal Grotto,0,0
2026-09-17 17:35,2026-09-17 17:32,Gardens of Imagination,3896,Become Iron Man at the Marvel Universe,1,10
2026-09-17 17:35,2026-09-17 17:32,Gardens of Imagination,2993,Dumbo the Flying Elephant,1,40
2026-09-17 17:35,2026-09-17 17:32,Gardens of Imagination,2994,Fantasia Carousel,1,15
2026-09-17 17:35,2026-09-17 17:32,Gardens of Imagination,3082,Marvel Universe,1,0
2026-09-17 17:35,2026-09-17 17:32,Tomorrowland,2999,Buzz Lightyear Planet Rescue,1,5
2026-09-17 17:35,2026-09-17 17:32,Tomorrowland,3000,Jet Packs,0,0
2026-09-17 17:35,2026-09-17 17:32,Tomorrowland,16392,Pixar Adventurous Journey,1,5
2026-09-17 17:35,2026-09-17 17:32,Tomorrowland,3001,Space Chat With Stitch,1,15
2026-09-17 17:35,2026-09-17 17:32,Tomorrowland,2985,TRON Lightcycle Power Run – Presented by Chevrolet,1,75
2026-09-17 17:35,2026-09-17 17:32,Tomorrowland,4076,"TRON Realm, Chevrolet Digital Challenge",1,0
2026-09-17 17:35,2026-09-17 17:32,Toy Story Land,5633,Rex’s Racer,1,75
2026-09-17 17:35,2026-09-17 17:32,Toy Story Land,5634,Slinky Dog Spin,1,30
2026-09-17 17:35,2026-09-17 17:32,Toy Story Land,5635,Woody’s Roundup,1,40
2026-09-17 17:35,2026-09-17 17:32,Treasure Cove,2995,Explorer Canoes,0,0
2026-09-17 17:35,2026-09-17 17:32,Treasure Cove,2996,Pirates of the Caribbean Battle for the Sunken Treasure,1,15
2026-09-17 17:35,2026-09-17 17:32,Treasure Cove,2997,Shipwreck Shore,1,5
2026-09-17 17:35,2026-09-17 17:32,Treasure Cove,2998,Siren's Revenge,1,5
2026-09-17 17:35,2026-09-17 17:32,Zootopia,13819,Zootopia Hot Pursuit Single Rider,1,0
2026-09-17 17:35,2026-09-17 17:32,Zootopia,12392,Zootopia: Hot Pursuit,1,40
2026-09-17 17:40,2026-09-17 17:37,Adventure Isle,3893,Challenge Trails at Camp Discovery,1,10
2026-09-17 17:40,2026-09-17 17:37,Adventure Isle,16370,Junior Explorers Camp,1,5
2026-09-17 17:40,2026-09-17 17:37,Adventure Isle,2986,Roaring Rapids,1,20
2026-09-17 17:40,2026-09-17 17:37,Adventure Isle,3002,Soaring Over the Horizon,1,50
2026-09-17 17:40,2026-09-17 17:37,Adventure Isle,3901,Vista Trail at Camp Discovery,1,0
2026-09-17 17:40,2026-09-17 17:37,Fantasyland,3080,“Once Upon a Time” Adventure,1,5
2026-09-17 17:40,2026-09-17 17:37,Fantasyland,2987,Alice in Wonderland Maze,1,5
2026-09-17 17:40,2026-09-17 17:37,Fantasyland,2988,Hunny Pot Spin,1,20
2026-09-17 17:40,2026-09-17 17:37,Fantasyland,2989,Peter Pan’s Flight,1,25
2026-09-17 17:40,2026-09-17 17:37,Fantasyland,2990,Seven Dwarfs Mine Train,1,70
2026-09-17 17:40,2026-09-17 17:37,Fantasyland,13818,Seven Dwarfs Mine Train Single Rider,1,0
2026-09-17 17:40,2026-09-17 17:37,Fantasyland,2991,The Many Adventures of Winnie the Pooh,1,25
2026-09-17 17:40,2026-09-17 17:37,Fantasyland,2992,Voyage to the Crystal Grotto,0,0
2026-09-17 17:40,2026-09-17 17:37,Gardens of Imagination,3896,Become Iron Man at the Marvel Universe,1,10
2026-09-17 17:40,2026-09-17 17:37,Gardens of Imagination,2993,Dumbo the Flying Elephant,1,40
2026-09-17 17:40,2026-09-17 17:37,Gardens of Imagination,2994,Fantasia Carousel,1,15
2026-09-17 17:40,2026-09-17 17:37,Gardens of Imagination,3082,Marvel Universe,1,0
2026-09-17 17:40,2026-09-17 17:37,Tomorrowland,2999,Buzz Lightyear Planet Rescue,1,5
2026-09-17 17:40,2026-09-17 17:37,Tomorrowland,3000,Jet Packs,0,0
2026-09-17 17:40,2026-09-17 17:37,Tomorrowland,16392,Pixar Adventurous Journey,1,5
2026-09-17 17:40,2026-09-17 17:37,Tomorrowland,3001,Space Chat With Stitch,1,15
2026-09-17 17:40,2026-09-17 17:37,Tomorrowland,2985,TRON Lightcycle Power Run – Presented by Chevrolet,1,75
2026-09-17 17:40,2026-09-17 17:37,Tomorrowland,4076,"TRON Realm, Chevrolet Digital Challenge",1,0
2026-09-17 17:40,2026-09-17 17:37,Toy Story Land,5633,Rex’s Racer,1,75
2026-09-17 17:40,2026-09-17 17:37,Toy Story Land,5634,Slinky Dog Spin,1,40
2026-09-17 17:40,2026-09-17 17:37,Toy Story Land,5635,Woody’s Roundup,1,40
2026-09-17 17:40,2026-09-17 17:37,Treasure Cove,2995,Explorer Canoes,0,0
2026-09-17 17:40,2026-09-17 17:37,Treasure Cove,2996,Pirates of the Caribbean Battle for the Sunken Treasure,1,15
2026-09-17 17:40,2026-09-17 17:37,Treasure Cove,2997,Shipwreck Shore,1,5
2026-09-17 17:40,2026-09-17 17:37,Treasure Cove,2998,Siren's Revenge,1,5
2026-09-17 17:40,2026-09-17 17:37,Zootopia,13819,Zootopia Hot Pursuit Single Rider,1,0
2026-09-17 17:40,2026-09-17 17:37,Zootopia,12392,Zootopia: Hot Pursuit,1,35
2026-09-17 17:45,2026-09-17 17:42,Adventure Isle,3893,Challenge Trails at Camp Discovery,1,10
2026-09-17 17:45,2026-09-17 17:42,Adventure Isle,16370,Junior Explorers Camp,1,5
2026-09-17 17:45,2026-09-17 17:42,Adventure Isle,2986,Roaring Rapids,1,20
2026-09-17 17:45,2026-09-17 17:42,Adventure Isle,3002,Soaring Over the Horizon,1,50
2026-09-17 17:45,2026-09-17 17:42,Adventure Isle,3901,Vista Trail at Camp Discovery,1,0
2026-09-17 17:45,2026-09-17 17:42,Fantasyland,3080,“Once Upon a Time” Adventure,1,5
2026-09-17 17:45,2026-09-17 17:42,Fantasyland,2987,Alice in Wonderland Maze,1,5
2026-09-17 17:45,2026-09-17 17:42,Fantasyland,2988,Hunny Pot Spin,1,30
2026-09-17 17:45,2026-09-17 17:42,Fantasyland,2989,Peter Pan’s Flight,1,25
2026-09-17 17:45,2026-09-17 17:42,Fantasyland,2990,Seven Dwarfs Mine Train,1,70
2026-09-17 17:45,2026-09-17 17:42,Fantasyland,13818,Seven Dwarfs Mine Train Single Rider,1,0
2026-09-17 17:45,2026-09-17 17:42,Fantasyland,2991,The Many Adventures of Winnie the Pooh,1,25
2026-09-17 17:45,2026-09-17 17:42,Fantasyland,2992,Voyage to the Crystal Grotto,0,0
2026-09-17 17:45,2026-09-17 17:42,Gardens of Imagination,3896,Become Iron Man at the Marvel Universe,1,10
2026-09-17 17:45,2026-09-17 17:42,Gardens of Imagination,2993,Dumbo the Flying Elephant,1,40
2026-09-17 17:45,2026-09-17 17:42,Gardens of Imagination,2994,Fantasia Carousel,1,10
2026-09-17 17:45,2026-09-17 17:42,Gardens of Imagination,3082,Marvel Universe,1,0
2026-09-17 17:45,2026-09-17 17:42,Tomorrowland,2999,Buzz Lightyear Planet Rescue,1,5
2026-09-17 17:45,2026-09-17 17:42,Tomorrowland,3000,Jet Packs,0,0
2026-09-17 17:45,2026-09-17 17:42,Tomorrowland,16392,Pixar Adventurous Journey,1,5
2026-09-17 17:45,2026-09-17 17:42,Tomorrowland,3001,Space Chat With Stitch,1,15
2026-09-17 17:45,2026-09-17 17:42,Tomorrowland,2985,TRON Lightcycle Power Run – Presented by Chevrolet,1,75
2026-09-17 17:45,2026-09-17 17:42,Tomorrowland,4076,"TRON Realm, Chevrolet Digital Challenge",1,0
2026-09-17 17:45,2026-09-17 17:42,Toy Story Land,5633,Rex’s Racer,1,75
2026-09-17 17:45,2026-09-17 17:42,Toy Story Land,5634,Slinky Dog Spin,1,40
2026-09-17 17:45,2026-09-17 17:42,Toy Story Land,5635,Woody’s Roundup,1,40
2026-09-17 17:45,2026-09-17 17:42,Treasure Cove,2995,Explorer Canoes,0,0
2026-09-17 17:45,2026-09-17 17:42,Treasure Cove,2996,Pirates of the Caribbean Battle for the Sunken Treasure,1,15
2026-09-17 17:45,2026-09-17 17:42,Treasure Cove,2997,Shipwreck Shore,1,5
2026-09-17 17:45,2026-09-17 17:42,Treasure Cove,2998,Siren's Revenge,1,5
2026-09-17 17:45,2026-09-17 17:42,Zootopia,13819,Zootopia Hot Pursuit Single Rider,1,0
2026-09-17 17:45,2026-09-17 17:42,Zootopia,12392,Zootopia: Hot Pursuit,1,35
2026-09-17 17:50,2026-09-17 17:48,Adventure Isle,3893,Challenge Trails at Camp Discovery,1,10
2026-09-17 17:50,2026-09-17 17:48,Adventure Isle,16370,Junior Explorers Camp,1,5
2026-09-17 17:50,2026-09-17 17:48,Adventure Isle,2986,Roaring Rapids,1,20
2026-09-17 17:50,2026-09-17 17:48,Adventure Isle,3002,Soaring Over the Horizon,1,50
2026-09-17 17:50,2026-09-17 17:48,Adventure Isle,3901,Vista Trail at Camp Discovery,1,0
2026-09-17 17:50,2026-09-17 17:48,Fantasyland,3080,“Once Upon a Time” Adventure,1,5
2026-09-17 17:50,2026-09-17 17:48,Fantasyland,2987,Alice in Wonderland Maze,1,5
2026-09-17 17:50,2026-09-17 17:48,Fantasyland,2988,Hunny Pot Spin,1,40
2026-09-17 17:50,2026-09-17 17:48,Fantasyland,2989,Peter Pan’s Flight,1,35
2026-09-17 17:50,2026-09-17 17:48,Fantasyland,2990,Seven Dwarfs Mine Train,1,70
2026-09-17 17:50,2026-09-17 17:48,Fantasyland,13818,Seven Dwarfs Mine Train Single Rider,1,0
2026-09-17 17:50,2026-09-17 17:48,Fantasyland,2991,The Many Adventures of Winnie the Pooh,1,20
2026-09-17 17:50,2026-09-17 17:48,Fantasyland,2992,Voyage to the Crystal Grotto,0,0
2026-09-17 17:50,2026-09-17 17:48,Gardens of Imagination,3896,Become Iron Man at the Marvel Universe,1,10
2026-09-17 17:50,2026-09-17 17:48,Gardens of Imagination,2993,Dumbo the Flying Elephant,1,30
2026-09-17 17:50,2026-09-17 17:48,Gardens of Imagination,2994,Fantasia Carousel,1,10
2026-09-17 17:50,2026-09-17 17:48,Gardens of Imagination,3082,Marvel Universe,1,0
2026-09-17 17:50,2026-09-17 17:48,Tomorrowland,2999,Buzz Lightyear Planet Rescue,1,5
2026-09-17 17:50,2026-09-17 17:48,Tomorrowland,3000,Jet Packs,0,0
2026-09-17 17:50,2026-09-17 17:48,Tomorrowland,16392,Pixar Adventurous Journey,1,5
2026-09-17 17:50,2026-09-17 17:48,Tomorrowland,3001,Space Chat With Stitch,1,15
2026-09-17 17:50,2026-09-17 17:48,Tomorrowland,2985,TRON Lightcycle Power Run – Presented by Chevrolet,1,75
2026-09-17 17:50,2026-09-17 17:48,Tomorrowland,4076,"TRON Realm, Chevrolet Digital Challenge",1,0
2026-09-17 17:50,2026-09-17 17:48,Toy Story Land,5633,Rex’s Racer,1,75
2026-09-17 17:50,2026-09-17 17:48,Toy Story Land,5634,Slinky Dog Spin,1,40
2026-09-17 17:50,2026-09-17 17:48,Toy Story Land,5635,Woody’s Roundup,1,50
2026-09-17 17:50,2026-09-17 17:48,Treasure Cove,2995,Explorer Canoes,0,0
2026-09-17 17:50,2026-09-17 17:48,Treasure Cove,2996,Pirates of the Caribbean Battle for the Sunken Treasure,1,15
2026-09-17 17:50,2026-09-17 17:48,Treasure Cove,2997,Shipwreck Shore,1,5
2026-09-17 17:50,2026-09-17 17:48,Treasure Cove,2998,Siren's Revenge,1,5
2026-09-17 17:50,2026-09-17 17:48,Zootopia,13819,Zootopia Hot Pursuit Single Rider,1,0
2026-09-17 17:50,2026-09-17 17:48,Zootopia,12392,Zootopia: Hot Pursuit,1,35
2026-09-17 17:55,2026-09-17 17:52,Adventure Isle,3893,Challenge Trails at Camp Discovery,1,10
2026-09-17 17:55,2026-09-17 17:52,Adventure Isle,16370,Junior Explorers Camp,1,5
2026-09-17 17:55,2026-09-17 17:52,Adventure Isle,2986,Roaring Rapids,1,15
2026-09-17 17:55,2026-09-17 17:52,Adventure Isle,3002,Soaring Over the Horizon,1,50
2026-09-17 17:55,2026-09-17 17:52,Adventure Isle,3901,Vista Trail at Camp Discovery,1,0
2026-09-17 17:55,2026-09-17 17:52,Fantasyland,3080,“Once Upon a Time” Adventure,1,5
2026-09-17 17:55,2026-09-17 17:52,Fantasyland,2987,Alice in Wonderland Maze,1,5
2026-09-17 17:55,2026-09-17 17:52,Fantasyland,2988,Hunny Pot Spin,1,40
2026-09-17 17:55,2026-09-17 17:52,Fantasyland,2989,Peter Pan’s Flight,1,35
2026-09-17 17:55,2026-09-17 17:52,Fantasyland,2990,Seven Dwarfs Mine Train,1,70
2026-09-17 17:55,2026-09-17 17:52,Fantasyland,13818,Seven Dwarfs Mine Train Single Rider,1,0
2026-09-17 17:55,2026-09-17 17:52,Fantasyland,2991,The Many Adventures of Winnie the Pooh,1,30
2026-09-17 17:55,2026-09-17 17:52,Fantasyland,2992,Voyage to the Crystal Grotto,0,0
2026-09-17 17:55,2026-09-17 17:52,Gardens of Imagination,3896,Become Iron Man at the Marvel Universe,1,10
2026-09-17 17:55,2026-09-17 17:52,Gardens of Imagination,2993,Dumbo the Flying Elephant,1,40
2026-09-17 17:55,2026-09-17 17:52,Gardens of Imagination,2994,Fantasia Carousel,1,10
2026-09-17 17:55,2026-09-17 17:52,Gardens of Imagination,3082,Marvel Universe,1,0
2026-09-17 17:55,2026-09-17 17:52,Tomorrowland,2999,Buzz Lightyear Planet Rescue,1,5
2026-09-17 17:55,2026-09-17 17:52,Tomorrowland,3000,Jet Packs,0,0
2026-09-17 17:55,2026-09-17 17:52,Tomorrowland,16392,Pixar Adventurous Journey,1,5
2026-09-17 17:55,2026-09-17 17:52,Tomorrowland,3001,Space Chat With Stitch,1,15
2026-09-17 17:55,2026-09-17 17:52,Tomorrowland,2985,TRON Lightcycle Power Run – Presented by Chevrolet,1,75
2026-09-17 17:55,2026-09-17 17:52,Tomorrowland,4076,"TRON Realm, Chevrolet Digital Challenge",1,0
2026-09-17 17:55,2026-09-17 17:52,Toy Story Land,5633,Rex’s Racer,1,75
2026-09-17 17:55,2026-09-17 17:52,Toy Story Land,5634,Slinky Dog Spin,1,40
2026-09-17 17:55,2026-09-17 17:52,Toy Story Land,5635,Woody’s Roundup,1,50
2026-09-17 17:55,2026-09-17 17:52,Treasure Cove,2995,Explorer Canoes,0,0
2026-09-17 17:55,2026-09-17 17:52,Treasure Cove,2996,Pirates of the Caribbean Battle for the Sunken Treasure,1,15
2026-09-17 17:55,2026-09-17 17:52,Treasure Cove,2997,Shipwreck Shore,1,5
2026-09-17 17:55,2026-09-17 17:52,Treasure Cove,2998,Siren's Revenge,1,5
2026-09-17 17:55,2026-09-17 17:52,Zootopia,13819,Zootopia Hot Pursuit Single Rider,1,0
2026-09-17 17:55,2026-09-17 17:52,Zootopia,12392,Zootopia: Hot Pursuit,1,45
2026-09-17 18:00,2026-09-17 17:57,Adventure Isle,3893,Challenge Trails at Camp Discovery,1,10
2026-09-17 18:00,2026-09-17 17:57,Adventure Isle,16370,Junior Explorers Camp,1,5
2026-09-17 18:00,2026-09-17 17:57,Adventure Isle,2986,Roaring Rapids,1,15
2026-09-17 18:00,2026-09-17 17:57,Adventure Isle,3002,Soaring Over the Horizon,1,50
2026-09-17 18:00,2026-09-17 17:57,Adventure Isle,3901,Vista Trail at Camp Discovery,1,0
2026-09-17 18:00,2026-09-17 17:57,Fantasyland,3080,“Once Upon a Time” Adventure,1,5
2026-09-17 18:00,2026-09-17 17:57,Fantasyland,2987,Alice in Wonderland Maze,1,5
2026-09-17 18:00,2026-09-17 17:57,Fantasyland,2988,Hunny Pot Spin,1,40
2026-09-17 18:00,2026-09-17 17:57,Fantasyland,2989,Peter Pan’s Flight,1,35
2026-09-17 18:00,2026-09-17 17:57,Fantasyland,2990,Seven Dwarfs Mine Train,1,70
2026-09-17 18:00,2026-09-17 17:57,Fantasyland,13818,Seven Dwarfs Mine Train Single Rider,1,0
2026-09-17 18:00,2026-09-17 17:57,Fantasyland,2991,The Many Adventures of Winnie the Pooh,1,35
2026-09-17 18:00,2026-09-17 17:57,Fantasyland,2992,Voyage to the Crystal Grotto,0,0
2026-09-17 18:00,2026-09-17 17:57,Gardens of Imagination,3896,Become Iron Man at the Marvel Universe,1,10
2026-09-17 18:00,2026-09-17 17:57,Gardens of Imagination,2993,Dumbo the Flying Elephant,1,40
2026-09-17 18:00,2026-09-17 17:57,Gardens of Imagination,2994,Fantasia Carousel,1,10
2026-09-17 18:00,2026-09-17 17:57,Gardens of Imagination,3082,Marvel Universe,1,0
2026-09-17 18:00,2026-09-17 17:57,Tomorrowland,2999,Buzz Lightyear Planet Rescue,1,5
2026-09-17 18:00,2026-09-17 17:57,Tomorrowland,3000,Jet Packs,0,0
2026-09-17 18:00,2026-09-17 17:57,Tomorrowland,16392,Pixar Adventurous Journey,1,5
2026-09-17 18:00,2026-09-17 17:57,Tomorrowland,3001,Space Chat With Stitch,1,15
2026-09-17 18:00,2026-09-17 17:57,Tomorrowland,2985,TRON Lightcycle Power Run – Presented by Chevrolet,1,75
2026-09-17 18:00,2026-09-17 17:57,Tomorrowland,4076,"TRON Realm, Chevrolet Digital Challenge",1,0
2026-09-17 18:00,2026-09-17 17:57,Toy Story Land,5633,Rex’s Racer,1,75
2026-09-17 18:00,2026-09-17 17:57,Toy Story Land,5634,Slinky Dog Spin,1,40
2026-09-17 18:00,2026-09-17 17:57,Toy Story Land,5635,Woody’s Roundup,1,40
2026-09-17 18:00,2026-09-17 17:57,Treasure Cove,2995,Explorer Canoes,0,0
2026-09-17 18:00,2026-09-17 17:57,Treasure Cove,2996,Pirates of the Caribbean Battle for the Sunken Treasure,1,10
2026-09-17 18:00,2026-09-17 17:57,Treasure Cove,2997,Shipwreck Shore,1,5
2026-09-17 18:00,2026-09-17 17:57,Treasure Cove,2998,Siren's Revenge,1,5
2026-09-17 18:00,2026-09-17 17:57,Zootopia,13819,Zootopia Hot Pursuit Single Rider,1,0
2026-09-17 18:00,2026-09-17 17:57,Zootopia,12392,Zootopia: Hot Pursuit,1,45
2026-09-17 18:05,2026-09-17 18:02,Adventure Isle,3893,Challenge Trails at Camp Discovery,1,10
2026-09-17 18:05,2026-09-17 18:02,Adventure Isle,16370,Junior Explorers Camp,1,5
2026-09-17 18:05,2026-09-17 18:02,Adventure Isle,2986,Roaring Rapids,1,15
2026-09-17 18:05,2026-09-17 18:02,Adventure Isle,3002,Soaring Over the Horizon,1,45
2026-09-17 18:05,2026-09-17 18:02,Adventure Isle,3901,Vista Trail at Camp Discovery,1,0
2026-09-17 18:05,2026-09-17 18:02,Fantasyland,3080,“Once Upon a Time” Adventure,1,5
2026-09-17 18:05,2026-09-17 18:02,Fantasyland,2987,Alice in Wonderland Maze,1,5
2026-09-17 18:05,2026-09-17 18:02,Fantasyland,2988,Hunny Pot Spin,1,40
2026-09-17 18:05,2026-09-17 18:02,Fantasyland,2989,Peter Pan’s Flight,1,35
2026-09-17 18:05,2026-09-17 18:02,Fantasyland,2990,Seven Dwarfs Mine Train,1,70
2026-09-17 18:05,2026-09-17 18:02,Fantasyland,13818,Seven Dwarfs Mine Train Single Rider,1,0
2026-09-17 18:05,2026-09-17 18:02,Fantasyland,2991,The Many Adventures of Winnie the Pooh,1,35
2026-09-17 18:05,2026-09-17 18:02,Fantasyland,2992,Voyage to the Crystal Grotto,0,0
2026-09-17 18:05,2026-09-17 18:02,Gardens of Imagination,3896,Become Iron Man at the Marvel Universe,1,10
2026-09-17 18:05,2026-09-17 18:02,Gardens of Imagination,2993,Dumbo the Flying Elephant,1,40
2026-09-17 18:05,2026-09-17 18:02,Gardens of Imagination,2994,Fantasia Carousel,1,10
2026-09-17 18:05,2026-09-17 18:02,Gardens of Imagination,3082,Marvel Universe,1,0
2026-09-17 18:05,2026-09-17 18:02,Tomorrowland,2999,Buzz Lightyear Planet Rescue,1,5
2026-09-17 18:05,2026-09-17 18:02,Tomorrowland,3000,Jet Packs,0,0
2026-09-17 18:05,2026-09-17 18:02,Tomorrowland,16392,Pixar Adventurous Journey,1,5
2026-09-17 18:05,2026-09-17 18:02,Tomorrowland,3001,Space Chat With Stitch,1,15
2026-09-17 18:05,2026-09-17 18:02,Tomorrowland,2985,TRON Lightcycle Power Run – Presented by Chevrolet,1,75
2026-09-17 18:05,2026-09-17 18:02,Tomorrowland,4076,"TRON Realm, Chevrolet Digital Challenge",1,0
2026-09-17 18:05,2026-09-17 18:02,Toy Story Land,5633,Rex’s Racer,1,75
2026-09-17 18:05,2026-09-17 18:02,Toy Story Land,5634,Slinky Dog Spin,1,40
2026-09-17 18:05,2026-09-17 18:02,Toy Story Land,5635,Woody’s Roundup,1,40
2026-09-17 18:05,2026-09-17 18:02,Treasure Cove,2995,Explorer Canoes,0,0
2026-09-17 18:05,2026-09-17 18:02,Treasure Cove,2996,Pirates of the Caribbean Battle for the Sunken Treasure,1,10
2026-09-17 18:05,2026-09-17 18:02,Treasure Cove,2997,Shipwreck Shore,1,5
2026-09-17 18:05,2026-09-17 18:02,Treasure Cove,2998,Siren's Revenge,1,5
2026-09-17 18:05,2026-09-17 18:02,Zootopia,13819,Zootopia Hot Pursuit Single Rider,1,0
2026-09-17 18:05,2026-09-17 18:02,Zootopia,12392,Zootopia: Hot Pursuit,1,55
2026-09-17 18:10,2026-09-17 18:07,Adventure Isle,3893,Challenge Trails at Camp Discovery,1,10
2026-09-17 18:10,2026-09-17 18:07,Adventure Isle,16370,Junior Explorers Camp,1,5
2026-09-17 18:10,2026-09-17 18:07,Adventure Isle,2986,Roaring Rapids,1,20
2026-09-17 18:10,2026-09-17 18:07,Adventure Isle,3002,Soaring Over the Horizon,1,45
2026-09-17 18:10,2026-09-17 18:07,Adventure Isle,3901,Vista Trail at Camp Discovery,1,0
2026-09-17 18:10,2026-09-17 18:07,Fantasyland,3080,“Once Upon a Time” Adventure,1,5
2026-09-17 18:10,2026-09-17 18:07,Fantasyland,2987,Alice in Wonderland Maze,1,5
2026-09-17 18:10,2026-09-17 18:07,Fantasyland,2988,Hunny Pot Spin,1,40
2026-09-17 18:10,2026-09-17 18:07,Fantasyland,2989,Peter Pan’s Flight,1,35
2026-09-17 18:10,2026-09-17 18:07,Fantasyland,2990,Seven Dwarfs Mine Train,1,70
2026-09-17 18:10,2026-09-17 18:07,Fantasyland,13818,Seven Dwarfs Mine Train Single Rider,1,0
2026-09-17 18:10,2026-09-17 18:07,Fantasyland,2991,The Many Adventures of Winnie the Pooh,1,40
2026-09-17 18:10,2026-09-17 18:07,Fantasyland,2992,Voyage to the Crystal Grotto,0,0
2026-09-17 18:10,2026-09-17 18:07,Gardens of Imagination,3896,Become Iron Man at the Marvel Universe,1,10
2026-09-17 18:10,2026-09-17 18:07,Gardens of Imagination,2993,Dumbo the Flying Elephant,1,40
2026-09-17 18:10,2026-09-17 18:07,Gardens of Imagination,2994,Fantasia Carousel,1,5
2026-09-17 18:10,2026-09-17 18:07,Gardens of Imagination,3082,Marvel Universe,1,0
2026-09-17 18:10,2026-09-17 18:07,Tomorrowland,2999,Buzz Lightyear Planet Rescue,1,5
2026-09-17 18:10,2026-09-17 18:07,Tomorrowland,3000,Jet Packs,0,0
2026-09-17 18:10,2026-09-17 18:07,Tomorrowland,16392,Pixar Adventurous Journey,0,0
2026-09-17 18:10,2026-09-17 18:07,Tomorrowland,3001,Space Chat With Stitch,0,0
2026-09-17 18:10,2026-09-17 18:07,Tomorrowland,2985,TRON Lightcycle Power Run – Presented by Chevrolet,1,75
2026-09-17 18:10,2026-09-17 18:07,Tomorrowland,4076,"TRON Realm, Chevrolet Digital Challenge",1,0
2026-09-17 18:10,2026-09-17 18:07,Toy Story Land,5633,Rex’s Racer,1,75
2026-09-17 18:10,2026-09-17 18:07,Toy Story Land,5634,Slinky Dog Spin,1,40
2026-09-17 18:10,2026-09-17 18:07,Toy Story Land,5635,Woody’s Roundup,1,40
2026-09-17 18:10,2026-09-17 18:07,Treasure Cove,2995,Explorer Canoes,0,0
2026-09-17 18:10,2026-09-17 18:07,Treasure Cove,2996,Pirates of the Caribbean Battle for the Sunken Treasure,1,10
2026-09-17 18:10,2026-09-17 18:07,Treasure Cove,2997,Shipwreck Shore,1,5
2026-09-17 18:10,2026-09-17 18:07,Treasure Cove,2998,Siren's Revenge,1,5
2026-09-17 18:10,2026-09-17 18:07,Zootopia,13819,Zootopia Hot Pursuit Single Rider,1,0
2026-09-17 18:10,2026-09-17 18:07,Zootopia,12392,Zootopia: Hot Pursuit,1,55
2026-09-17 18:15,2026-09-17 18:12,Adventure Isle,3893,Challenge Trails at Camp Discovery,1,10
2026-09-17 18:15,2026-09-17 18:12,Adventure Isle,16370,Junior Explorers Camp,1,5
2026-09-17 18:15,2026-09-17 18:12,Adventure Isle,2986,Roaring Rapids,1,20
2026-09-17 18:15,2026-09-17 18:12,Adventure Isle,3002,Soaring Over the Horizon,1,45
2026-09-17 18:15,2026-09-17 18:12,Adventure Isle,3901,Vista Trail at Camp Discovery,1,0
2026-09-17 18:15,2026-09-17 18:12,Fantasyland,3080,“Once Upon a Time” Adventure,1,5
2026-09-17 18:15,2026-09-17 18:12,Fantasyland,2987,Alice in Wonderland Maze,1,5
2026-09-17 18:15,2026-09-17 18:12,Fantasyland,2988,Hunny Pot Spin,1,40
2026-09-17 18:15,2026-09-17 18:12,Fantasyland,2989,Peter Pan’s Flight,1,25
2026-09-17 18:15,2026-09-17 18:12,Fantasyland,2990,Seven Dwarfs Mine Train,1,70
2026-09-17 18:15,2026-09-17 18:12,Fantasyland,13818,Seven Dwarfs Mine Train Single Rider,1,0
2026-09-17 18:15,2026-09-17 18:12,Fantasyland,2991,The Many Adventures of Winnie the Pooh,1,30
2026-09-17 18:15,2026-09-17 18:12,Fantasyland,2992,Voyage to the Crystal Grotto,0,0
2026-09-17 18:15,2026-09-17 18:12,Gardens of Imagination,3896,Become Iron Man at the Marvel Universe,1,10
2026-09-17 18:15,2026-09-17 18:12,Gardens of Imagination,2993,Dumbo the Flying Elephant,1,40
2026-09-17 18:15,2026-09-17 18:12,Gardens of Imagination,2994,Fantasia Carousel,1,5
2026-09-17 18:15,2026-09-17 18:12,Gardens of Imagination,3082,Marvel Universe,1,0
2026-09-17 18:15,2026-09-17 18:12,Tomorrowland,2999,Buzz Lightyear Planet Rescue,1,5
2026-09-17 18:15,2026-09-17 18:12,Tomorrowland,3000,Jet Packs,0,0
2026-09-17 18:15,2026-09-17 18:12,Tomorrowland,16392,Pixar Adventurous Journey,0,0
2026-09-17 18:15,2026-09-17 18:12,Tomorrowland,3001,Space Chat With Stitch,0,0
2026-09-17 18:15,2026-09-17 18:12,Tomorrowland,2985,TRON Lightcycle Power Run – Presented by Chevrolet,1,75
2026-09-17 18:15,2026-09-17 18:12,Tomorrowland,4076,"TRON Realm, Chevrolet Digital Challenge",1,0
2026-09-17 18:15,2026-09-17 18:12,Toy Story Land,5633,Rex’s Racer,1,75
2026-09-17 18:15,2026-09-17 18:12,Toy Story Land,5634,Slinky Dog Spin,1,40
2026-09-17 18:15,2026-09-17 18:12,Toy Story Land,5635,Woody’s Roundup,1,40
2026-09-17 18:15,2026-09-17 18:12,Treasure Cove,2995,Explorer Canoes,0,0
2026-09-17 18:15,2026-09-17 18:12,Treasure Cove,2996,Pirates of the Caribbean Battle for the Sunken Treasure,1,10
2026-09-17 18:15,2026-09-17 18:12,Treasure Cove,2997,Shipwreck Shore,1,5
2026-09-17 18:15,2026-09-17 18:12,Treasure Cove,2998,Siren's Revenge,1,5
2026-09-17 18:15,2026-09-17 18:12,Zootopia,13819,Zootopia Hot Pursuit Single Rider,1,0
2026-09-17 18:15,2026-09-17 18:12,Zootopia,12392,Zootopia: Hot Pursuit,1,55
2026-09-17 18:20,2026-09-17 18:17,Adventure Isle,3893,Challenge Trails at Camp Discovery,1,10
2026-09-17 18:20,2026-09-17 18:17,Adventure Isle,16370,Junior Explorers Camp,1,5
2026-09-17 18:20,2026-09-17 18:17,Adventure Isle,2986,Roaring Rapids,1,20
2026-09-17 18:20,2026-09-17 18:17,Adventure Isle,3002,Soaring Over the Horizon,1,50
2026-09-17 18:20,2026-09-17 18:17,Adventure Isle,3901,Vista Trail at Camp Discovery,1,0
2026-09-17 18:20,2026-09-17 18:17,Fantasyland,3080,“Once Upon a Time” Adventure,1,5
2026-09-17 18:20,2026-09-17 18:17,Fantasyland,2987,Alice in Wonderland Maze,1,5
2026-09-17 18:20,2026-09-17 18:17,Fantasyland,2988,Hunny Pot Spin,1,40
2026-09-17 18:20,2026-09-17 18:17,Fantasyland,2989,Peter Pan’s Flight,1,25
2026-09-17 18:20,2026-09-17 18:17,Fantasyland,2990,Seven Dwarfs Mine Train,1,70
2026-09-17 18:20,2026-09-17 18:17,Fantasyland,13818,Seven Dwarfs Mine Train Single Rider,1,0
2026-09-17 18:20,2026-09-17 18:17,Fantasyland,2991,The Many Adventures of Winnie the Pooh,1,30
2026-09-17 18:20,2026-09-17 18:17,Fantasyland,2992,Voyage to the Crystal Grotto,0,0
2026-09-17 18:20,2026-09-17 18:17,Gardens of Imagination,3896,Become Iron Man at the Marvel Universe,1,10
2026-09-17 18:20,2026-09-17 18:17,Gardens of Imagination,2993,Dumbo the Flying Elephant,1,40
2026-09-17 18:20,2026-09-17 18:17,Gardens of Imagination,2994,Fantasia Carousel,1,5
2026-09-17 18:20,2026-09-17 18:17,Gardens of Imagination,3082,Marvel Universe,1,0
2026-09-17 18:20,2026-09-17 18:17,Tomorrowland,2999,Buzz Lightyear Planet Rescue,1,5
2026-09-17 18:20,2026-09-17 18:17,Tomorrowland,3000,Jet Packs,0,0
2026-09-17 18:20,2026-09-17 18:17,Tomorrowland,16392,Pixar Adventurous Journey,0,0
2026-09-17 18:20,2026-09-17 18:17,Tomorrowland,3001,Space Chat With Stitch,0,0
2026-09-17 18:20,2026-09-17 18:17,Tomorrowland,2985,TRON Lightcycle Power Run – Presented by Chevrolet,1,75
2026-09-17 18:20,2026-09-17 18:17,Tomorrowland,4076,"TRON Realm, Chevrolet Digital Challenge",1,0
2026-09-17 18:20,2026-09-17 18:17,Toy Story Land,5633,Rex’s Racer,1,75
2026-09-17 18:20,2026-09-17 18:17,Toy Story Land,5634,Slinky Dog Spin,1,40
2026-09-17 18:20,2026-09-17 18:17,Toy Story Land,5635,Woody’s Roundup,1,40
2026-09-17 18:20,2026-09-17 18:17,Treasure Cove,2995,Explorer Canoes,0,0
2026-09-17 18:20,2026-09-17 18:17,Treasure Cove,2996,Pirates of the Caribbean Battle for the Sunken Treasure,1,10
2026-09-17 18:20,2026-09-17 18:17,Treasure Cove,2997,Shipwreck Shore,1,5
2026-09-17 18:20,2026-09-17 18:17,Treasure Cove,2998,Siren's Revenge,1,5
2026-09-17 18:20,2026-09-17 18:17,Zootopia,13819,Zootopia Hot Pursuit Single Rider,1,0
2026-09-17 18:20,2026-09-17 18:17,Zootopia,12392,Zootopia: Hot Pursuit,1,55
2026-09-17 18:25,2026-09-17 18:22,Adventure Isle,3893,Challenge Trails at Camp Discovery,1,10
2026-09-17 18:25,2026-09-17 18:22,Adventure Isle,16370,Junior Explorers Camp,1,5
2026-09-17 18:25,2026-09-17 18:22,Adventure Isle,2986,Roaring Rapids,1,20
2026-09-17 18:25,2026-09-17 18:22,Adventure Isle,3002,Soaring Over the Horizon,1,50
2026-09-17 18:25,2026-09-17 18:22,Adventure Isle,3901,Vista Trail at Camp Discovery,1,0
2026-09-17 18:25,2026-09-17 18:22,Fantasyland,3080,“Once Upon a Time” Adventure,1,5
2026-09-17 18:25,2026-09-17 18:22,Fantasyland,2987,Alice in Wonderland Maze,1,5
2026-09-17 18:25,2026-09-17 18:22,Fantasyland,2988,Hunny Pot Spin,1,20
2026-09-17 18:25,2026-09-17 18:22,Fantasyland,2989,Peter Pan’s Flight,1,25
2026-09-17 18:25,2026-09-17 18:22,Fantasyland,2990,Seven Dwarfs Mine Train,1,70
2026-09-17 18:25,2026-09-17 18:22,Fantasyland,13818,Seven Dwarfs Mine Train Single Rider,1,0
2026-09-17 18:25,2026-09-17 18:22,Fantasyland,2991,The Many Adventures of Winnie the Pooh,1,30
2026-09-17 18:25,2026-09-17 18:22,Fantasyland,2992,Voyage to the Crystal Grotto,0,0
2026-09-17 18:25,2026-09-17 18:22,Gardens of Imagination,3896,Become Iron Man at the Marvel Universe,1,10
2026-09-17 18:25,2026-09-17 18:22,Gardens of Imagination,2993,Dumbo the Flying Elephant,1,30
2026-09-17 18:25,2026-09-17 18:22,Gardens of Imagination,2994,Fantasia Carousel,1,30
2026-09-17 18:25,2026-09-17 18:22,Gardens of Imagination,3082,Marvel Universe,1,0
2026-09-17 18:25,2026-09-17 18:22,Tomorrowland,2999,Buzz Lightyear Planet Rescue,1,5
2026-09-17 18:25,2026-09-17 18:22,Tomorrowland,3000,Jet Packs,0,0
2026-09-17 18:25,2026-09-17 18:22,Tomorrowland,16392,Pixar Adventurous Journey,0,0
2026-09-17 18:25,2026-09-17 18:22,Tomorrowland,3001,Space Chat With Stitch,0,0
2026-09-17 18:25,2026-09-17 18:22,Tomorrowland,2985,TRON Lightcycle Power Run – Presented by Chevrolet,1,75
2026-09-17 18:25,2026-09-17 18:22,Tomorrowland,4076,"TRON Realm, Chevrolet Digital Challenge",1,0
2026-09-17 18:25,2026-09-17 18:22,Toy Story Land,5633,Rex’s Racer,1,75
2026-09-17 18:25,2026-09-17 18:22,Toy Story Land,5634,Slinky Dog Spin,1,30
2026-09-17 18:25,2026-09-17 18:22,Toy Story Land,5635,Woody’s Roundup,1,40
2026-09-17 18:25,2026-09-17 18:22,Treasure Cove,2995,Explorer Canoes,0,0
2026-09-17 18:25,2026-09-17 18:22,Treasure Cove,2996,Pirates of the Caribbean Battle for the Sunken Treasure,1,10
2026-09-17 18:25,2026-09-17 18:22,Treasure Cove,2997,Shipwreck Shore,1,5
2026-09-17 18:25,2026-09-17 18:22,Treasure Cove,2998,Siren's Revenge,1,5
2026-09-17 18:25,2026-09-17 18:22,Zootopia,13819,Zootopia Hot Pursuit Single Rider,1,0
2026-09-17 18:25,2026-09-17 18:22,Zootopia,12392,Zootopia: Hot Pursuit,1,55
2026-09-17 18:30,2026-09-17 18:27,Adventure Isle,3893,Challenge Trails at Camp Discovery,1,10
2026-09-17 18:30,2026-09-17 18:27,Adventure Isle,16370,Junior Explorers Camp,1,5
2026-09-17 18:30,2026-09-17 18:27,Adventure Isle,2986,Roaring Rapids,1,20
2026-09-17 18:30,2026-09-17 18:27,Adventure Isle,3002,Soaring Over the Horizon,1,50
2026-09-17 18:30,2026-09-17 18:27,Adventure Isle,3901,Vista Trail at Camp Discovery,1,0
2026-09-17 18:30,2026-09-17 18:27,Fantasyland,3080,“Once Upon a Time” Adventure,1,5
2026-09-17 18:30,2026-09-17 18:27,Fantasyland,2987,Alice in Wonderland Maze,1,5
2026-09-17 18:30,2026-09-17 18:27,Fantasyland,2988,Hunny Pot Spin,1,20
2026-09-17 18:30,2026-09-17 18:27,Fantasyland,2989,Peter Pan’s Flight,1,25
2026-09-17 18:30,2026-09-17 18:27,Fantasyland,2990,Seven Dwarfs Mine Train,1,70
2026-09-17 18:30,2026-09-17 18:27,Fantasyland,13818,Seven Dwarfs Mine Train Single Rider,1,0
2026-09-17 18:30,2026-09-17 18:27,Fantasyland,2991,The Many Adventures of Winnie the Pooh,1,30
2026-09-17 18:30,2026-09-17 18:27,Fantasyland,2992,Voyage to the Crystal Grotto,0,0
2026-09-17 18:30,2026-09-17 18:27,Gardens of Imagination,3896,Become Iron Man at the Marvel Universe,1,10
2026-09-17 18:30,2026-09-17 18:27,Gardens of Imagination,2993,Dumbo the Flying Elephant,1,30
2026-09-17 18:30,2026-09-17 18:27,Gardens of Imagination,2994,Fantasia Carousel,1,30
2026-09-17 18:30,2026-09-17 18:27,Gardens of Imagination,3082,Marvel Universe,1,0
2026-09-17 18:30,2026-09-17 18:27,Tomorrowland,2999,Buzz Lightyear Planet Rescue,1,5
2026-09-17 18:30,2026-09-17 18:27,Tomorrowland,3000,Jet Packs,0,0
2026-09-17 18:30,2026-09-17 18:27,Tomorrowland,16392,Pixar Adventurous Journey,0,0
2026-09-17 18:30,2026-09-17 18:27,Tomorrowland,3001,Space Chat With Stitch,0,0
2026-09-17 18:30,2026-09-17 18:27,Tomorrowland,2985,TRON Lightcycle Power Run – Presented by Chevrolet,1,75
2026-09-17 18:30,2026-09-17 18:27,Tomorrowland,4076,"TRON Realm, Chevrolet Digital Challenge",1,0
2026-09-17 18:30,2026-09-17 18:27,Toy Story Land,5633,Rex’s Racer,1,75
2026-09-17 18:30,2026-09-17 18:27,Toy Story Land,5634,Slinky Dog Spin,1,30
2026-09-17 18:30,2026-09-17 18:27,Toy Story Land,5635,Woody’s Roundup,1,40
2026-09-17 18:30,2026-09-17 18:27,Treasure Cove,2995,Explorer Canoes,0,0
2026-09-17 18:30,2026-09-17 18:27,Treasure Cove,2996,Pirates of the Caribbean Battle for the Sunken Treasure,1,10
2026-09-17 18:30,2026-09-17 18:27,Treasure Cove,2997,Shipwreck Shore,1,5
2026-09-17 18:30,2026-09-17 18:27,Treasure Cove,2998,Siren's Revenge,1,5
2026-09-17 18:30,2026-09-17 18:27,Zootopia,13819,Zootopia Hot Pursuit Single Rider,1,0
2026-09-17 18:30,2026-09-17 18:27,Zootopia,12392,Zootopia: Hot Pursuit,1,55
2026-09-17 18:35,2026-09-17 18:32,Adventure Isle,3893,Challenge Trails at Camp Discovery,1,10
2026-09-17 18:35,2026-09-17 18:32,Adventure Isle,16370,Junior Explorers Camp,1,5
2026-09-17 18:35,2026-09-17 18:32,Adventure Isle,2986,Roaring Rapids,1,20
2026-09-17 18:35,2026-09-17 18:32,Adventure Isle,3002,Soaring Over the Horizon,1,50
2026-09-17 18:35,2026-09-17 18:32,Adventure Isle,3901,Vista Trail at Camp Discovery,1,0
2026-09-17 18:35,2026-09-17 18:32,Fantasyland,3080,“Once Upon a Time” Adventure,1,5
2026-09-17 18:35,2026-09-17 18:32,Fantasyland,2987,Alice in Wonderland Maze,1,5
2026-09-17 18:35,2026-09-17 18:32,Fantasyland,2988,Hunny Pot Spin,1,20
2026-09-17 18:35,2026-09-17 18:32,Fantasyland,2989,Peter Pan’s Flight,1,30
2026-09-17 18:35,2026-09-17 18:32,Fantasyland,2990,Seven Dwarfs Mine Train,1,70
2026-09-17 18:35,2026-09-17 18:32,Fantasyland,13818,Seven Dwarfs Mine Train Single Rider,1,0
2026-09-17 18:35,2026-09-17 18:32,Fantasyland,2991,The Many Adventures of Winnie the Pooh,1,30
2026-09-17 18:35,2026-09-17 18:32,Fantasyland,2992,Voyage to the Crystal Grotto,0,0
2026-09-17 18:35,2026-09-17 18:32,Gardens of Imagination,3896,Become Iron Man at the Marvel Universe,1,10
2026-09-17 18:35,2026-09-17 18:32,Gardens of Imagination,2993,Dumbo the Flying Elephant,1,30
2026-09-17 18:35,2026-09-17 18:32,Gardens of Imagination,2994,Fantasia Carousel,1,30
2026-09-17 18:35,2026-09-17 18:32,Gardens of Imagination,3082,Marvel Universe,1,0
2026-09-17 18:35,2026-09-17 18:32,Tomorrowland,2999,Buzz Lightyear Planet Rescue,1,5
2026-09-17 18:35,2026-09-17 18:32,Tomorrowland,3000,Jet Packs,0,0
2026-09-17 18:35,2026-09-17 18:32,Tomorrowland,16392,Pixar Adventurous Journey,0,0
2026-09-17 18:35,2026-09-17 18:32,Tomorrowland,3001,Space Chat With Stitch,0,0
2026-09-17 18:35,2026-09-17 18:32,Tomorrowland,2985,TRON Lightcycle Power Run – Presented by Chevrolet,1,75
2026-09-17 18:35,2026-09-17 18:32,Tomorrowland,4076,"TRON Realm, Chevrolet Digital Challenge",1,0
2026-09-17 18:35,2026-09-17 18:32,Toy Story Land,5633,Rex’s Racer,1,75
2026-09-17 18:35,2026-09-17 18:32,Toy Story Land,5634,Slinky Dog Spin,1,30
2026-09-17 18:35,2026-09-17 18:32,Toy Story Land,5635,Woody’s Roundup,1,50
2026-09-17 18:35,2026-09-17 18:32,Treasure Cove,2995,Explorer Canoes,0,0
2026-09-17 18:35,2026-09-17 18:32,Treasure Cove,2996,Pirates of the Caribbean Battle for the Sunken Treasure,1,10
2026-09-17 18:35,2026-09-17 18:32,Treasure Cove,2997,Shipwreck Shore,1,5
2026-09-17 18:35,2026-09-17 18:32,Treasure Cove,2998,Siren's Revenge,1,5
2026-09-17 18:35,2026-09-17 18:32,Zootopia,13819,Zootopia Hot Pursuit Single Rider,1,0
2026-09-17 18:35,2026-09-17 18:32,Zootopia,12392,Zootopia: Hot Pursuit,1,45
2026-09-17 18:40,2026-09-17 18:37,Adventure Isle,3893,Challenge Trails at Camp Discovery,1,10
2026-09-17 18:40,2026-09-17 18:37,Adventure Isle,16370,Junior Explorers Camp,1,5
2026-09-17 18:40,2026-09-17 18:37,Adventure Isle,2986,Roaring Rapids,1,20
2026-09-17 18:40,2026-09-17 18:37,Adventure Isle,3002,Soaring Over the Horizon,1,50
2026-09-17 18:40,2026-09-17 18:37,Adventure Isle,3901,Vista Trail at Camp Discovery,1,0
2026-09-17 18:40,2026-09-17 18:37,Fantasyland,3080,“Once Upon a Time” Adventure,1,10
2026-09-17 18:40,2026-09-17 18:37,Fantasyland,2987,Alice in Wonderland Maze,1,5
2026-09-17 18:40,2026-09-17 18:37,Fantasyland,2988,Hunny Pot Spin,1,20
2026-09-17 18:40,2026-09-17 18:37,Fantasyland,2989,Peter Pan’s Flight,1,30
2026-09-17 18:40,2026-09-17 18:37,Fantasyland,2990,Seven Dwarfs Mine Train,1,70
2026-09-17 18:40,2026-09-17 18:37,Fantasyland,13818,Seven Dwarfs Mine Train Single Rider,1,0
2026-09-17 18:40,2026-09-17 18:37,Fantasyland,2991,The Many Adventures of Winnie the Pooh,1,30
2026-09-17 18:40,2026-09-17 18:37,Fantasyland,2992,Voyage to the Crystal Grotto,0,0
2026-09-17 18:40,2026-09-17 18:37,Gardens of Imagination,3896,Become Iron Man at the Marvel Universe,1,10
2026-09-17 18:40,2026-09-17 18:37,Gardens of Imagination,2993,Dumbo the Flying Elephant,1,40
2026-09-17 18:40,2026-09-17 18:37,Gardens of Imagination,2994,Fantasia Carousel,1,30
2026-09-17 18:40,2026-09-17 18:37,Gardens of Imagination,3082,Marvel Universe,1,0
2026-09-17 18:40,2026-09-17 18:37,Tomorrowland,2999,Buzz Lightyear Planet Rescue,1,5
2026-09-17 18:40,2026-09-17 18:37,Tomorrowland,3000,Jet Packs,0,0
2026-09-17 18:40,2026-09-17 18:37,Tomorrowland,16392,Pixar Adventurous Journey,0,0
2026-09-17 18:40,2026-09-17 18:37,Tomorrowland,3001,Space Chat With Stitch,0,0
2026-09-17 18:40,2026-09-17 18:37,Tomorrowland,2985,TRON Lightcycle Power Run – Presented by Chevrolet,1,75
2026-09-17 18:40,2026-09-17 18:37,Tomorrowland,4076,"TRON Realm, Chevrolet Digital Challenge",1,0
2026-09-17 18:40,2026-09-17 18:37,Toy Story Land,5633,Rex’s Racer,1,75
2026-09-17 18:40,2026-09-17 18:37,Toy Story Land,5634,Slinky Dog Spin,1,30
2026-09-17 18:40,2026-09-17 18:37,Toy Story Land,5635,Woody’s Roundup,1,50
2026-09-17 18:40,2026-09-17 18:37,Treasure Cove,2995,Explorer Canoes,0,0
2026-09-17 18:40,2026-09-17 18:37,Treasure Cove,2996,Pirates of the Caribbean Battle for the Sunken Treasure,1,10
2026-09-17 18:40,2026-09-17 18:37,Treasure Cove,2997,Shipwreck Shore,1,5
2026-09-17 18:40,2026-09-17 18:37,Treasure Cove,2998,Siren's Revenge,1,5
2026-09-17 18:40,2026-09-17 18:37,Zootopia,13819,Zootopia Hot Pursuit Single Rider,1,0
2026-09-17 18:40,2026-09-17 18:37,Zootopia,12392,Zootopia: Hot Pursuit,1,45
2026-09-17 18:45,2026-09-17 18:42,Adventure Isle,3893,Challenge Trails at Camp Discovery,1,10
2026-09-17 18:45,2026-09-17 18:42,Adventure Isle,16370,Junior Explorers Camp,1,5
2026-09-17 18:45,2026-09-17 18:42,Adventure Isle,2986,Roaring Rapids,1,20
2026-09-17 18:45,2026-09-17 18:42,Adventure Isle,3002,Soaring Over the Horizon,1,50
2026-09-17 18:45,2026-09-17 18:42,Adventure Isle,3901,Vista Trail at Camp Discovery,1,0
2026-09-17 18:45,2026-09-17 18:42,Fantasyland,3080,“Once Upon a Time” Adventure,1,10
2026-09-17 18:45,2026-09-17 18:42,Fantasyland,2987,Alice in Wonderland Maze,1,5
2026-09-17 18:45,2026-09-17 18:42,Fantasyland,2988,Hunny Pot Spin,1,20
2026-09-17 18:45,2026-09-17 18:42,Fantasyland,2989,Peter Pan’s Flight,1,30
2026-09-17 18:45,2026-09-17 18:42,Fantasyland,2990,Seven Dwarfs Mine Train,1,60
2026-09-17 18:45,2026-09-17 18:42,Fantasyland,13818,Seven Dwarfs Mine Train Single Rider,1,0
2026-09-17 18:45,2026-09-17 18:42,Fantasyland,2991,The Many Adventures of Winnie the Pooh,1,30
2026-09-17 18:45,2026-09-17 18:42,Fantasyland,2992,Voyage to the Crystal Grotto,0,0
2026-09-17 18:45,2026-09-17 18:42,Gardens of Imagination,3896,Become Iron Man at the Marvel Universe,1,10
2026-09-17 18:45,2026-09-17 18:42,Gardens of Imagination,2993,Dumbo the Flying Elephant,1,40
2026-09-17 18:45,2026-09-17 18:42,Gardens of Imagination,2994,Fantasia Carousel,1,30
2026-09-17 18:45,2026-09-17 18:42,Gardens of Imagination,3082,Marvel Universe,1,0
2026-09-17 18:45,2026-09-17 18:42,Tomorrowland,2999,Buzz Lightyear Planet Rescue,1,5
2026-09-17 18:45,2026-09-17 18:42,Tomorrowland,3000,Jet Packs,0,0
2026-09-17 18:45,2026-09-17 18:42,Tomorrowland,16392,Pixar Adventurous Journey,0,0
2026-09-17 18:45,2026-09-17 18:42,Tomorrowland,3001,Space Chat With Stitch,0,0
2026-09-17 18:45,2026-09-17 18:42,Tomorrowland,2985,TRON Lightcycle Power Run – Presented by Chevrolet,1,75
2026-09-17 18:45,2026-09-17 18:42,Tomorrowland,4076,"TRON Realm, Chevrolet Digital Challenge",1,0
2026-09-17 18:45,2026-09-17 18:42,Toy Story Land,5633,Rex’s Racer,1,75
2026-09-17 18:45,2026-09-17 18:42,Toy Story Land,5634,Slinky Dog Spin,1,30
2026-09-17 18:45,2026-09-17 18:42,Toy Story Land,5635,Woody’s Roundup,1,40
2026-09-17 18:45,2026-09-17 18:42,Treasure Cove,2995,Explorer Canoes,0,0
2026-09-17 18:45,2026-09-17 18:42,Treasure Cove,2996,Pirates of the Caribbean Battle for the Sunken Treasure,1,10
2026-09-17 18:45,2026-09-17 18:42,Treasure Cove,2997,Shipwreck Shore,1,5
2026-09-17 18:45,2026-09-17 18:42,Treasure Cove,2998,Siren's Revenge,1,5
2026-09-17 18:45,2026-09-17 18:42,Zootopia,13819,Zootopia Hot Pursuit Single Rider,1,0
2026-09-17 18:45,2026-09-17 18:42,Zootopia,12392,Zootopia: Hot Pursuit,1,45
2026-09-17 18:50,2026-09-17 18:47,Adventure Isle,3893,Challenge Trails at Camp Discovery,1,10
2026-09-17 18:50,2026-09-17 18:47,Adventure Isle,16370,Junior Explorers Camp,1,5
2026-09-17 18:50,2026-09-17 18:47,Adventure Isle,2986,Roaring Rapids,1,20
2026-09-17 18:50,2026-09-17 18:47,Adventure Isle,3002,Soaring Over the Horizon,1,50
2026-09-17 18:50,2026-09-17 18:47,Adventure Isle,3901,Vista Trail at Camp Discovery,1,0
2026-09-17 18:50,2026-09-17 18:47,Fantasyland,3080,“Once Upon a Time” Adventure,1,10
2026-09-17 18:50,2026-09-17 18:47,Fantasyland,2987,Alice in Wonderland Maze,1,5
2026-09-17 18:50,2026-09-17 18:47,Fantasyland,2988,Hunny Pot Spin,1,40
2026-09-17 18:50,2026-09-17 18:47,Fantasyland,2989,Peter Pan’s Flight,1,30
2026-09-17 18:50,2026-09-17 18:47,Fantasyland,2990,Seven Dwarfs Mine Train,1,60
2026-09-17 18:50,2026-09-17 18:47,Fantasyland,13818,Seven Dwarfs Mine Train Single Rider,1,0
2026-09-17 18:50,2026-09-17 18:47,Fantasyland,2991,The Many Adventures of Winnie the Pooh,1,30
2026-09-17 18:50,2026-09-17 18:47,Fantasyland,2992,Voyage to the Crystal Grotto,0,0
2026-09-17 18:50,2026-09-17 18:47,Gardens of Imagination,3896,Become Iron Man at the Marvel Universe,1,10
2026-09-17 18:50,2026-09-17 18:47,Gardens of Imagination,2993,Dumbo the Flying Elephant,1,40
2026-09-17 18:50,2026-09-17 18:47,Gardens of Imagination,2994,Fantasia Carousel,1,30
2026-09-17 18:50,2026-09-17 18:47,Gardens of Imagination,3082,Marvel Universe,1,0
2026-09-17 18:50,2026-09-17 18:47,Tomorrowland,2999,Buzz Lightyear Planet Rescue,1,5
2026-09-17 18:50,2026-09-17 18:47,Tomorrowland,3000,Jet Packs,0,0
2026-09-17 18:50,2026-09-17 18:47,Tomorrowland,16392,Pixar Adventurous Journey,0,0
2026-09-17 18:50,2026-09-17 18:47,Tomorrowland,3001,Space Chat With Stitch,0,0
2026-09-17 18:50,2026-09-17 18:47,Tomorrowland,2985,TRON Lightcycle Power Run – Presented by Chevrolet,1,75
2026-09-17 18:50,2026-09-17 18:47,Tomorrowland,4076,"TRON Realm, Chevrolet Digital Challenge",1,0
2026-09-17 18:50,2026-09-17 18:47,Toy Story Land,5633,Rex’s Racer,1,75
2026-09-17 18:50,2026-09-17 18:47,Toy Story Land,5634,Slinky Dog Spin,1,30
2026-09-17 18:50,2026-09-17 18:47,Toy Story Land,5635,Woody’s Roundup,1,40
2026-09-17 18:50,2026-09-17 18:47,Treasure Cove,2995,Explorer Canoes,0,0
2026-09-17 18:50,2026-09-17 18:47,Treasure Cove,2996,Pirates of the Caribbean Battle for the Sunken Treasure,1,10
2026-09-17 18:50,2026-09-17 18:47,Treasure Cove,2997,Shipwreck Shore,1,5
2026-09-17 18:50,2026-09-17 18:47,Treasure Cove,2998,Siren's Revenge,1,5
2026-09-17 18:50,2026-09-17 18:47,Zootopia,13819,Zootopia Hot Pursuit Single Rider,1,0
2026-09-17 18:50,2026-09-17 18:47,Zootopia,12392,Zootopia: Hot Pursuit,1,35
2026-09-17 18:55,2026-09-17 18:52,Adventure Isle,3893,Challenge Trails at Camp Discovery,1,10
2026-09-17 18:55,2026-09-17 18:52,Adventure Isle,16370,Junior Explorers Camp,1,5
2026-09-17 18:55,2026-09-17 18:52,Adventure Isle,2986,Roaring Rapids,1,15
2026-09-17 18:55,2026-09-17 18:52,Adventure Isle,3002,Soaring Over the Horizon,1,40
2026-09-17 18:55,2026-09-17 18:52,Adventure Isle,3901,Vista Trail at Camp Discovery,1,0
2026-09-17 18:55,2026-09-17 18:52,Fantasyland,3080,“Once Upon a Time” Adventure,1,10
2026-09-17 18:55,2026-09-17 18:52,Fantasyland,2987,Alice in Wonderland Maze,1,5
2026-09-17 18:55,2026-09-17 18:52,Fantasyland,2988,Hunny Pot Spin,1,40
2026-09-17 18:55,2026-09-17 18:52,Fantasyland,2989,Peter Pan’s Flight,1,30
2026-09-17 18:55,2026-09-17 18:52,Fantasyland,2990,Seven Dwarfs Mine Train,1,55
2026-09-17 18:55,2026-09-17 18:52,Fantasyland,13818,Seven Dwarfs Mine Train Single Rider,1,0
2026-09-17 18:55,2026-09-17 18:52,Fantasyland,2991,The Many Adventures of Winnie the Pooh,1,30
2026-09-17 18:55,2026-09-17 18:52,Fantasyland,2992,Voyage to the Crystal Grotto,0,0
2026-09-17 18:55,2026-09-17 18:52,Gardens of Imagination,3896,Become Iron Man at the Marvel Universe,1,20
2026-09-17 18:55,2026-09-17 18:52,Gardens of Imagination,2993,Dumbo the Flying Elephant,1,40
2026-09-17 18:55,2026-09-17 18:52,Gardens of Imagination,2994,Fantasia Carousel,1,30
2026-09-17 18:55,2026-09-17 18:52,Gardens of Imagination,3082,Marvel Universe,1,0
2026-09-17 18:55,2026-09-17 18:52,Tomorrowland,2999,Buzz Lightyear Planet Rescue,1,5
2026-09-17 18:55,2026-09-17 18:52,Tomorrowland,3000,Jet Packs,0,0
2026-09-17 18:55,2026-09-17 18:52,Tomorrowland,16392,Pixar Adventurous Journey,0,0
2026-09-17 18:55,2026-09-17 18:52,Tomorrowland,3001,Space Chat With Stitch,0,0
2026-09-17 18:55,2026-09-17 18:52,Tomorrowland,2985,TRON Lightcycle Power Run – Presented by Chevrolet,1,105
2026-09-17 18:55,2026-09-17 18:52,Tomorrowland,4076,"TRON Realm, Chevrolet Digital Challenge",1,0
2026-09-17 18:55,2026-09-17 18:52,Toy Story Land,5633,Rex’s Racer,1,75
2026-09-17 18:55,2026-09-17 18:52,Toy Story Land,5634,Slinky Dog Spin,1,30
2026-09-17 18:55,2026-09-17 18:52,Toy Story Land,5635,Woody’s Roundup,1,40
2026-09-17 18:55,2026-09-17 18:52,Treasure Cove,2995,Explorer Canoes,0,0
2026-09-17 18:55,2026-09-17 18:52,Treasure Cove,2996,Pirates of the Caribbean Battle for the Sunken Treasure,1,10
2026-09-17 18:55,2026-09-17 18:52,Treasure Cove,2997,Shipwreck Shore,1,5
2026-09-17 18:55,2026-09-17 18:52,Treasure Cove,2998,Siren's Revenge,1,5
2026-09-17 18:55,2026-09-17 18:52,Zootopia,13819,Zootopia Hot Pursuit Single Rider,1,0
2026-09-17 18:55,2026-09-17 18:52,Zootopia,12392,Zootopia: Hot Pursuit,1,35
2026-09-17 19:00,2026-09-17 18:57,Adventure Isle,3893,Challenge Trails at Camp Discovery,1,10
2026-09-17 19:00,2026-09-17 18:57,Adventure Isle,16370,Junior Explorers Camp,1,5
2026-09-17 19:00,2026-09-17 18:57,Adventure Isle,2986,Roaring Rapids,1,15
2026-09-17 19:00,2026-09-17 18:57,Adventure Isle,3002,Soaring Over the Horizon,1,30
2026-09-17 19:00,2026-09-17 18:57,Adventure Isle,3901,Vista Trail at Camp Discovery,1,0
2026-09-17 19:00,2026-09-17 18:57,Fantasyland,3080,“Once Upon a Time” Adventure,1,10
2026-09-17 19:00,2026-09-17 18:57,Fantasyland,2987,Alice in Wonderland Maze,1,5
2026-09-17 19:00,2026-09-17 18:57,Fantasyland,2988,Hunny Pot Spin,1,40
2026-09-17 19:00,2026-09-17 18:57,Fantasyland,2989,Peter Pan’s Flight,1,30
2026-09-17 19:00,2026-09-17 18:57,Fantasyland,2990,Seven Dwarfs Mine Train,1,55
2026-09-17 19:00,2026-09-17 18:57,Fantasyland,13818,Seven Dwarfs Mine Train Single Rider,1,0
2026-09-17 19:00,2026-09-17 18:57,Fantasyland,2991,The Many Adventures of Winnie the Pooh,1,30
2026-09-17 19:00,2026-09-17 18:57,Fantasyland,2992,Voyage to the Crystal Grotto,0,0
2026-09-17 19:00,2026-09-17 18:57,Gardens of Imagination,3896,Become Iron Man at the Marvel Universe,1,20
2026-09-17 19:00,2026-09-17 18:57,Gardens of Imagination,2993,Dumbo the Flying Elephant,1,40
2026-09-17 19:00,2026-09-17 18:57,Gardens of Imagination,2994,Fantasia Carousel,1,30
2026-09-17 19:00,2026-09-17 18:57,Gardens of Imagination,3082,Marvel Universe,1,0
2026-09-17 19:00,2026-09-17 18:57,Tomorrowland,2999,Buzz Lightyear Planet Rescue,1,5
2026-09-17 19:00,2026-09-17 18:57,Tomorrowland,3000,Jet Packs,0,0
2026-09-17 19:00,2026-09-17 18:57,Tomorrowland,16392,Pixar Adventurous Journey,0,0
2026-09-17 19:00,2026-09-17 18:57,Tomorrowland,3001,Space Chat With Stitch,0,0
2026-09-17 19:00,2026-09-17 18:57,Tomorrowland,2985,TRON Lightcycle Power Run – Presented by Chevrolet,1,105
2026-09-17 19:00,2026-09-17 18:57,Tomorrowland,4076,"TRON Realm, Chevrolet Digital Challenge",1,0
2026-09-17 19:00,2026-09-17 18:57,Toy Story Land,5633,Rex’s Racer,1,75
2026-09-17 19:00,2026-09-17 18:57,Toy Story Land,5634,Slinky Dog Spin,1,30
2026-09-17 19:00,2026-09-17 18:57,Toy Story Land,5635,Woody’s Roundup,1,40
2026-09-17 19:00,2026-09-17 18:57,Treasure Cove,2995,Explorer Canoes,0,0
2026-09-17 19:00,2026-09-17 18:57,Treasure Cove,2996,Pirates of the Caribbean Battle for the Sunken Treasure,1,10
2026-09-17 19:00,2026-09-17 18:57,Treasure Cove,2997,Shipwreck Shore,1,5
2026-09-17 19:00,2026-09-17 18:57,Treasure Cove,2998,Siren's Revenge,1,5
2026-09-17 19:00,2026-09-17 18:57,Zootopia,13819,Zootopia Hot Pursuit Single Rider,1,0
2026-09-17 19:00,2026-09-17 18:57,Zootopia,12392,Zootopia: Hot Pursuit,1,35
2026-09-17 19:05,2026-09-17 19:02,Adventure Isle,3893,Challenge Trails at Camp Discovery,1,10
2026-09-17 19:05,2026-09-17 19:02,Adventure Isle,16370,Junior Explorers Camp,1,5
2026-09-17 19:05,2026-09-17 19:02,Adventure Isle,2986,Roaring Rapids,1,10
2026-09-17 19:05,2026-09-17 19:02,Adventure Isle,3002,Soaring Over the Horizon,1,20
2026-09-17 19:05,2026-09-17 19:02,Adventure Isle,3901,Vista Trail at Camp Discovery,1,0
2026-09-17 19:05,2026-09-17 19:02,Fantasyland,3080,“Once Upon a Time” Adventure,1,10
2026-09-17 19:05,2026-09-17 19:02,Fantasyland,2987,Alice in Wonderland Maze,1,5
2026-09-17 19:05,2026-09-17 19:02,Fantasyland,2988,Hunny Pot Spin,1,40
2026-09-17 19:05,2026-09-17 19:02,Fantasyland,2989,Peter Pan’s Flight,1,30
2026-09-17 19:05,2026-09-17 19:02,Fantasyland,2990,Seven Dwarfs Mine Train,1,55
2026-09-17 19:05,2026-09-17 19:02,Fantasyland,13818,Seven Dwarfs Mine Train Single Rider,1,0
2026-09-17 19:05,2026-09-17 19:02,Fantasyland,2991,The Many Adventures of Winnie the Pooh,1,30
2026-09-17 19:05,2026-09-17 19:02,Fantasyland,2992,Voyage to the Crystal Grotto,0,0
2026-09-17 19:05,2026-09-17 19:02,Gardens of Imagination,3896,Become Iron Man at the Marvel Universe,1,10
2026-09-17 19:05,2026-09-17 19:02,Gardens of Imagination,2993,Dumbo the Flying Elephant,1,40
2026-09-17 19:05,2026-09-17 19:02,Gardens of Imagination,2994,Fantasia Carousel,1,30
2026-09-17 19:05,2026-09-17 19:02,Gardens of Imagination,3082,Marvel Universe,1,0
2026-09-17 19:05,2026-09-17 19:02,Tomorrowland,2999,Buzz Lightyear Planet Rescue,1,5
2026-09-17 19:05,2026-09-17 19:02,Tomorrowland,3000,Jet Packs,0,0
2026-09-17 19:05,2026-09-17 19:02,Tomorrowland,16392,Pixar Adventurous Journey,0,0
2026-09-17 19:05,2026-09-17 19:02,Tomorrowland,3001,Space Chat With Stitch,0,0
2026-09-17 19:05,2026-09-17 19:02,Tomorrowland,2985,TRON Lightcycle Power Run – Presented by Chevrolet,1,105
2026-09-17 19:05,2026-09-17 19:02,Tomorrowland,4076,"TRON Realm, Chevrolet Digital Challenge",1,0
2026-09-17 19:05,2026-09-17 19:02,Toy Story Land,5633,Rex’s Racer,1,75
2026-09-17 19:05,2026-09-17 19:02,Toy Story Land,5634,Slinky Dog Spin,1,30
2026-09-17 19:05,2026-09-17 19:02,Toy Story Land,5635,Woody’s Roundup,1,40
2026-09-17 19:05,2026-09-17 19:02,Treasure Cove,2995,Explorer Canoes,0,0
2026-09-17 19:05,2026-09-17 19:02,Treasure Cove,2996,Pirates of the Caribbean Battle for the Sunken Treasure,1,10
2026-09-17 19:05,2026-09-17 19:02,Treasure Cove,2997,Shipwreck Shore,1,5
2026-09-17 19:05,2026-09-17 19:02,Treasure Cove,2998,Siren's Revenge,1,5
2026-09-17 19:05,2026-09-17 19:02,Zootopia,13819,Zootopia Hot Pursuit Single Rider,1,0
2026-09-17 19:05,2026-09-17 19:02,Zootopia,12392,Zootopia: Hot Pursuit,1,35
2026-09-17 19:10,2026-09-17 19:07,Adventure Isle,3893,Challenge Trails at Camp Discovery,1,10
2026-09-17 19:10,2026-09-17 19:07,Adventure Isle,16370,Junior Explorers Camp,1,5
2026-09-17 19:10,2026-09-17 19:07,Adventure Isle,2986,Roaring Rapids,1,10
2026-09-17 19:10,2026-09-17 19:07,Adventure Isle,3002,Soaring Over the Horizon,1,20
2026-09-17 19:10,2026-09-17 19:07,Adventure Isle,3901,Vista Trail at Camp Discovery,1,0
2026-09-17 19:10,2026-09-17 19:07,Fantasyland,3080,“Once Upon a Time” Adventure,1,10
2026-09-17 19:10,2026-09-17 19:07,Fantasyland,2987,Alice in Wonderland Maze,0,0
2026-09-17 19:10,2026-09-17 19:07,Fantasyland,2988,Hunny Pot Spin,1,20
2026-09-17 19:10,2026-09-17 19:07,Fantasyland,2989,Peter Pan’s Flight,1,30
2026-09-17 19:10,2026-09-17 19:07,Fantasyland,2990,Seven Dwarfs Mine Train,1,70
2026-09-17 19:10,2026-09-17 19:07,Fantasyland,13818,Seven Dwarfs Mine Train Single Rider,1,0
2026-09-17 19:10,2026-09-17 19:07,Fantasyland,2991,The Many Adventures of Winnie the Pooh,1,30
2026-09-17 19:10,2026-09-17 19:07,Fantasyland,2992,Voyage to the Crystal Grotto,0,0
2026-09-17 19:10,2026-09-17 19:07,Gardens of Imagination,3896,Become Iron Man at the Marvel Universe,1,10
2026-09-17 19:10,2026-09-17 19:07,Gardens of Imagination,2993,Dumbo the Flying Elephant,0,0
2026-09-17 19:10,2026-09-17 19:07,Gardens of Imagination,2994,Fantasia Carousel,1,30
2026-09-17 19:10,2026-09-17 19:07,Gardens of Imagination,3082,Marvel Universe,1,0
2026-09-17 19:10,2026-09-17 19:07,Tomorrowland,2999,Buzz Lightyear Planet Rescue,1,5
2026-09-17 19:10,2026-09-17 19:07,Tomorrowland,3000,Jet Packs,0,0
2026-09-17 19:10,2026-09-17 19:07,Tomorrowland,16392,Pixar Adventurous Journey,0,0
2026-09-17 19:10,2026-09-17 19:07,Tomorrowland,3001,Space Chat With Stitch,0,0
2026-09-17 19:10,2026-09-17 19:07,Tomorrowland,2985,TRON Lightcycle Power Run – Presented by Chevrolet,1,105
2026-09-17 19:10,2026-09-17 19:07,Tomorrowland,4076,"TRON Realm, Chevrolet Digital Challenge",1,0
2026-09-17 19:10,2026-09-17 19:07,Toy Story Land,5633,Rex’s Racer,1,75
2026-09-17 19:10,2026-09-17 19:07,Toy Story Land,5634,Slinky Dog Spin,1,30
2026-09-17 19:10,2026-09-17 19:07,Toy Story Land,5635,Woody’s Roundup,1,40
2026-09-17 19:10,2026-09-17 19:07,Treasure Cove,2995,Explorer Canoes,0,0
2026-09-17 19:10,2026-09-17 19:07,Treasure Cove,2996,Pirates of the Caribbean Battle for the Sunken Treasure,1,5
2026-09-17 19:10,2026-09-17 19:07,Treasure Cove,2997,Shipwreck Shore,1,5
2026-09-17 19:10,2026-09-17 19:07,Treasure Cove,2998,Siren's Revenge,1,5
2026-09-17 19:10,2026-09-17 19:07,Zootopia,13819,Zootopia Hot Pursuit Single Rider,1,0
2026-09-17 19:10,2026-09-17 19:07,Zootopia,12392,Zootopia: Hot Pursuit,1,35
2026-09-17 19:15,2026-09-17 19:12,Adventure Isle,3893,Challenge Trails at Camp Discovery,1,10
2026-09-17 19:15,2026-09-17 19:12,Adventure Isle,16370,Junior Explorers Camp,1,5
2026-09-17 19:15,2026-09-17 19:12,Adventure Isle,2986,Roaring Rapids,1,10
2026-09-17 19:15,2026-09-17 19:12,Adventure Isle,3002,Soaring Over the Horizon,1,30
2026-09-17 19:15,2026-09-17 19:12,Adventure Isle,3901,Vista Trail at Camp Discovery,1,0
2026-09-17 19:15,2026-09-17 19:12,Fantasyland,3080,“Once Upon a Time” Adventure,1,10
2026-09-17 19:15,2026-09-17 19:12,Fantasyland,2987,Alice in Wonderland Maze,0,0
2026-09-17 19:15,2026-09-17 19:12,Fantasyland,2988,Hunny Pot Spin,1,20
2026-09-17 19:15,2026-09-17 19:12,Fantasyland,2989,Peter Pan’s Flight,1,30
2026-09-17 19:15,2026-09-17 19:12,Fantasyland,2990,Seven Dwarfs Mine Train,1,70
2026-09-17 19:15,2026-09-17 19:12,Fantasyland,13818,Seven Dwarfs Mine Train Single Rider,1,0
2026-09-17 19:15,2026-09-17 19:12,Fantasyland,2991,The Many Adventures of Winnie the Pooh,1,25
2026-09-17 19:15,2026-09-17 19:12,Fantasyland,2992,Voyage to the Crystal Grotto,0,0
2026-09-17 19:15,2026-09-17 19:12,Gardens of Imagination,3896,Become Iron Man at the Marvel Universe,1,10
2026-09-17 19:15,2026-09-17 19:12,Gardens of Imagination,2993,Dumbo the Flying Elephant,0,0
2026-09-17 19:15,2026-09-17 19:12,Gardens of Imagination,2994,Fantasia Carousel,1,20
2026-09-17 19:15,2026-09-17 19:12,Gardens of Imagination,3082,Marvel Universe,1,0
2026-09-17 19:15,2026-09-17 19:12,Tomorrowland,2999,Buzz Lightyear Planet Rescue,1,5
2026-09-17 19:15,2026-09-17 19:12,Tomorrowland,3000,Jet Packs,0,0
2026-09-17 19:15,2026-09-17 19:12,Tomorrowland,16392,Pixar Adventurous Journey,0,0
2026-09-17 19:15,2026-09-17 19:12,Tomorrowland,3001,Space Chat With Stitch,0,0
2026-09-17 19:15,2026-09-17 19:12,Tomorrowland,2985,TRON Lightcycle Power Run – Presented by Chevrolet,1,90
2026-09-17 19:15,2026-09-17 19:12,Tomorrowland,4076,"TRON Realm, Chevrolet Digital Challenge",1,0
2026-09-17 19:15,2026-09-17 19:12,Toy Story Land,5633,Rex’s Racer,1,75
2026-09-17 19:15,2026-09-17 19:12,Toy Story Land,5634,Slinky Dog Spin,1,30
2026-09-17 19:15,2026-09-17 19:12,Toy Story Land,5635,Woody’s Roundup,1,40
2026-09-17 19:15,2026-09-17 19:12,Treasure Cove,2995,Explorer Canoes,0,0
2026-09-17 19:15,2026-09-17 19:12,Treasure Cove,2996,Pirates of the Caribbean Battle for the Sunken Treasure,1,5
2026-09-17 19:15,2026-09-17 19:12,Treasure Cove,2997,Shipwreck Shore,1,5
2026-09-17 19:15,2026-09-17 19:12,Treasure Cove,2998,Siren's Revenge,1,5
2026-09-17 19:15,2026-09-17 19:12,Zootopia,13819,Zootopia Hot Pursuit Single Rider,1,0
2026-09-17 19:15,2026-09-17 19:12,Zootopia,12392,Zootopia: Hot Pursuit,1,35
2026-09-17 19:20,2026-09-17 19:17,Adventure Isle,3893,Challenge Trails at Camp Discovery,1,10
2026-09-17 19:20,2026-09-17 19:17,Adventure Isle,16370,Junior Explorers Camp,1,5
2026-09-17 19:20,2026-09-17 19:17,Adventure Isle,2986,Roaring Rapids,1,10
2026-09-17 19:20,2026-09-17 19:17,Adventure Isle,3002,Soaring Over the Horizon,1,30
2026-09-17 19:20,2026-09-17 19:17,Adventure Isle,3901,Vista Trail at Camp Discovery,1,0
2026-09-17 19:20,2026-09-17 19:17,Fantasyland,3080,“Once Upon a Time” Adventure,1,10
2026-09-17 19:20,2026-09-17 19:17,Fantasyland,2987,Alice in Wonderland Maze,0,0
2026-09-17 19:20,2026-09-17 19:17,Fantasyland,2988,Hunny Pot Spin,1,20
2026-09-17 19:20,2026-09-17 19:17,Fantasyland,2989,Peter Pan’s Flight,1,15
2026-09-17 19:20,2026-09-17 19:17,Fantasyland,2990,Seven Dwarfs Mine Train,1,60
2026-09-17 19:20,2026-09-17 19:17,Fantasyland,13818,Seven Dwarfs Mine Train Single Rider,1,0
2026-09-17 19:20,2026-09-17 19:17,Fantasyland,2991,The Many Adventures of Winnie the Pooh,1,15
2026-09-17 19:20,2026-09-17 19:17,Fantasyland,2992,Voyage to the Crystal Grotto,0,0
2026-09-17 19:20,2026-09-17 19:17,Gardens of Imagination,3896,Become Iron Man at the Marvel Universe,1,10
2026-09-17 19:20,2026-09-17 19:17,Gardens of Imagination,2993,Dumbo the Flying Elephant,0,0
2026-09-17 19:20,2026-09-17 19:17,Gardens of Imagination,2994,Fantasia Carousel,1,20
2026-09-17 19:20,2026-09-17 19:17,Gardens of Imagination,3082,Marvel Universe,1,0
2026-09-17 19:20,2026-09-17 19:17,Tomorrowland,2999,Buzz Lightyear Planet Rescue,1,5
2026-09-17 19:20,2026-09-17 19:17,Tomorrowland,3000,Jet Packs,0,0
2026-09-17 19:20,2026-09-17 19:17,Tomorrowland,16392,Pixar Adventurous Journey,0,0
2026-09-17 19:20,2026-09-17 19:17,Tomorrowland,3001,Space Chat With Stitch,0,0
2026-09-17 19:20,2026-09-17 19:17,Tomorrowland,2985,TRON Lightcycle Power Run – Presented by Chevrolet,1,90
2026-09-17 19:20,2026-09-17 19:17,Tomorrowland,4076,"TRON Realm, Chevrolet Digital Challenge",1,0
2026-09-17 19:20,2026-09-17 19:17,Toy Story Land,5633,Rex’s Racer,1,75
2026-09-17 19:20,2026-09-17 19:17,Toy Story Land,5634,Slinky Dog Spin,1,30
2026-09-17 19:20,2026-09-17 19:17,Toy Story Land,5635,Woody’s Roundup,1,40
2026-09-17 19:20,2026-09-17 19:17,Treasure Cove,2995,Explorer Canoes,0,0
2026-09-17 19:20,2026-09-17 19:17,Treasure Cove,2996,Pirates of the Caribbean Battle for the Sunken Treasure,1,5
2026-09-17 19:20,2026-09-17 19:17,Treasure Cove,2997,Shipwreck Shore,1,5
2026-09-17 19:20,2026-09-17 19:17,Treasure Cove,2998,Siren's Revenge,1,5
2026-09-17 19:20,2026-09-17 19:17,Zootopia,13819,Zootopia Hot Pursuit Single Rider,1,0
2026-09-17 19:20,2026-09-17 19:17,Zootopia,12392,Zootopia: Hot Pursuit,1,35
2026-09-17 19:25,2026-09-17 19:22,Adventure Isle,3893,Challenge Trails at Camp Discovery,1,10
2026-09-17 19:25,2026-09-17 19:22,Adventure Isle,16370,Junior Explorers Camp,1,5
2026-09-17 19:25,2026-09-17 19:22,Adventure Isle,2986,Roaring Rapids,1,10
2026-09-17 19:25,2026-09-17 19:22,Adventure Isle,3002,Soaring Over the Horizon,1,35
2026-09-17 19:25,2026-09-17 19:22,Adventure Isle,3901,Vista Trail at Camp Discovery,1,0
2026-09-17 19:25,2026-09-17 19:22,Fantasyland,3080,“Once Upon a Time” Adventure,1,10
2026-09-17 19:25,2026-09-17 19:22,Fantasyland,2987,Alice in Wonderland Maze,0,0
2026-09-17 19:25,2026-09-17 19:22,Fantasyland,2988,Hunny Pot Spin,1,20
2026-09-17 19:25,2026-09-17 19:22,Fantasyland,2989,Peter Pan’s Flight,1,15
2026-09-17 19:25,2026-09-17 19:22,Fantasyland,2990,Seven Dwarfs Mine Train,1,60
2026-09-17 19:25,2026-09-17 19:22,Fantasyland,13818,Seven Dwarfs Mine Train Single Rider,1,0
2026-09-17 19:25,2026-09-17 19:22,Fantasyland,2991,The Many Adventures of Winnie the Pooh,1,15
2026-09-17 19:25,2026-09-17 19:22,Fantasyland,2992,Voyage to the Crystal Grotto,0,0
2026-09-17 19:25,2026-09-17 19:22,Gardens of Imagination,3896,Become Iron Man at the Marvel Universe,1,10
2026-09-17 19:25,2026-09-17 19:22,Gardens of Imagination,2993,Dumbo the Flying Elephant,0,0
2026-09-17 19:25,2026-09-17 19:22,Gardens of Imagination,2994,Fantasia Carousel,1,20
2026-09-17 19:25,2026-09-17 19:22,Gardens of Imagination,3082,Marvel Universe,1,0
2026-09-17 19:25,2026-09-17 19:22,Tomorrowland,2999,Buzz Lightyear Planet Rescue,1,5
2026-09-17 19:25,2026-09-17 19:22,Tomorrowland,3000,Jet Packs,0,0
2026-09-17 19:25,2026-09-17 19:22,Tomorrowland,16392,Pixar Adventurous Journey,0,0
2026-09-17 19:25,2026-09-17 19:22,Tomorrowland,3001,Space Chat With Stitch,0,0
2026-09-17 19:25,2026-09-17 19:22,Tomorrowland,2985,TRON Lightcycle Power Run – Presented by Chevrolet,1,90
2026-09-17 19:25,2026-09-17 19:22,Tomorrowland,4076,"TRON Realm, Chevrolet Digital Challenge",1,0
2026-09-17 19:25,2026-09-17 19:22,Toy Story Land,5633,Rex’s Racer,1,75
2026-09-17 19:25,2026-09-17 19:22,Toy Story Land,5634,Slinky Dog Spin,1,30
2026-09-17 19:25,2026-09-17 19:22,Toy Story Land,5635,Woody’s Roundup,1,40
2026-09-17 19:25,2026-09-17 19:22,Treasure Cove,2995,Explorer Canoes,0,0
2026-09-17 19:25,2026-09-17 19:22,Treasure Cove,2996,Pirates of the Caribbean Battle for the Sunken Treasure,1,5
2026-09-17 19:25,2026-09-17 19:22,Treasure Cove,2997,Shipwreck Shore,1,5
2026-09-17 19:25,2026-09-17 19:22,Treasure Cove,2998,Siren's Revenge,1,5
2026-09-17 19:25,2026-09-17 19:22,Zootopia,13819,Zootopia Hot Pursuit Single Rider,1,0
2026-09-17 19:25,2026-09-17 19:22,Zootopia,12392,Zootopia: Hot Pursuit,1,35
2026-09-17 19:30,2026-09-17 19:27,Adventure Isle,3893,Challenge Trails at Camp Discovery,1,10
2026-09-17 19:30,2026-09-17 19:27,Adventure Isle,16370,Junior Explorers Camp,1,5
2026-09-17 19:30,2026-09-17 19:27,Adventure Isle,2986,Roaring Rapids,1,10
2026-09-17 19:30,2026-09-17 19:27,Adventure Isle,3002,Soaring Over the Horizon,1,35
2026-09-17 19:30,2026-09-17 19:27,Adventure Isle,3901,Vista Trail at Camp Discovery,1,0
2026-09-17 19:30,2026-09-17 19:27,Fantasyland,3080,“Once Upon a Time” Adventure,1,5
2026-09-17 19:30,2026-09-17 19:27,Fantasyland,2987,Alice in Wonderland Maze,0,0
2026-09-17 19:30,2026-09-17 19:27,Fantasyland,2988,Hunny Pot Spin,1,20
2026-09-17 19:30,2026-09-17 19:27,Fantasyland,2989,Peter Pan’s Flight,1,15
2026-09-17 19:30,2026-09-17 19:27,Fantasyland,2990,Seven Dwarfs Mine Train,1,60
2026-09-17 19:30,2026-09-17 19:27,Fantasyland,13818,Seven Dwarfs Mine Train Single Rider,1,0
2026-09-17 19:30,2026-09-17 19:27,Fantasyland,2991,The Many Adventures of Winnie the Pooh,1,15
2026-09-17 19:30,2026-09-17 19:27,Fantasyland,2992,Voyage to the Crystal Grotto,0,0
2026-09-17 19:30,2026-09-17 19:27,Gardens of Imagination,3896,Become Iron Man at the Marvel Universe,1,10
2026-09-17 19:30,2026-09-17 19:27,Gardens of Imagination,2993,Dumbo the Flying Elephant,0,0
2026-09-17 19:30,2026-09-17 19:27,Gardens of Imagination,2994,Fantasia Carousel,1,20
2026-09-17 19:30,2026-09-17 19:27,Gardens of Imagination,3082,Marvel Universe,1,0
2026-09-17 19:30,2026-09-17 19:27,Tomorrowland,2999,Buzz Lightyear Planet Rescue,1,5
2026-09-17 19:30,2026-09-17 19:27,Tomorrowland,3000,Jet Packs,0,0
2026-09-17 19:30,2026-09-17 19:27,Tomorrowland,16392,Pixar Adventurous Journey,0,0
2026-09-17 19:30,2026-09-17 19:27,Tomorrowland,3001,Space Chat With Stitch,0,0
2026-09-17 19:30,2026-09-17 19:27,Tomorrowland,2985,TRON Lightcycle Power Run – Presented by Chevrolet,1,90
2026-09-17 19:30,2026-09-17 19:27,Tomorrowland,4076,"TRON Realm, Chevrolet Digital Challenge",1,0
2026-09-17 19:30,2026-09-17 19:27,Toy Story Land,5633,Rex’s Racer,1,75
2026-09-17 19:30,2026-09-17 19:27,Toy Story Land,5634,Slinky Dog Spin,1,30
2026-09-17 19:30,2026-09-17 19:27,Toy Story Land,5635,Woody’s Roundup,1,40
2026-09-17 19:30,2026-09-17 19:27,Treasure Cove,2995,Explorer Canoes,0,0
2026-09-17 19:30,2026-09-17 19:27,Treasure Cove,2996,Pirates of the Caribbean Battle for the Sunken Treasure,1,5
2026-09-17 19:30,2026-09-17 19:27,Treasure Cove,2997,Shipwreck Shore,1,5
2026-09-17 19:30,2026-09-17 19:27,Treasure Cove,2998,Siren's Revenge,1,5
2026-09-17 19:30,2026-09-17 19:27,Zootopia,13819,Zootopia Hot Pursuit Single Rider,1,0
2026-09-17 19:30,2026-09-17 19:27,Zootopia,12392,Zootopia: Hot Pursuit,1,35
2026-09-17 19:35,2026-09-17 19:32,Adventure Isle,3893,Challenge Trails at Camp Discovery,1,10
2026-09-17 19:35,2026-09-17 19:32,Adventure Isle,16370,Junior Explorers Camp,1,5
2026-09-17 19:35,2026-09-17 19:32,Adventure Isle,2986,Roaring Rapids,1,10
2026-09-17 19:35,2026-09-17 19:32,Adventure Isle,3002,Soaring Over the Horizon,1,35
2026-09-17 19:35,2026-09-17 19:32,Adventure Isle,3901,Vista Trail at Camp Discovery,1,0
2026-09-17 19:35,2026-09-17 19:32,Fantasyland,3080,“Once Upon a Time” Adventure,1,5
2026-09-17 19:35,2026-09-17 19:32,Fantasyland,2987,Alice in Wonderland Maze,0,0
2026-09-17 19:35,2026-09-17 19:32,Fantasyland,2988,Hunny Pot Spin,1,20
2026-09-17 19:35,2026-09-17 19:32,Fantasyland,2989,Peter Pan’s Flight,1,15
2026-09-17 19:35,2026-09-17 19:32,Fantasyland,2990,Seven Dwarfs Mine Train,1,60
2026-09-17 19:35,2026-09-17 19:32,Fantasyland,13818,Seven Dwarfs Mine Train Single Rider,1,0
2026-09-17 19:35,2026-09-17 19:32,Fantasyland,2991,The Many Adventures of Winnie the Pooh,1,20
2026-09-17 19:35,2026-09-17 19:32,Fantasyland,2992,Voyage to the Crystal Grotto,0,0
2026-09-17 19:35,2026-09-17 19:32,Gardens of Imagination,3896,Become Iron Man at the Marvel Universe,1,10
2026-09-17 19:35,2026-09-17 19:32,Gardens of Imagination,2993,Dumbo the Flying Elephant,0,0
2026-09-17 19:35,2026-09-17 19:32,Gardens of Imagination,2994,Fantasia Carousel,1,30
2026-09-17 19:35,2026-09-17 19:32,Gardens of Imagination,3082,Marvel Universe,1,0
2026-09-17 19:35,2026-09-17 19:32,Tomorrowland,2999,Buzz Lightyear Planet Rescue,1,5
2026-09-17 19:35,2026-09-17 19:32,Tomorrowland,3000,Jet Packs,0,0
2026-09-17 19:35,2026-09-17 19:32,Tomorrowland,16392,Pixar Adventurous Journey,0,0
2026-09-17 19:35,2026-09-17 19:32,Tomorrowland,3001,Space Chat With Stitch,0,0
2026-09-17 19:35,2026-09-17 19:32,Tomorrowland,2985,TRON Lightcycle Power Run – Presented by Chevrolet,1,90
2026-09-17 19:35,2026-09-17 19:32,Tomorrowland,4076,"TRON Realm, Chevrolet Digital Challenge",1,0
2026-09-17 19:35,2026-09-17 19:32,Toy Story Land,5633,Rex’s Racer,1,75
2026-09-17 19:35,2026-09-17 19:32,Toy Story Land,5634,Slinky Dog Spin,1,30
2026-09-17 19:35,2026-09-17 19:32,Toy Story Land,5635,Woody’s Roundup,1,40
2026-09-17 19:35,2026-09-17 19:32,Treasure Cove,2995,Explorer Canoes,0,0
2026-09-17 19:35,2026-09-17 19:32,Treasure Cove,2996,Pirates of the Caribbean Battle for the Sunken Treasure,1,5
2026-09-17 19:35,2026-09-17 19:32,Treasure Cove,2997,Shipwreck Shore,1,5
2026-09-17 19:35,2026-09-17 19:32,Treasure Cove,2998,Siren's Revenge,1,5
2026-09-17 19:35,2026-09-17 19:32,Zootopia,13819,Zootopia Hot Pursuit Single Rider,1,0
2026-09-17 19:35,2026-09-17 19:32,Zootopia,12392,Zootopia: Hot Pursuit,1,35
2026-09-17 19:40,2026-09-17 19:37,Adventure Isle,3893,Challenge Trails at Camp Discovery,1,10
2026-09-17 19:40,2026-09-17 19:37,Adventure Isle,16370,Junior Explorers Camp,1,5
2026-09-17 19:40,2026-09-17 19:37,Adventure Isle,2986,Roaring Rapids,1,10
2026-09-17 19:40,2026-09-17 19:37,Adventure Isle,3002,Soaring Over the Horizon,1,35
2026-09-17 19:40,2026-09-17 19:37,Adventure Isle,3901,Vista Trail at Camp Discovery,1,0
2026-09-17 19:40,2026-09-17 19:37,Fantasyland,3080,“Once Upon a Time” Adventure,1,5
2026-09-17 19:40,2026-09-17 19:37,Fantasyland,2987,Alice in Wonderland Maze,0,0
2026-09-17 19:40,2026-09-17 19:37,Fantasyland,2988,Hunny Pot Spin,1,20
2026-09-17 19:40,2026-09-17 19:37,Fantasyland,2989,Peter Pan’s Flight,1,15
2026-09-17 19:40,2026-09-17 19:37,Fantasyland,2990,Seven Dwarfs Mine Train,1,60
2026-09-17 19:40,2026-09-17 19:37,Fantasyland,13818,Seven Dwarfs Mine Train Single Rider,1,0
2026-09-17 19:40,2026-09-17 19:37,Fantasyland,2991,The Many Adventures of Winnie the Pooh,1,25
2026-09-17 19:40,2026-09-17 19:37,Fantasyland,2992,Voyage to the Crystal Grotto,0,0
2026-09-17 19:40,2026-09-17 19:37,Gardens of Imagination,3896,Become Iron Man at the Marvel Universe,1,10
2026-09-17 19:40,2026-09-17 19:37,Gardens of Imagination,2993,Dumbo the Flying Elephant,0,0
2026-09-17 19:40,2026-09-17 19:37,Gardens of Imagination,2994,Fantasia Carousel,1,30
2026-09-17 19:40,2026-09-17 19:37,Gardens of Imagination,3082,Marvel Universe,1,0
2026-09-17 19:40,2026-09-17 19:37,Tomorrowland,2999,Buzz Lightyear Planet Rescue,1,5
2026-09-17 19:40,2026-09-17 19:37,Tomorrowland,3000,Jet Packs,0,0
2026-09-17 19:40,2026-09-17 19:37,Tomorrowland,16392,Pixar Adventurous Journey,0,0
2026-09-17 19:40,2026-09-17 19:37,Tomorrowland,3001,Space Chat With Stitch,0,0
2026-09-17 19:40,2026-09-17 19:37,Tomorrowland,2985,TRON Lightcycle Power Run – Presented by Chevrolet,1,75
2026-09-17 19:40,2026-09-17 19:37,Tomorrowland,4076,"TRON Realm, Chevrolet Digital Challenge",1,0
2026-09-17 19:40,2026-09-17 19:37,Toy Story Land,5633,Rex’s Racer,1,75
2026-09-17 19:40,2026-09-17 19:37,Toy Story Land,5634,Slinky Dog Spin,1,30
2026-09-17 19:40,2026-09-17 19:37,Toy Story Land,5635,Woody’s Roundup,1,40
2026-09-17 19:40,2026-09-17 19:37,Treasure Cove,2995,Explorer Canoes,0,0
2026-09-17 19:40,2026-09-17 19:37,Treasure Cove,2996,Pirates of the Caribbean Battle for the Sunken Treasure,1,5
2026-09-17 19:40,2026-09-17 19:37,Treasure Cove,2997,Shipwreck Shore,1,5
2026-09-17 19:40,2026-09-17 19:37,Treasure Cove,2998,Siren's Revenge,1,5
2026-09-17 19:40,2026-09-17 19:37,Zootopia,13819,Zootopia Hot Pursuit Single Rider,1,0
2026-09-17 19:40,2026-09-17 19:37,Zootopia,12392,Zootopia: Hot Pursuit,1,35
2026-09-17 19:45,2026-09-17 19:42,Adventure Isle,3893,Challenge Trails at Camp Discovery,1,10
2026-09-17 19:45,2026-09-17 19:42,Adventure Isle,16370,Junior Explorers Camp,1,5
2026-09-17 19:45,2026-09-17 19:42,Adventure Isle,2986,Roaring Rapids,1,10
2026-09-17 19:45,2026-09-17 19:42,Adventure Isle,3002,Soaring Over the Horizon,1,35
2026-09-17 19:45,2026-09-17 19:42,Adventure Isle,3901,Vista Trail at Camp Discovery,1,0
2026-09-17 19:45,2026-09-17 19:42,Fantasyland,3080,“Once Upon a Time” Adventure,1,5
2026-09-17 19:45,2026-09-17 19:42,Fantasyland,2987,Alice in Wonderland Maze,0,0
2026-09-17 19:45,2026-09-17 19:42,Fantasyland,2988,Hunny Pot Spin,1,20
2026-09-17 19:45,2026-09-17 19:42,Fantasyland,2989,Peter Pan’s Flight,1,20
2026-09-17 19:45,2026-09-17 19:42,Fantasyland,2990,Seven Dwarfs Mine Train,1,60
2026-09-17 19:45,2026-09-17 19:42,Fantasyland,13818,Seven Dwarfs Mine Train Single Rider,1,0
2026-09-17 19:45,2026-09-17 19:42,Fantasyland,2991,The Many Adventures of Winnie the Pooh,1,25
2026-09-17 19:45,2026-09-17 19:42,Fantasyland,2992,Voyage to the Crystal Grotto,0,0
2026-09-17 19:45,2026-09-17 19:42,Gardens of Imagination,3896,Become Iron Man at the Marvel Universe,1,10
2026-09-17 19:45,2026-09-17 19:42,Gardens of Imagination,2993,Dumbo the Flying Elephant,0,0
2026-09-17 19:45,2026-09-17 19:42,Gardens of Imagination,2994,Fantasia Carousel,1,30
2026-09-17 19:45,2026-09-17 19:42,Gardens of Imagination,3082,Marvel Universe,1,0
2026-09-17 19:45,2026-09-17 19:42,Tomorrowland,2999,Buzz Lightyear Planet Rescue,1,5
2026-09-17 19:45,2026-09-17 19:42,Tomorrowland,3000,Jet Packs,0,0
2026-09-17 19:45,2026-09-17 19:42,Tomorrowland,16392,Pixar Adventurous Journey,0,0
2026-09-17 19:45,2026-09-17 19:42,Tomorrowland,3001,Space Chat With Stitch,0,0
2026-09-17 19:45,2026-09-17 19:42,Tomorrowland,2985,TRON Lightcycle Power Run – Presented by Chevrolet,1,75
2026-09-17 19:45,2026-09-17 19:42,Tomorrowland,4076,"TRON Realm, Chevrolet Digital Challenge",1,0
2026-09-17 19:45,2026-09-17 19:42,Toy Story Land,5633,Rex’s Racer,1,75
2026-09-17 19:45,2026-09-17 19:42,Toy Story Land,5634,Slinky Dog Spin,1,30
2026-09-17 19:45,2026-09-17 19:42,Toy Story Land,5635,Woody’s Roundup,1,40
2026-09-17 19:45,2026-09-17 19:42,Treasure Cove,2995,Explorer Canoes,0,0
2026-09-17 19:45,2026-09-17 19:42,Treasure Cove,2996,Pirates of the Caribbean Battle for the Sunken Treasure,1,5
2026-09-17 19:45,2026-09-17 19:42,Treasure Cove,2997,Shipwreck Shore,1,5
2026-09-17 19:45,2026-09-17 19:42,Treasure Cove,2998,Siren's Revenge,1,5
2026-09-17 19:45,2026-09-17 19:42,Zootopia,13819,Zootopia Hot Pursuit Single Rider,1,0
2026-09-17 19:45,2026-09-17 19:42,Zootopia,12392,Zootopia: Hot Pursuit,1,35
2026-09-17 19:50,2026-09-17 19:47,Adventure Isle,3893,Challenge Trails at Camp Discovery,1,10
2026-09-17 19:50,2026-09-17 19:47,Adventure Isle,16370,Junior Explorers Camp,1,5
2026-09-17 19:50,2026-09-17 19:47,Adventure Isle,2986,Roaring Rapids,1,10
2026-09-17 19:50,2026-09-17 19:47,Adventure Isle,3002,Soaring Over the Horizon,1,35
2026-09-17 19:50,2026-09-17 19:47,Adventure Isle,3901,Vista Trail at Camp Discovery,1,0
2026-09-17 19:50,2026-09-17 19:47,Fantasyland,3080,“Once Upon a Time” Adventure,1,5
2026-09-17 19:50,2026-09-17 19:47,Fantasyland,2987,Alice in Wonderland Maze,0,0
2026-09-17 19:50,2026-09-17 19:47,Fantasyland,2988,Hunny Pot Spin,1,20
2026-09-17 19:50,2026-09-17 19:47,Fantasyland,2989,Peter Pan’s Flight,1,20
2026-09-17 19:50,2026-09-17 19:47,Fantasyland,2990,Seven Dwarfs Mine Train,1,50
2026-09-17 19:50,2026-09-17 19:47,Fantasyland,13818,Seven Dwarfs Mine Train Single Rider,1,0
2026-09-17 19:50,2026-09-17 19:47,Fantasyland,2991,The Many Adventures of Winnie the Pooh,1,25
2026-09-17 19:50,2026-09-17 19:47,Fantasyland,2992,Voyage to the Crystal Grotto,0,0
2026-09-17 19:50,2026-09-17 19:47,Gardens of Imagination,3896,Become Iron Man at the Marvel Universe,1,5
2026-09-17 19:50,2026-09-17 19:47,Gardens of Imagination,2993,Dumbo the Flying Elephant,0,0
2026-09-17 19:50,2026-09-17 19:47,Gardens of Imagination,2994,Fantasia Carousel,1,30
2026-09-17 19:50,2026-09-17 19:47,Gardens of Imagination,3082,Marvel Universe,1,0
2026-09-17 19:50,2026-09-17 19:47,Tomorrowland,2999,Buzz Lightyear Planet Rescue,1,5
2026-09-17 19:50,2026-09-17 19:47,Tomorrowland,3000,Jet Packs,0,0
2026-09-17 19:50,2026-09-17 19:47,Tomorrowland,16392,Pixar Adventurous Journey,0,0
2026-09-17 19:50,2026-09-17 19:47,Tomorrowland,3001,Space Chat With Stitch,0,0
2026-09-17 19:50,2026-09-17 19:47,Tomorrowland,2985,TRON Lightcycle Power Run – Presented by Chevrolet,1,60
2026-09-17 19:50,2026-09-17 19:47,Tomorrowland,4076,"TRON Realm, Chevrolet Digital Challenge",1,0
2026-09-17 19:50,2026-09-17 19:47,Toy Story Land,5633,Rex’s Racer,1,60
2026-09-17 19:50,2026-09-17 19:47,Toy Story Land,5634,Slinky Dog Spin,1,30
2026-09-17 19:50,2026-09-17 19:47,Toy Story Land,5635,Woody’s Roundup,1,40
2026-09-17 19:50,2026-09-17 19:47,Treasure Cove,2995,Explorer Canoes,0,0
2026-09-17 19:50,2026-09-17 19:47,Treasure Cove,2996,Pirates of the Caribbean Battle for the Sunken Treasure,1,5
2026-09-17 19:50,2026-09-17 19:47,Treasure Cove,2997,Shipwreck Shore,1,5
2026-09-17 19:50,2026-09-17 19:47,Treasure Cove,2998,Siren's Revenge,1,5
2026-09-17 19:50,2026-09-17 19:47,Zootopia,13819,Zootopia Hot Pursuit Single Rider,1,0
2026-09-17 19:50,2026-09-17 19:47,Zootopia,12392,Zootopia: Hot Pursuit,1,35
2026-09-17 19:55,2026-09-17 19:52,Adventure Isle,3893,Challenge Trails at Camp Discovery,1,10
2026-09-17 19:55,2026-09-17 19:52,Adventure Isle,16370,Junior Explorers Camp,1,5
2026-09-17 19:55,2026-09-17 19:52,Adventure Isle,2986,Roaring Rapids,1,10
2026-09-17 19:55,2026-09-17 19:52,Adventure Isle,3002,Soaring Over the Horizon,1,35
2026-09-17 19:55,2026-09-17 19:52,Adventure Isle,3901,Vista Trail at Camp Discovery,1,0
2026-09-17 19:55,2026-09-17 19:52,Fantasyland,3080,“Once Upon a Time” Adventure,1,5
2026-09-17 19:55,2026-09-17 19:52,Fantasyland,2987,Alice in Wonderland Maze,0,0
2026-09-17 19:55,2026-09-17 19:52,Fantasyland,2988,Hunny Pot Spin,1,20
2026-09-17 19:55,2026-09-17 19:52,Fantasyland,2989,Peter Pan’s Flight,1,25
2026-09-17 19:55,2026-09-17 19:52,Fantasyland,2990,Seven Dwarfs Mine Train,1,50
2026-09-17 19:55,2026-09-17 19:52,Fantasyland,13818,Seven Dwarfs Mine Train Single Rider,1,0
2026-09-17 19:55,2026-09-17 19:52,Fantasyland,2991,The Many Adventures of Winnie the Pooh,1,25
2026-09-17 19:55,2026-09-17 19:52,Fantasyland,2992,Voyage to the Crystal Grotto,0,0
2026-09-17 19:55,2026-09-17 19:52,Gardens of Imagination,3896,Become Iron Man at the Marvel Universe,1,5
2026-09-17 19:55,2026-09-17 19:52,Gardens of Imagination,2993,Dumbo the Flying Elephant,0,0
2026-09-17 19:55,2026-09-17 19:52,Gardens of Imagination,2994,Fantasia Carousel,1,30
2026-09-17 19:55,2026-09-17 19:52,Gardens of Imagination,3082,Marvel Universe,1,0
2026-09-17 19:55,2026-09-17 19:52,Tomorrowland,2999,Buzz Lightyear Planet Rescue,1,5
2026-09-17 19:55,2026-09-17 19:52,Tomorrowland,3000,Jet Packs,0,0
2026-09-17 19:55,2026-09-17 19:52,Tomorrowland,16392,Pixar Adventurous Journey,0,0
2026-09-17 19:55,2026-09-17 19:52,Tomorrowland,3001,Space Chat With Stitch,0,0
2026-09-17 19:55,2026-09-17 19:52,Tomorrowland,2985,TRON Lightcycle Power Run – Presented by Chevrolet,1,60
2026-09-17 19:55,2026-09-17 19:52,Tomorrowland,4076,"TRON Realm, Chevrolet Digital Challenge",1,0
2026-09-17 19:55,2026-09-17 19:52,Toy Story Land,5633,Rex’s Racer,1,50
2026-09-17 19:55,2026-09-17 19:52,Toy Story Land,5634,Slinky Dog Spin,1,30
2026-09-17 19:55,2026-09-17 19:52,Toy Story Land,5635,Woody’s Roundup,1,40
2026-09-17 19:55,2026-09-17 19:52,Treasure Cove,2995,Explorer Canoes,0,0
2026-09-17 19:55,2026-09-17 19:52,Treasure Cove,2996,Pirates of the Caribbean Battle for the Sunken Treasure,1,5
2026-09-17 19:55,2026-09-17 19:52,Treasure Cove,2997,Shipwreck Shore,1,5
2026-09-17 19:55,2026-09-17 19:52,Treasure Cove,2998,Siren's Revenge,1,5
2026-09-17 19:55,2026-09-17 19:52,Zootopia,13819,Zootopia Hot Pursuit Single Rider,1,0
2026-09-17 19:55,2026-09-17 19:52,Zootopia,12392,Zootopia: Hot Pursuit,1,20
2026-09-17 20:00,2026-09-17 19:57,Adventure Isle,3893,Challenge Trails at Camp Discovery,1,10
2026-09-17 20:00,2026-09-17 19:57,Adventure Isle,16370,Junior Explorers Camp,1,5
2026-09-17 20:00,2026-09-17 19:57,Adventure Isle,2986,Roaring Rapids,1,10
2026-09-17 20:00,2026-09-17 19:57,Adventure Isle,3002,Soaring Over the Horizon,1,35
2026-09-17 20:00,2026-09-17 19:57,Adventure Isle,3901,Vista Trail at Camp Discovery,1,0
2026-09-17 20:00,2026-09-17 19:57,Fantasyland,3080,“Once Upon a Time” Adventure,1,5
2026-09-17 20:00,2026-09-17 19:57,Fantasyland,2987,Alice in Wonderland Maze,0,0
2026-09-17 20:00,2026-09-17 19:57,Fantasyland,2988,Hunny Pot Spin,1,10
2026-09-17 20:00,2026-09-17 19:57,Fantasyland,2989,Peter Pan’s Flight,1,25
2026-09-17 20:00,2026-09-17 19:57,Fantasyland,2990,Seven Dwarfs Mine Train,1,50
2026-09-17 20:00,2026-09-17 19:57,Fantasyland,13818,Seven Dwarfs Mine Train Single Rider,1,0
2026-09-17 20:00,2026-09-17 19:57,Fantasyland,2991,The Many Adventures of Winnie the Pooh,1,15
2026-09-17 20:00,2026-09-17 19:57,Fantasyland,2992,Voyage to the Crystal Grotto,0,0
2026-09-17 20:00,2026-09-17 19:57,Gardens of Imagination,3896,Become Iron Man at the Marvel Universe,1,5
2026-09-17 20:00,2026-09-17 19:57,Gardens of Imagination,2993,Dumbo the Flying Elephant,0,0
2026-09-17 20:00,2026-09-17 19:57,Gardens of Imagination,2994,Fantasia Carousel,1,30
2026-09-17 20:00,2026-09-17 19:57,Gardens of Imagination,3082,Marvel Universe,1,0
2026-09-17 20:00,2026-09-17 19:57,Tomorrowland,2999,Buzz Lightyear Planet Rescue,1,5
2026-09-17 20:00,2026-09-17 19:57,Tomorrowland,3000,Jet Packs,0,0
2026-09-17 20:00,2026-09-17 19:57,Tomorrowland,16392,Pixar Adventurous Journey,0,0
2026-09-17 20:00,2026-09-17 19:57,Tomorrowland,3001,Space Chat With Stitch,0,0
2026-09-17 20:00,2026-09-17 19:57,Tomorrowland,2985,TRON Lightcycle Power Run – Presented by Chevrolet,1,60
2026-09-17 20:00,2026-09-17 19:57,Tomorrowland,4076,"TRON Realm, Chevrolet Digital Challenge",1,0
2026-09-17 20:00,2026-09-17 19:57,Toy Story Land,5633,Rex’s Racer,1,50
2026-09-17 20:00,2026-09-17 19:57,Toy Story Land,5634,Slinky Dog Spin,1,30
2026-09-17 20:00,2026-09-17 19:57,Toy Story Land,5635,Woody’s Roundup,1,30
2026-09-17 20:00,2026-09-17 19:57,Treasure Cove,2995,Explorer Canoes,0,0
2026-09-17 20:00,2026-09-17 19:57,Treasure Cove,2996,Pirates of the Caribbean Battle for the Sunken Treasure,1,5
2026-09-17 20:00,2026-09-17 19:57,Treasure Cove,2997,Shipwreck Shore,1,5
2026-09-17 20:00,2026-09-17 19:57,Treasure Cove,2998,Siren's Revenge,1,5
2026-09-17 20:00,2026-09-17 19:57,Zootopia,13819,Zootopia Hot Pursuit Single Rider,1,0
2026-09-17 20:00,2026-09-17 19:57,Zootopia,12392,Zootopia: Hot Pursuit,1,20
2026-09-17 20:05,2026-09-17 20:02,Adventure Isle,3893,Challenge Trails at Camp Discovery,1,10
2026-09-17 20:05,2026-09-17 20:02,Adventure Isle,16370,Junior Explorers Camp,1,5
2026-09-17 20:05,2026-09-17 20:02,Adventure Isle,2986,Roaring Rapids,1,10
2026-09-17 20:05,2026-09-17 20:02,Adventure Isle,3002,Soaring Over the Horizon,1,35
2026-09-17 20:05,2026-09-17 20:02,Adventure Isle,3901,Vista Trail at Camp Discovery,1,0
2026-09-17 20:05,2026-09-17 20:02,Fantasyland,3080,“Once Upon a Time” Adventure,1,5
2026-09-17 20:05,2026-09-17 20:02,Fantasyland,2987,Alice in Wonderland Maze,0,0
2026-09-17 20:05,2026-09-17 20:02,Fantasyland,2988,Hunny Pot Spin,1,10
2026-09-17 20:05,2026-09-17 20:02,Fantasyland,2989,Peter Pan’s Flight,1,20
2026-09-17 20:05,2026-09-17 20:02,Fantasyland,2990,Seven Dwarfs Mine Train,1,50
2026-09-17 20:05,2026-09-17 20:02,Fantasyland,13818,Seven Dwarfs Mine Train Single Rider,1,0
2026-09-17 20:05,2026-09-17 20:02,Fantasyland,2991,The Many Adventures of Winnie the Pooh,1,10
2026-09-17 20:05,2026-09-17 20:02,Fantasyland,2992,Voyage to the Crystal Grotto,0,0
2026-09-17 20:05,2026-09-17 20:02,Gardens of Imagination,3896,Become Iron Man at the Marvel Universe,1,5
2026-09-17 20:05,2026-09-17 20:02,Gardens of Imagination,2993,Dumbo the Flying Elephant,0,0
2026-09-17 20:05,2026-09-17 20:02,Gardens of Imagination,2994,Fantasia Carousel,1,30
2026-09-17 20:05,2026-09-17 20:02,Gardens of Imagination,3082,Marvel Universe,1,0
2026-09-17 20:05,2026-09-17 20:02,Tomorrowland,2999,Buzz Lightyear Planet Rescue,1,5
2026-09-17 20:05,2026-09-17 20:02,Tomorrowland,3000,Jet Packs,0,0
2026-09-17 20:05,2026-09-17 20:02,Tomorrowland,16392,Pixar Adventurous Journey,0,0
2026-09-17 20:05,2026-09-17 20:02,Tomorrowland,3001,Space Chat With Stitch,0,0
2026-09-17 20:05,2026-09-17 20:02,Tomorrowland,2985,TRON Lightcycle Power Run – Presented by Chevrolet,1,60
2026-09-17 20:05,2026-09-17 20:02,Tomorrowland,4076,"TRON Realm, Chevrolet Digital Challenge",1,0
2026-09-17 20:05,2026-09-17 20:02,Toy Story Land,5633,Rex’s Racer,1,40
2026-09-17 20:05,2026-09-17 20:02,Toy Story Land,5634,Slinky Dog Spin,1,30
2026-09-17 20:05,2026-09-17 20:02,Toy Story Land,5635,Woody’s Roundup,1,30
2026-09-17 20:05,2026-09-17 20:02,Treasure Cove,2995,Explorer Canoes,0,0
2026-09-17 20:05,2026-09-17 20:02,Treasure Cove,2996,Pirates of the Caribbean Battle for the Sunken Treasure,1,5
2026-09-17 20:05,2026-09-17 20:02,Treasure Cove,2997,Shipwreck Shore,1,5
2026-09-17 20:05,2026-09-17 20:02,Treasure Cove,2998,Siren's Revenge,1,5
2026-09-17 20:05,2026-09-17 20:02,Zootopia,13819,Zootopia Hot Pursuit Single Rider,1,0
2026-09-17 20:05,2026-09-17 20:02,Zootopia,12392,Zootopia: Hot Pursuit,1,20
